id,Titulo,Autor,Ubicacion,Colección
000000235,La peste : texto completo,"Camus, Albert",843/CAM/pe,LITGE
000000284,Taiñ tukulpan kuifike dungun = Recordando nuestra historia,"Coroso Huenchugñir, Florentino",Ch898.3/TAI/ku,LITCH
000000927,La guerra y la paz,"Tolstoy, Léon, graf",891.73/TOL/gu,LITGE
000001386,Doctor Zhivago,"Pasternak, Boris",891.73/PAS/do,LITGE
000001473,Por siempre tango,"Abufhele Halabi, Eduardo",781.55/ABU/si,LITGE
000002276,Bomarzo,"Mujica Láinez, Manuel",A863/MUJ/bo,LITGE
000003617,Ultimo curso en Torres de Malory,"Blyton, Enid",823/BLY/ul,JUVEN
000003618,Quinto grado en Santa Clara,"Blyton, Enid",823/BLY/qu,JUVEN
000004537,El embrujo de la fortuna,"Bourne, Peter",813/BOU/emb,LITGE
000004980,La vida es sueño,"Calderón de la Barca, Pedro",862/CAL/vi,LITGE
000005758,"Bodas de sangre, y, Antología poética : (selección)","García Lorca, Federico",862/GAR/bo,LITGE
000006109,Cantar de Mío Cid,El Cid Campeador,861.03/CID/ca,LITGE
000006130,A sangre fría : relato fidedigno de un asesinato múltiple,"Capote, Truman",813/CAP/sa,LITGE
000006199,"Dónde estás, Constanza --","Rosasco, José Luis",Ch863/ROS/do,LITGE
000006454,París era una fiesta,"Hemingway, Ernest",928.1/HEM/pa,LITGE
000006734,"La vida es sueño ; y, El gran teatro del mundo","Calderón de la Barca, Pedro",862/CAL/vi,LITGE
000006860,La Celestina : tragicomedia de Calisto y Melibea,"Rojas, Fernando de, -",862/ROJ/ce,LITGE
000008908,El Cantar de Mio Cid,El Cid Campeador,861/CAN,LITGE
000009768,Cinco pepitas de naranja ; El mendigo de la cicatriz,"Doyle, Arthur Conan",823/DOY/ci,LITGE
000010216,Poesía selecta,"Manrique, Jorge, -",861.008/MAN/po,LITGE
000010353,La hora veinticinco : versión completa,"Gheorghiu, Constantin Virgil",859.3/GHE/ho,LITGE
000010438,Poesía selecta,"Góngora y Argote, Luis de",861.008/GON/po,LITGE
000010683,La última niebla,"Bombal, María Luisa",Ch863/BOM/ul,LITCH
000010684,La vorágine,"Rivera, José Eustasio",C863/RIV/vo,LITGE
000010717,La vida es sueño : [obra completa],"Calderón de la Barca, Pedro",862/CAL/vi,LITCH
000011285,Marianela,"Pérez Galdós, Benito",863/PER/ma,LITGE
000011448,Condorito,Pepo,741.59/PEP/co,COMIC
000011553,Sub-terra,"Lillo, Baldomero",Ch863/LIL/su,LITCH
000013273,El fantasma de Canterville y otras historias,"Wilde, Oscar",823/WIL/fa,LITGE
000014647,El príncipe y el mendigo,"Twain, Mark",813/TWA/pr,LITGE
000014676,"Simbad el marino y otros cuentos de ""Las mil y una noches""",Simbad el marino. Español,892.73/SIM,LITGE
000015774,Un capitán de quince años,"Verne, Jules",843/VER/ca,LITGE
000017004,La juventud de los ocho primos,"Alcott, Louisa May",813/ALC/ju,LITGE
000018202,Caballo de Troya 4,"Benítez, J. J",863/BEN/ca,LITGE
000018865,Diario,"Oyarzún, Luis",Ch868/OYA/di,LITCH
000019103,Santiago cero,"Franz, Carlos",Ch863/FRA/sa,LITCH
000020765,"Lautaro, joven libertador de Arauco","Alegría, Fernando",Ch863/ALE/la,LITCH
000021082,Un Ratón de biblioteca,"Beuchat, Cecilia",808.899/CEC/ra,LITGE
000021469,Ivanhoe,"Scott, Sir Walter",839.73/LAG/ma,LITGE
000021507,Poemas migratorios,"Cárdenas, Rolando",Ch863/HER/re,INFAN
000021665,El chileno que unió dos continentes,"Camus Riquelme, Francisco",Ch863/CAM/Ch,LITGE
000024008,Diario secreto de Papelucho y el Marciano,"Paz, Marcela",Ch863/PAZ/di,LITGE
000024010,El roto,"Edwards Bello, Joaquín",Ch863/EDW/ro,LITGE
000024465,Lanchas en la bahía,"Rojas, Manuel",Ch863/ROJ/la,LITCH
000024678,El fiscal,"Roa Bastos, Augusto",Pe863/ROA/fi,LITGE
000024719,Cinco semanas en globo,"Verne, Jules",843/VER/ci,LITGE
000025063,El capitán tormenta ; El león de Damasco,"Salgari, Emilio",853/SAL/ca,LITGE
000025273,"Adiós, Mr. Chips","Hilton, James",820/HIL/ad,LITGE
000025279,El trueno entre las hojas y otros cuentos,"Roa Bastos, Augusto",Ch863/SIM/ma,LITCH
000025371,Nada menos que todo un hombre,"Unamuno, Miguel de",863/UNA/na,LITGE
000025399,El castillo negro en el desierto,"Güiraldes, Ana María",Ch861/GUI/ca,LITCH
000025426,Las pantuflas de Stalin y otras historias,"Varas, José Miguel",Ch863/VAR7/pa,LITCH
000026209,Antai : las historias del príncipe de los Licanantai,"Schkolnik, Saúl",Ch863/SCh/an,LITGE
000026315,Miguel Galleguillos Herrera : el patriarca del canto a lo divino,"Galleguillos, Miguel",863/PER/co,LITGE
000026342,"Curicó, 250 años de historia","Ramirez Merino, Oscar, comp",983.332/CUR,REGIO
000026757,El último grumete de la Baquedano,"Coloane, Francisco",Ch863/COL/ul,LITGE
000026923,El extraño caso del doctor Jekyll y de mister Hyde,"Stevenson, Robert Louis",823/STE/ex,LITGE
000026989,Mi planta de naranja-lima,"Vasconcelos, José Mauro de",B869.3/VAS/mi,LITGE
000027227,De la tierra a la luna : viaje en 97 horas y 20 minutos,"Verne, Jules",843/VER/ti,LITGE
000027361,La importancia de llamarse Ernesto ; Un marido ideal,"Wilde, Oscar",822/WIL/im,LITGE
000028226,Sonambulismos,"Lagos de Kassai, María Soledad",Ch863/LAG/so,LITCH
000028752,La amortajada,"Bombal, María Luisa",Ch863/BOM/am,LITCH
000028755,Mama Rosa,"Debesa, Fernando",Ch862/DEB/ma,LITGE
000029012,Ternura,"Mistral, Gabriela",Ch861/MIS/te,LITGE
000029507,La espada mágica,"Solar, Hernán del",Ch863/SOL/es,LITCH
000029578,La nave de los locos,"Peri Rossi, Cristina",U863/PER/na,LITGE
000029684,Fuenteovejuna,"Vega, Lope de",862/VEG/fu,LITGE
000029730,El faro del fin del mundo,"Verne, Jules",843/VER/fa,LITGE
000029845,La cabaña del tío Tom,"Stowe, Harriet Beecher",813/STO/ca,LITGE
000029861,Viaje al centro de la tierra,"Verne, Jules",843/VER/vi,LITGE
000029898,Los de abajo,"Azuela, Mariano",M863/AZU/ab,LITGE
000029917,El mago de Oz,"Baum, Frank",813/BAU/mag,INFAN
000030027,Velero anclado : crónicas,"Coloane, Francisco",Ch/868/COL/ve,LITGE
000030031,La isla del tesoro,"Stevenson, Robert Louis",823/STE/is,LITGE
000030210,Teatro y fantasia : tres obras de teatro infantiles,"Pacheco M., Luz, adapt",808.82935/PAC/te,LITGE
000030213,Bola de sebo y otros cuentos,"Maupassant, Guy de",843/MAU/bo,LITGE
000030216,Aquellas mujercitas,"Alcott, Louisa May",813/ALC/aq,LITCH
000030274,Ruleta rusa,"Rodríguez Alvarado, Alejandra",Ch861/ROD/ru,LITGE
000030711,Romancero gitano,"García Lorca, Federico",861/GAR/ro,LITGE
000031003,Los piratas de la Malasia,"Salgari, Emilio",853/SAL/pi,LITGE
000031267,Cae la noche tropical,"Puig, Manuel",A863/PUI/cae,LITGE
000031399,"María, la portaestandarte","Bandeira, Pedro",B869/BAN/ma,LITGE
000031415,Chipana,"Carvajal, Víctor",Ch863/CAR/Ch,INFAN
000031461,Fábulas de Iriarte,"Iriarte, Tomás de",863/IRI/fa,LITGE
000031513,1973. El relato chileno visto desde el exterior,"Promis, José, ed",Ch863.009/PRO/re,LITCH
000034605,Chimalpopoca : niño azteca,"Balcells, Jacqueline",Ch863/BAL/Ch,LITCH
000036665,El león triunfante Philippa Carr [pseud.] ; trad. por Ariel Bignani,"Plaidy, Jean",823/CAR/le,LITGE
000036818,Páginas escogidas,"Martí, José",Cu868/MAR/pa,LITGE
000037281,El Niño que fue,"Bombal, María Luisa",Ch868/BOM/ni,LITGE
000037595,Historia de un caballo,"Tolstoi, León, graf",891.73/TOL/hi,LITGE
000037774,El hijo del carpintero,"Capo, Jesús",863/CAP/hi,LITGE
000037984,La pasíon de Iñaki,"Rodríguez Elizondo, José",Ch863/ROD/pa,LITCH
000038212,Los amigos de Ernestina,"Flores, Enriqueta",Ch863/FLO/am,LITCH
000038901,Mujeres de ojos grandes,"Mastretta, Angeles",M863/MAS/mu,LITGE
000038937,Sobre héroes y tumbas,"Sabato, Ernesto",A863/SAB/so,LITGE
000039056,Maradentro,"Blanco, Marta",Ch863/BLA/ma,LITCH
000039164,La novela de Galvarino y Elena,"Varas Calvo, José Miguel",Ch863/VAR/no,LITCH
000039286,En voz baja,"Costamagna, Alejandra",Ch863/COS/en,LITCH
000039372,La ciudad de oro y de plomo,"Christopher, John",823/ChR/ci,LITGE
000039621,Cuentos extraviados,Concurso de Cuentos de Revista Paula Santiago,Ch863.008/CON/cu,LITGE
000039657,Donoso 70 Años,Coloquio Internacional de Escritores,Ch863/DON,LITCH
000039665,En el camino,"Kerouac, Jack",813/KER/en,LITGE
000039680,El lugar donde estuvo el paraíso,"Franz, Carlos",Ch863/FRA/lu,LITCH
000039916,El estanque de fuego,"Christopher, John",823/ChR/es,LITCH
000040251,El nadador,"Contreras, Gonzalo",Ch863/CON/na,LITGE
000040336,"Literatura chilena, apuntes de un tiempo : 1970-1995","Quezada, Jaime",Ch860.9004/QUE/li,LITCH
000040411,Caracol Beach,"Alberto, Eliseo",CU863/ALB/ca,LITGE
000040444,"Margarita, está linda la mar","Ramírez, Sergio",N863/RAM/ma,LITGE
000040499,Caracol Beach,"Alberto, Eliseo",Cu863/ALB/ca,LITCH
000040542,Uñas de muerto,"Uribe Etxeverría, Juan Pablo",Ch863/URI/uñ,LITCH
000040880,Vivir no es nada nuevo,"Azócar, Pablo",Ch863/AZO/vi,LITCH
000040895,Armonia rota,"Wood, Barbara",813/WOD/ar,LITGE
000040943,El estanque de fuego,"Christopher, John",823/ChR/es,LITGE
000041033,Mil soles,"Lapierre, Dominique",843/LAP/mi,LITGE
000041110,Luna de locos,"Kempff Suárez, Manfredo",B863/KEM/lu,LITGE
000041112,La desesperanza,"Donoso, José",Ch863/DON/de,LITCH
000041166,Queridos monstruos : (10 cuentos para ponerte los pelos de punta),"Bornemann, Elsa",A863/BOR/qu,INFAN
000041214,Diario de un killer sentimental ; Seguido de Yacaré,"Sepúlveda, Luis",Ch863/SEP/di,LITCH
000041376,El Patito feo,"Andersen, H. C., Hans Christian",839.813/AND/pa,INFAN
000041388,De aquí y de allá : cuentos,"Padilla Contreras, Iris",Ch863/PAD/aq,LITCH
000041412,Queso de cabeza y otros cuentos,Concurso de Cuentos de Revista Paula Santiago,Ch863.008/CON/qu,LITCH
000041458,De compras,"Colella, Olga",649-68/COM,INFAN
000041717,Teatro chileno contemporáneo,"Heiremans, Luis Alberto",Ch862/HEI/te,LITCH
000042433,Cuando éramos inmortales,"Fontaine Talavera, Arturo",Ch863/FON/cu,LITGE
000042555,El chileno de maleta,"Romero, Graciela",Ch867/ROM/Ch,LITCH
000042697,La muerte y la doncella,"Dorfman, Ariel",Ch862/DOR/mue,LITGE
000042792,Santiago oscuro,"Puente, Rodrigo",Ch863/PUE/sa,LITCH
000043115,Teatro selecto de Daniel Barros Grez,"Barros Grez, Daniel",Ch862/BAR/te,LITCH
000043212,El peor de los héroes,"Brodsky, Roberto",Ch863/BRO/pe,LITCH
000043324,Diez obras de fin de siglo,"Griffero, Ramón",Ch862/GRI/di,LITCH
000043786,El gigante egoísta y otros cuentos,"Wilde, Oscar",823/WIL/fan,LITGE
000043865,Cuentos campesinos,"Sepúlveda Llanos, Fidel, comp",Ch863/SEP/cu,LITCH
000043932,La niña azul,"Rosasco, José Luis",Ch863/ROS/ni,LITCH
000044318,Desafueros : ocho cuentos para desnudar a los políticos,"Rojas, Alejandra",Ch863/ROJ/de,LITCH
000044482,Matilda,"Dahl, Roald",823/DAH/ma,LITGE
000044811,Trenes nocturnos,"Wood, Barbara",823/W873/,LITGE
000044925,Santo Roto,"Sutherland, Juan Pablo",Ch863/SUT/sa,LITCH
000045288,Todo el amor en sus ojos,"Muñoz Valenzuela, Diego",Ch863/MUÑ/to,LITCH
000045353,"Tierra, indio, mujer : pensamiento social de Gabriela Mistral","Figueroa, Lorena",Ch863/FIG/ti,LITCH
000045929,Un Saco de huesos,"King, Stephen",813/KIN/sa,LITGE
000046073,Chile : con el voto a dos manos,"Romero, Graciela",Ch867/ROM/ch,LITGE
000046074,A patadas con la web : internet para principiantes,"Romero, Graciela",Ch867/ROM/ap,LITCH
000046077,Escenario de guerra,"Jeftanovic, Andrea",Ch863/JEF/es,LITCH
000046090,Novelas enanas,"Parra, Marco Antonio de la",Ch863/PAR/no,LITCH
000046091,Dama en el jardín,"Rivas, Carolina",Ch863/RIV/da,LITCH
000046151,El sol de Breda,"Pérez-Reverte, Arturo",863/PER/so,LITGE
000046424,Todos los cuentos,"Quiroga, Horacio",U863/QUI/to,LITGE
000046481,La temible niñasaurio,"Bottner, Barbara",823/BOT/te,INFAN
000046492,La sombra del corregidor : novela de los tiempos coloniales,"Zañartu, Sady",Ch863/ZAÑ/so,LITCH
000046548,Veronika decide morir,"Coelho, Paulo",B869.3/COE/ve,LITGE
000046593,Caballo de Troya 6 : Hermón,"Benítez, J. J",863/BEN/ca,LITGE
000047046,Condorito de oro,Pepo,741.5983/CON,COMIC
000048034,Fausto,"Goethe, Johann Wolfgang von",832/GOE/fa,LITGE
000048354,La práctica de la escritura,"Cavallari, Héctor Mario",H860/CAV/pr,LITGE
000048666,Conjeturas sobre la memoria de mi tribu,"Donoso, José",Ch863/DON/nu,LITCH
000048951,Versos por fusilamiento,"Salinas Campos, Maximiliano A., comp",Ch861.008/VER/fu,LITCH
000049033,Un enano con problemas,"Alliende, Felipe",Ch863/ALL/ena,INFAN
000049074,"Paolo, pintor renacentista","Balcells, Jacqueline",Ch863/BAL/pa,LITCH
000049249,"Judit, guerrera de la fe","Balcells, Jacqueline",Ch863/BAL/ju,JUVEN
000049376,Alberto Blest Gana y su obra,"Poblete Varas, Hernán",Ch863/POB/al,LITCH
000049457,La profetisa,"Wood, Barbara",823/WOO/pr,LITGE
000049478,París en el siglo XX,"Verne, Jules",843/VER/pa,LITGE
000049626,Federico futbolista,"Wilhelm, Hans",833/WIL/fe,LITGE
000050576,El manifiesto negro,"Forsyth, Frederick",823/FOR/emn,LITGE
000050827,Cuando los políticos eran inteligentes,"Lafourcade, Enrique",Ch867/LAF/cu,LITCH
000051015,Cuando era muchacho,"González Vera, José Santos, u -",Ch863/GON/cu,LITCH
000051064,Antología subjetiva,"Díaz, Jorge",Ch862/DIA/an,LITCH
000051282,El Lazarillo de Tormes,Anónimo,863/LAZ,LITGE
000051800,Pulp,"Bukowski, Charles",813/BUK/pu,LITGE
000052137,Butamalón,"Labarca Goddard, Eduardo",Ch863/LAB/bu,LITCH
000052152,Plenilunio,"Muñoz Molina, Antonio",863/MUÑ/pl,LITGE
000052218,La Guerra de Chile,"Ferrecio Podestá, Mario",Ch861/GUE,LITCH
000052326,La ley del amor,"Esquivel, Laura",M863/ESQ/le,LITGE
000052584,El Cáliz de plata : novela,"Costain, Thomas Bertram",813/COS/ca,LITGE
000052883,El caos Omega,"Ludlum, Robert",813/LUD/ca,LITGE
000053292,Las aventuras de Arturo Gordon Pym,"Poe, Edgar Allan",813/POE/av,LITGE
000053346,El pirata,"Robbins, Harold",813/ROB/pi,LITGE
000053973,Rimas para Paulina adivinanzas para Constanza,"Jaque Herrera, Iliana",Ch863/JAQ/ri,LITCH
000054300,Pájaro rojo de Irlanda,"Gordon Langford, Sandra",813/GOR/pa,LITGE
000054321,Una ciudad flotante : [y] Una invernada entre los hielos,"Verne, Jules",843/VER/ci,LITGE
000054354,Se busca una mujer,"Bukowski, Charles",813/BUK/bu,LITGE
000054359,La esfera media del aire,"Río, Ana María del",Ch863/RIO/es,LITGE
000054395,Del sentimiento trágico de la vida,"Unamuno, Miguel de",864/UNA/se,LITGE
000054545,Hamlet : Príncipe de Dinamarca,"Shakespeare, William",822/SHA/ha,LITGE
000054779,Don Juan Tenorio,"Zorrilla, José",863/ZOR/do,LITGE
000055505,Libro de buen amor,"Ruiz, Juan, Fl",861/RUI/li,LITGE
000055937,Ecos urbanos : antología,"Costamagna, Alejandra",Ch863/URB/an,LITCH
000055953,Para ver y no creer,"Montt, Alberto",Ch863/MON/pa,INFAN
000055963,El secuestro de la bibliotecaria,"Mahy, Margaret",823/MAH/se,LITGE
000055991,Epifanía de una sombra,"Wacquez, Mauricio",Ch863/WAC/ep,LITCH
000056022,Cien anõs de teatro (1900-2000),"Sáez,Fernando",Ch862/SAE/ci,LITCH
000056055,La mujer del policía,"Gómez, Sergio",Ch863/GOM/mu,LITCH
000056128,Noches de radio : (Escucha Chile),"Teitelboim, Volodia",Ch868/TEI/no,LITCH
000056145,Historias marginales,"Sepúlveda, Luis",Ch863/SEP/hma,LITCH
000056148,Un viejo que leía novelas de amor,"Sepúlveda, Luis",Ch863/SEP/vi,LITCH
000056290,La mirada del espejo,"Calderón, Alfonso",Ch861/CAL/mi,LITGE
000056407,El collar de perlas negras,"Peña Muñoz, Manuel",Ch863/PEÑ/co,LITGE
000056434,Sobre la pista,"Evanovich, Janet",813/EVA/so,LITGE
000056445,Bar Paraíso : Los caminos del amor,"Forch, Juan",Ch863/FOR/ba,LITCH
000056465,Cuentos centroamericanos. compilador : Poli Délano,"Délano, Poli",H863/DEL/cu,LITGE
000056558,Para leer a Proust: La mirada de Alone,"Swinburn del Río, Daniel",Ch864/SWI/pa,LITCH
000056577,Poetas de la Academia (1855-2000) Antología,"Livacic G., Ernesto, ed",Ch861.008/POE,LITCH
000056636,Historias de mentes,"Azócar, Pablo",Ch863/AZO/hi,LITGE
000056721,Bin Laden : El hombre que declaró la guerra a Estados Unidos,"Bodansky, Yossef",926.209/BIN/la,LITGE
000056892,La guerra y la paz,"Tolstoi, Leon, graf",891.73/TOL/gu,LITGE
000056893,Isabel Allende: Hija de la fortuna,"Coddou, Marcelo",Ch863/COD/is,LITCH
000056973,Se las echó el Buin!,"Inostrosa, Jorge",Ch863/INO/se,LITCH
000057059,Gestión participativa en bibliotecas públicas,"López Muñoz, Ricardo",027.483/GES,LITGE
000057629,El tambor de hojalata,"Grass, Günter",833/GRA/ta,LITGE
000057681,Después de la lluvia,"Arciniegas, Triunfo",C862/ARC/de,INFAN
000057784,Cuando pienso en mi falta de cabeza : (La segunda comedia),"Couve, Adolfo",Ch863/COU/cu,LITCH
000057794,El guanaco blanco,"Coloane, Francisco",Ch863/COL/gu,LITCH
000057805,Matar a los viejos,"Droguett, Carlos",Ch863/DRO/ma,LITCH
000057914,Papelucho ; Soy colorina,"Paz, Marcela",Ch863/PAZ/pa,LITCH
000057994,Con pasión,"Parra, Marco Antonio de la",Ch863/PAR/co,LITCH
000058100,Movimientos de las salamandras,"Nómez, Naín",Ch861/NOM/mo,LITGE
000058121,Mapocho,"Fenández, Nona",Ch863/FER/ma,LITCH
000058170,"Valparaíso, el violín de la memoria","Vial, Sara",983.25/VIA/va,LITGE
000058194,"Algunos poemas, algunos discursos, algunas campanas","Neruda, Pablo",Ch861/NER/al,LITGE
000058328,Antología de obras teatrales,"Wolff, Egon",Ch862/WOL/an,LITCH
000058330,"7 muestras, 7 obras : teatro chileno actual","Alvarez, Pablo",Ch862.008/SIE/mu,LITCH
000058333,Hechos consumados : Teatro 11 obras,"Radrigan, Juan",Ch862/RAD/he,LITCH
000058351,En pocas palabras,"Archer, Jeffrey",823/ARC/en,LITGE
000058393,Superhéroes,"Torche, Pablo",Ch863/TOR/su,LITCH
000058401,Harry Potter y el prisionero de Azkaban,"Rowling, J. K",823/HAR/ha,LITGE
000058403,El anillo de Pushkin,"Zúñiga, Juan Eduardo",868/ZUÑ/an,LITGE
000058404,Días contados,"Madrid, Juan",863/MAD/di,LITGE
000058407,Escenario de guerra,"Jeftanovic, Andrea",Ch863/JEF/es,LITCH
000058410,100 autoras y autores de hoy,"Jacomet Ollivet, Pierre",028.1/JAC,LITGE
000058415,Libro del frío,"Riveros, Juan Pablo",Ch861/RIV/li,LITGE
000058463,Emilia y la aguja envenenada;,"Balcells, Jacqueline",Ch863/BAL/em,LITCH
000058479,Los atónitos,"González Dagnino, Alfonso",Ch864/GON/at,LITCH
000058583,Las doradas manzanas del Sol,"Bradbury, Ray",813/BRA/do,LITGE
000058599,Libro de las preguntas : obra póstuma,"Neruda, Pablo",Ch861/NER/,LITGE
000058600,El campeón,"Forch, Juan",Ch863/FOR/ca,LITCH
000058616,Me parece que no somos felices,"Marchant Lazcano, Jorge",Ch863/MAR/me,LITCH
000058632,Cansado de llevarme puesto,"Asensio, Andrea",A863/ASE/ca,LITGE
000058649,Nosotras que nos queremos tanto,"Serrano, Marcela",Ch863/SER/nos,LITCH
000058652,Amor en alta mar,"Huneeus, Pablo",Ch863/HUN/am,LITCH
000058653,Antología de poesía chilena nueva (1935),"Anguita, Eduardo, comp",Ch861.008/ANG/an,LITGE
000058668,Sociología de la novela y vida cotidiana en el Chile de 1900 a 1950,"Vitale , Luis",Ch860/VIT/so,LITCH
000058696,Miguel Strogoff,"Verne, Jules",843/VER/mi,LITGE
000059386,El príncipe,"Machiavelli, Niccolò",320.1/MAC/pr,LITGE
000059581,La gente de Smiley,"Le Carré, John",823/LEC/ge,LITGE
000060621,La chica del Crillón,"Edwards Bello, Joaquín",Ch863/EDW/Ch,LITCH
000060987,Cuentos de la selva,"Quiroga, Horacio",U863/QUI/cu,LITGE
000062755,"El conde Lucanor, o, Libro de Patronio","Juan Manuel, Infante de Castilla",868/JUA/co,LITGE
000063106,La casa de Bernarda Alba,"García Lorca, Federico",860/GAR/ca,LITGE
000063306,Robinson Crusoe,"Defoe, Daniel, -",823/DEF/ro,LITGE
000063354,Robinson Crusoe,"Defoe, Daniel, -",823/DEF/ro,LITGE
000063581,La Isla del Tesoro,"Stevenson, Robert Louis",823/STE/is,LITGE
000064686,1789,"Chaussinand-Nogaret, Guy",843/ChA/muj,LITGE
000065378,Rimas y leyendas,"Bécquer, Gustavo Adolfo",861/BEC/ri,LITGE
000065452,Edipo Rey,"Sófocles, - A.C",882/SOF/ed,JUVEN
000066599,Río sagrado,"Smith, Wilbur",813/SMI/ri,LITGE
000067809,El clan del oso cavernario,"Auel, Jean M",813/AUE/cl,LITGE
000068471,Como en Santiago ; Cada oveja con su pareja,"Barros Grez, Daniel",Ch862/BAR/co,LITCH
000068550,"Javiera y lobito, con las aventuras de Sebastián y el amigo zorro","Alliende, Felipe",Ch863/ALL/ja,LITGE
000068573,"Li Song, mujer china","Balcells, Jacqueline",Ch863/BAL/li,LITCH
000068574,Alonso : pasajero de la mar océano,"Balcells, Jacqueline",Ch863/BAL/al,LITCH
000068838,Temas gramaticales,"Altamirano A., Hernán",465/ALT/te,LITGE
000069230,El mundo de Amado : leyendas de Tierra del Fuego,"Gevert, Lucía",Ch863/GEV/mu,LITCH
000069287,Un yanqui en la corte del rey Arturo,"Twain, Mark",813/TWA/ya,LITGE
000069358,Guillermo en el tejado,"Crompton, Richmal",823/CRO/gu,LITGE
000069462,Ultimos poemas,"Huidobro, Vicente",Ch861/HUI/ul,LITCH
000069627,Ítaca,"Harris, Tomás",Ch861/HAR/it,LITCH
000069637,"El niño, el perro y el platillo volador","Verdi, Alida",Ch863/VER/ni,LITCH
000069638,Papeles quemados,"Massis, Mahfud",Ch861/MAS/pa,LITGE
000069643,Poemas prepóstumos,"Mellado, Carlos",Ch861/MEL/po,LITCH
000069644,La poesía de Jorge Teillier : la tragedia de los lares,"Binns, Niall",Ch861/BIN/po,LITCH
000069657,10 obras inéditas : teatro-performance,"Kurapel, Alberto",Ch862/KUR/di,LITGE
000069658,"""101 poemas de amor""","Arteche, Miguel",Ch861/ART,LITGE
000069660,Abeja de fuego,"Carvajal, Víctor",Ch863/CAR/ab,LITCH
000069661,Actas de Palo Alto : la obra literaria de Fernando Alegría,"Epple, Juan Armando",Ch860/EPP/ac,LITGE
000069662,"Adiós, Doris","Jerez, Fernando",Ch863/JER/ad,LITCH
000069671,Boris y las ratas : (cuentos),"Pavlov, Dinko",Ch863//PAV/bo,LITCH
000069679,Conversaciones para solitarios,"Marín, Germán",Ch868/MAR/co,LITCH
000069686,Cuentos contables :,Concurso Nacional Banco Santiago,Ch863.008/CON/cu,LITCH
000069690,Devocionario para lunáticos : breverdades y carcajodas,"Díaz, Jorge",Ch867/DIA/de,LITCH
000069693,Dorada locura,"Peña Muñoz, Manuel",Ch863/PEÑ/do,LITCH
000069699,El libro natural,"Brintrup, Lilianet",Ch861/BRI/li,LITCH
000069700,El país que devora,"Coppola, Salvattori",Ch863/COP/pa,LITCH
000069717,Fuegos y ceremonias,"Valle, Rosamel del",Ch861/VAL/fu,LITCH
000069718,Guía de la poesía erótica en Chile,"Donoso, Gustavo, comp",813/ADL/mi,LITGE
000069724,Javiera Carrera : madre de la Patria,"Vidal, Virginia",Ch863/VID/ja,LITCH
000069725,Juguemos al hilo de oro : folclor infantil chileno : poesía,"Peña Muñoz, Manuel, comp",Ch861/JUG,LITCH
000069728,La domesticación de los pájaros,"Meissner, Eduardo",Ch863/MEI/do,LITCH
000069730,La hormiga Juliana y otros poemas para niños,"Gómez Fuentes, Gladys",Ch861/GOM/ho,LITCH
000069740,La vera historia,"Vila, Cristían",Ch861/VIL/ve,LITCH
000069741,La vida es un bar,"Symns, Enrique",A863/SYM/vi,LITGE
000069745,Lo que Bob Dylan se llevó,"Arenas, Desiderio",Ch863/ARE/lo,LITGE
000069746,Los indicados,"Contreras, Gonzalo",Ch863/CON/in,LITGE
000069748,Los siete hijos de Simenon,"Díaz Eterovic, Ramón",Ch863/DIA/si,LITCH
000069749,Lugares de uso,"Díaz, Víctor Hugo",Ch861/DIA/lu,LITGE
000069751,Malas noches,"Costamagna, Alejandra",Ch863/COS/ma,LITCH
000069754,La mariposa negra y otros cuentos,"Rosasco, José Luis",Ch863/ROS/ma,LITCH
000069763,Los mundos de Circe,"Vázquez Bronfman, Ana",Ch863/VAS/mu,LITCH
000069764,Naciste pintada,"Berenguer, Carmen",Ch863/BER/na,LITGE
000069768,Nochedumbre,"Ziebrecht, Alejandra",Ch861/ZIE/no,LITCH
000069769,Novelas enanas,"Parra, Marco Antonio de la",Ch863/PAR/no,JUVEN
000069771,Obra poética,"Valle, Rosamel del",Ch861/VAL/ob,LITGE
000069773,Operación Condor : el vuelo de la muerte,"Martorell, Francisco",322.42098/MAR/op,LITCH
000069774,Orbita,"Barrientos, Mauricio",Ch861/BAR/or,LITGE
000069776,Otro baile en París,"Lafourcade, Enrique",Ch863/LAF/ot,LITCH
000069779,"Pasión sin pausa : poetas, poesía, antipoesía","Campaña, Antonio",Ch861/CAM/pa,LITGE
000069780,Pedazos enteros,"Massone, Juan Antonio",Ch861/MAS/pe,LITGE
000069783,Poemas para volar : poesía,"Schkolnik, Saúl",Ch861/SCK/poe,LITCH
000069787,Póstuma : novela,"Meruane , Lina",Ch863/MER/po,LITCH
000069788,Prójimo de nadie,"Berríos, Carmen Gloria",Ch861/BER/pr,LITCH
000069799,Sonata de carne y hueso,"Guralnik, Sonia",Ch863/GUR/so,LITCH
000069800,Su nombre era Margot,"Morán, Roberto",Ch863/MOR/no,LITCH
000069804,"Toca esa rumba, don Azpiazu",Calderón Alfonso,Ch863/CAL/to,LITCH
000069808,Una carta,"Bertoni Lemus, Claudio",Ch861/BER/ca,LITCH
000069809,Uranio,"Arrate, Marina",Ch861/ARR/ur,LITGE
000069811,Versos atribuidos al joven Francisco María Arouet,"Cameron, Juan",Ch861/CAM/ve,LITGE
000069812,Vienen del miedo,"Bonnefoy, Michel",Ch863/BON/vi,LITGE
000069813,Vientos de silencio,"Faundes, Juan Jorge",Ch863/FAU/vi,LITCH
000069816,Adiós a la familia,"Arenas, Braulio",Ch863/ARE/di,LITGE
000069836,Bromisnar de Bagdad,"Lobos, Themo",741.5983/LOB/br,INFAN
000069885,El libro parlante,"Fernández Bieberach, Patricia",Ch863/FER/lib,LITCH
000069890,El peor de los héroes,"Brodsky, Roberto",Ch863/BRO/pe,LITCH
000069930,Kilikilis y Golagolas,"Lobos, Themo",741.5983/LOB/ki,INFAN
000069934,La Corte del Rey Arturo,"Lobos, Themo",741/LOB/co,INFAN
000069937,La desmesura de la calma,"Correa Olmos, Eduardo",Ch863/COR/de,LITCH
000069968,Marcos y Andrea en el Olimpo,"Lezaeta, Gabriela",Ch863/LEZ/ma,LITCH
000069974,Mundo de cartón : novela,"Alegría Ramírez, Gloria A",Ch863/ALE/mu,LITGE
000070016,Sombras que caminan,"Cerda, Carlos",Ch863/CER/so,LITCH
000070020,Teatro selecto,"Moock, Armando",Ch862/MOO/te,LITCH
000070072,Acto único : dramaturgos en escena,"Guerrero del Río, Eduardo",Ch862/GUE/ac,LITGE
000070094,Alberto el jugador,"Orrego de Uribe, Rosario",Ch863/ORR/al,LITCH
000070115,Ambar en cuarto y sin su amigo,"Danziger, Paula",813/DAN/am,INFAN
000070133,Ángeles y solitarios,"Díaz Eterovic, Ramón",Ch863/DIA/an,LITCH
000070134,Animal roto (1995-1998),"Ortega Alvarado, Mario",Ch861/ORT/ani,LITCH
000070138,Antigua vida mía,"Serrano, Marcela",Ch863/SER/an,LITCH
000070143,Antología personal : poesía (1982-2001),"Morales, Andrés",Ch861/MOR/ant,LITCH
000070183,Artículos de costumbres,Jotabeche,390.0983/JOT/ar,LITCH
000070256,La buena vida y la poca vergüenza,"Millas, Hernán",Ch863/MIL/bu,LITCH
000070288,Canto general de Chile ; Alturas de Macchu Picchu,"Neruda, Pablo",Ch861/NER/ca,LITGE
000070318,Casa de citas,"Basualto, Alejandra",Ch861/BAS/ca,LITGE
000070380,Los Cien mejores poemas de amor de la lengua castellana,"Lastra, Pedro",861.008/CIE,LITGE
000070394,La ciudad anterior,"Contreras, Gonzalo",Ch863/CON/ci,LITCH
000070441,Complices a media tinta,Sociedad de Escritores de Curicó,Ch861/COM/co,LITGE
000070485,Los conversos,"Santa Cruz, Guadalupe",Ch863/SAN/co,LITCH
000070505,Cuaderno de La Serena,"Calderón, Alfonso",Ch861/CAL/cu,LITGE
000070508,Los cuadernos mágicos y otros cuentos,"Balcells, Jacqueline",Ch863/BAL/cu,LITCH
000070521,Cuentos chilenos contemporáneos 2000,Prólogo Ramiro Rivas,Ch863/CUE,LITCH
000070540,Cuentos de príncipes y princesas,"Allende, Amelia, adapt",Ch863/ANO/cu,INFAN
000070624,El demonio y la señorita Prym,"Coelho, Paulo",B869.3/COE/de,LITGE
000070683,Diario intimo (1917-1947),Alone,808.84/ALO/di,LITGE
000070702,La dictadura del proletariado,"Marks, Camilo",Ch863/MAR/di,LITCH
000070720,El discurso lírico de la mujer en Chile en el período 1973-1990,"Villegas Morales, Juan",Ch861.4409/VIL/di,LITCH
000070777,El astronauta en llamas,"Campos, Javier",Ch861/CAM/as,LITGE
000070778,El balsero de cucao,"Barrientos, Raúl",Ch861/BAR/ba,LITCH
000070855,Episodios nacionales,"Brieba, Liborio",Ch863/BRI/ep,LITCH
000070882,Estación verso : antología literaria,"Biblioteca Pública. Los Angeles, Chile",Ch861/DIA/es,LITGE
000070888,Estancias en homenaje a Gregorio Samsa,"Roa Vial, Armando",Ch861/ROA/es,LITCH
000070915,Las etiquetas de piel caoba,"Droppelmann, Jessica",Ch861/DRO/et,LITGE
000070948,Ferrantes,"Fernandez Chadwick, Patricio",Ch862/FER/fe,LITCH
000070950,La ficción narrativa : su lógica y ontología,"Martínez Bonati, Felix",801/MAR/fi,LITGE
000070951,La fiesta del Chivo,"Vargas Llosa, Mario",Pe863/VAR/fi,LITGE
000070993,El gato con botas,"Perrault, Charles",843/PER/ga,INFAN
000071062,Hacia el nuevo mundo,"Collyer, Jaime",Ch863/COL/ha,LITCH
000071081,Himno del ángel parado en una pata,"Rivera Letelier, Hernán",Ch863/RIV/hi,LITCH
000071119,Horas perdidas en las calles de Santiago,"Merino, Roberto",Ch868/MER/ho,LITCH
000071147,El increible mundo de Llanca,"Morel, Alicia",Ch863/MOR/in,LITCH
000071209,Jugar con la palabra : (antología 1971-2000),"Cameron, Juan",Ch861/CAM/ju,LITGE
000071219,Kiwala conoce el mar,"Pavez, Ana María",Ch863/PAV/ki,INFAN
000071233,La maravillosa granja de McBroom,"Fleischman, Sid",813/FLE/ma,LITGE
000071238,La mujer del policía,"Gómez, Sergio",Ch863/GOM/mu,LITCH
000071240,La polilla del baúl,"Carvajal, Mario",Ch863/CAR/po,INFAN
000071261,Lecciones sobre la tragedia griega,"García Alvarez, César",882/GAR/le/,LITGE
000071263,Leído y anotado : letras chilenas e hispanoamericanas : imágenes,"Lastra, Pedro",813/ADL/mi,LITGE
000071340,Magias de la escritura,"Hahn, Oscar",H860/HAH/ma,LITGE
000071342,"Mamire, el último niño","Carvajal, Víctor",Ch863/CAR/ma,INFAN
000071394,El maravilloso viaje de Nils Holgersson,"Lagerl f, Selma",839.73/LAG/ma,LITGE
000071399,María Carlota y Millaqueo,"Peña Muñoz, Manuel",Ch863/PEÑ/ma,LITCH
000071401,Martín Fierro,"Hernández, José",A861/HER/ma,LITGE
000071420,El medio pollito,"Ferré, Rosario",Pr863/FER/me,LITGE
000071447,"Mi hermano hippie, por Papelucho","Paz, Marcela",Ch863/PAZ/pmi,LITCH
000071452,Mi querido papá,"Subercaseaux, Elizabeth",Ch863/SUB/qu,LITCH
000071489,Muerte colmada,"Muñoz Pilichi, German",Ch861/MUÑ/mu,LITCH
000071497,Mujeres en la poesía chilena actual : antología 2000,"Ordenes Pincheira, Carlos",Ch861/ORD/muj,LITCH
000071568,La opción creyente : introducción a la teología fundamental,"Bentué, Antonio",230.42/BEN/op,LITGE
000071629,Para leer el Quijote,"Césped Benítez, Irma",863/CES/le,LITGE
000071631,El arte en la ruta del hombre,"Castro, Luis Osvaldo de",701/CAS/ar,LITGE
000071634,Caco y la turu,"Carvajal, Víctor",Ch863/CAR/ca,INFAN
000071635,Calas,"Carrasco, Germán puc N",Ch861/CAR/ca,LITCH
000071636,Canción lenta en tiempo de balada,"Guíñez, Pablo",Ch861/GUI/ca,LITCH
000071637,El cisne y la luna : narrativa,"Gallegos Abarca, Manuel",Ch863/GAL/ci,LITCH
000071640,El corredor,"Plaza Atenas, Dino",Ch863/PLA/co,LITCH
000071643,Cuando el sol se aburrió de trabajar,"Alegría, Gloria",Ch863/ALE/cu,LITGE
000071644,Entrevistas (1962-1996),"Teillier, Jorge",Ch861/TEI/en,LITGE
000071654,Dramaturgia y género en el Chile de los sesenta,"Darrigrandi, Claudia",Ch862/DAR/dr,LITCH
000071661,La escritura de al lado : géneros referenciales,"Morales T., Leonidas",Ch860.9/MOR/es,LITGE
000071662,El fantasma de la sinrazón & El secreto de la poesía,"Uribe, Armando",Ch864/URI/fa,LITCH
000071667,Inmemoriales : Santiago 1999,"Poblete Varas, Hernán",Ch868/POB/va,LITCH
000071697,El pequeño vampiro,"Sommer-Bodenburg, Angela",833/SOM/pe,INFAN
000071734,Poesía y cultura poética en Chile : aportes críticos,"Rojas, Waldo",Ch861/ROJ/po,LITGE
000071735,Poesía y prosa : antología,"Arteche, Miguel",Ch860/ART/po,LITGE
000071806,Prontuario (1990-2000),"Berríos, Carmen Gloria",Ch861/BER/pr,LITCH
000071827,Psicoanálisis Parra nada : antipoesía & psicoanálisis,"Cuadra, César",Ch861/PSI,LITCH
000071906,"La remolienda ; y, otras obras de teatro","Sieveking, Alejandro",Ch862/SIE/re,LITCH
000071923,Rimas y leyendas : versión completa,"Bécquer, Gustavo Adolfo",861/BEC/ri,LITGE
000071938,El sabueso de los Baskerville,"Doyle, Arthur Conan",823/DOY/sa,LITGE
000071951,"Sapo y Sepo, un año entero","Lobel, Arnold",813/LOB/sa,INFAN
000071983,Simulacro,"Cabrera, Alejandro",Ch863/CAB/si,LITGE
000071990,Sida en Chile : la historia desconocida,"Carmona Berríos, Mauricio",Ch868/CAR/si,LITCH
000072013,Sub-terra,"Lillo, Baldomero",Ch863/BAL/su,LITCH
000072083,Tranquila tragaleguas : la tortuga cabezota,"Ende, Michael",833/END/tr,INFAN
000072117,Un paseo al campo,"Krahn, Fernando",Ch863/KRA/un,INFAN
000072142,Vamos a buscar un tesoro,Janosch,833/JAN/vam,INFAN
000072185,La virgen de los tajos,"Ruiz, Alvaro",Ch861/RUI/vi,LITCH
000072274,Alamito el largo,"Allamand, Maité",Ch863/ALL/al,LITGE
000072291,Altazor : de puño y letra,"Huidobro, Vicente",Ch861/HUI/al,LITCH
000072401,Aventuras de Súper Inti y Analfabruja,"Calderón, Teresa",Ch863/CAL/av,INFAN
000072407,Ay mama Inés : (crónica testimonial),"Guzmán, Jorge",Ch863/GUZ/ay,LITCH
000072433,Biotecnología en Chile,"Gil, Lionel",660.6/BIO/en,LITGE
000072451,La cabaña del tío Tom,"Stowe, Harriet Beecher",813/STO/ca,LITGE
000072496,Cartas del diablo a su sobrino,"Lewis, C. S",823/LEW/ca,LITGE
000072652,Cuentos de mi escritorio,"Tejeda, Juan",Ch863/TEJ/cu,LITCH
000072660,"Cuentos de amor, de locura y de muerte","Quiroga, Horacio",U863/QUI/ca,LITCH
000072727,Después de aquel viaje,"Polizzi, Valéria Piassa",920.72/POL/de,JUVEN
000072799,Emilia : cuatro enigmas de verano,"Balcells, Jacqueline",Ch863/BAL/em,LITCH
000072845,Erase una vez -- un hermoso planeta llamado tierra,"Schkolnik, Saúl",Ch863/SCh/er,LITCH
000073308,Mi querido enemigo,"Webster, Jean",813/WEB/,LITGE
000073353,Navegancias,Pérez Floridor,Ch861/PER/na,LITCH
000073385,Nuevos casos misteriosos,"Balcells, Jacqueline",Ch863/BAL/nu,LITCH
000073416,Otto es un rinoceronte,"Lund Kirkegaard, Ole",839.813/LUN/ot,LITGE
000073487,El pequeño vampiro,"Sommer-Bodenburg, Angela",833/SOM/pe,INFAN
000073535,Por qué la Tortuga tiene su caparazón resquebrajado,"Condemarín, Mabel",863/CON/por,INFAN
000073570,Primer tiempo,"Cerda, Carlos",Ch863/CER/pr,LITGE
000073663,"Rosa Cruchaga, o, El eco de la transparencia","Massone, Juan Antonio",Ch861/CRU/ro,LITCH
000073717,"Sapo y Sepo, un año entero","Lobel, Arnold",813/LOB/sa,LITGE
000073845,Trescientos metros,"Ayala, Ernesto",Ch863/AYA/tr,LITGE
000073891,"La vasija mágica ; y, La princesa que no podía llorar","Condemarín, Mabel",863/VAS,INFAN
000073893,Veinte mil leguas de viaje submarino,"Verne, Jules",843/VER/ve,LITGE
000074079,Aún es tiempo,"Mello, Thiago de",B869.1/MELL/au,LITGE
000074173,Chile : con el voto a dos manos,"Romero, Graciela",Ch867/ROM/ch,LITCH
000074331,Cuentos para jugar,"Rodari, Gianni",853/ROD/cu,LITGE
000074636,Gente en la isla,"Azócar, Rubén",Ch863/AZO/ge,LITGE
000074638,Geografía poética de Chile,DIBAM,Ch860.803283/GEO/v.1,LITCH
000074928,"La travesía del ""Explorador del amanecer""","Lewis, C. S",823/LEW/cr,LITGE
000075095,Música de fin de siglo,"Lavín Cerda, Hernán",Ch861/LAV/mu,LITCH
000075189,Oliver Twist,"Dickens, Charles",823/DIC/ol,LITGE
000075227,Para alguien que me espera : antología,"Scarpa, Roque Esteban",Ch861/SCA/pa,LITGE
000075467,"Simbad el marino ; y, otros cuentos de ""Las mil y una noches""",Simbad el marino. Español,892.73/SIM,LITGE
000075596,El alemán de Atacama,"Ampuero, Roberto, -",Ch863/AMP/al,LITCH
000075710,Boleros en La Habana,"Ampuero, Roberto, -",Ch863/AMP/bo,LITGE
000075765,Una casa vacía,"Cerda, Carlos",Ch863/CER/ca,LITCH
000075967,De los silencios y la mirada un mismo Valparaíso,"Villarroel Lobos, Leonardo",Ch861/VIL/si,LITCH
000076012,La desesperanza,"Donoso, José",Ch863/DON/me,LITCH
000076401,La mala memoria : historia personal de Chile contemporáneo,"Parra, Marco Antonio de la",983.0645/PAR/ma,LITGE
000076632,"Odio lo que odio, rabio como rabio","Uribe, Armando",Ch861/URI/od,LITGE
000076648,Oyendo a Chile,"Claro Valdés, Samuel",861/GAM/ed,LITGE
000076736,El nadador,"Contreras, Gonzalo",Ch863/CON/na,LITCH
000076741,Negra espalda del tiempo,"Marías, Javier",863/MAR/ne,LITGE
000076747,Niebla,"Unamuno, Miguel de",863/UNA/ni,LITGE
000076984,Vivir no es nada nuevo,"Azócar, Pablo",Ch863/AZO/vi,LITGE
000077009,A tango abierto,"Río, Ana María del",Ch863/R585,LITCH
000077178,El circo en llamas : una crítica de la vida,"Lihn, Enrique",Ch860.8/LIN/ci,LITGE
000077528,El maquillador de cadaveres,"Casas, Jaime",Ch863/CAS/ma,LITCH
000077537,Más afuera,"González, Eugenio",Ch863/GON/ma,LITCH
000077597,Las noches blancas,"Dostoievski, Fedor",891.73/DOS/no,LITGE
000077770,El señor que aparece de espaldas,"Azócar, Pablo",Ch863/AZO/se,LITCH
000077918,Hacia un saber sobre el alma,"Zambrano, María",864/ZAM/ha,LITGE
000077929,Hijas y madres,"Naouri, Aldo",864/NAO/hi,LITGE
000078098,Los impacientes,"Garcés, Gonzalo",A863/GAR/im,LITGE
000078213,Otelo,"Shakespeare, William",822.33/SHA/ote,LITGE
000078475,Amuleto,"Bolaño, Roberto",Ch863/BOL/am,LITCH
000078748,El amor loco,"Breton, André",844/BRE/am,LITGE
000078840,El verano del ángel,"López-Aliaga Roncagliolo, Luis",Ch863/LOP/ve,LITCH
000078962,Dirán que está en la gloria -- : (Mistral),"Rojo, Grínor",Ch861/ROJ/di,LITGE
000079171,El rodaballo,"Grass, Günter",833/GRA/ro,LITGE
000079436,Diez años de poesía chilena : (1915-1924).,"Fernández, Teodosio, Compilador",Ch861/FER/di,LITCH
000079461,El Alpe d'Huez,"García Sánchez, Javier",863/GAR/al,LITGE
000079466,Amor se escribe sin hache : novela casi cosmopolita,"Jardiel Poncela, Enrique",863/JAR/am,LITGE
000079471,Años de penitencia,"Barral, Carlos",929/BAR/añ,LITGE
000079475,Antologia de la poesia latinoamericana de vanguardia,"Grunfeld, Mihai Gheorghe",H861/GRU/an,LITGE
000079498,El astillero,"Onetti, Juan Carlos",U863/ONE/ast,LITGE
000079508,Barrio de maravillas,"Chacel, Rosa",863/ChA/ba,LITGE
000079509,Bella en las tinieblas,"Lope, Manuel de",863/LOP/be,LITGE
000079513,Blanca vuela mañana,"Chacón, Dulce",863/ChA/bl,LITGE
000079527,Caballeros de fortuna,"Landero, Luis",863/LAN/ca,LITGE
000079529,La cabeza del cordero,"Ayala, Francisco",863/AYA/ca,LITGE
000079531,Cambio de piel,"Fuentes, Carlos",M863/FUE/ca,LITGE
000079533,Canaima,"Gallegos, Rómulo",V863/GAL/ca,LITGE
000079539,Cartas a una pelirroja,"Cortázar, Julio",868/COR/ca,LITGE
000079541,Cartas de juventud de J.L. Borges (1921-1922),"Borges, Jorge Luis",A866/BOR/ca,LITGE
000079557,Claros del bosque,"Zambrano, María",100/ZAM/cl,LITGE
000079567,Cocuyo,"Sarduy, Severo",Cu863/SAR/co,LITCH
000079582,Conversación en la catedral Mario Vargas Llosa,"Vargas Llosa, Mario",Pe863/VAR/co,LITGE
000079587,Cristóbal Colón,"Gala, Antonio",862/GAL/cr,LITGE
000079593,"Cuadrivio : Darío, López Velarde, Pessoa, Cernuda","Paz, Octavio",H861/PAZ/cu,LITGE
000079595,Cuando ya no importe,"Onetti, Juan Carlos",U863/ONE/cu,LITGE
000079607,Cuerpos y ofrendas : antología,"Fuentes, Carlos",M863/FUE/cu,LITGE
000079613,De cómo decidí convertirme en hermano mayor,"Inkiow, Dimiter",833/INK/hu,LITGE
000079618,Dejemos hablar al viento,"Onetti, Juan Carlos",U863/ONE/de,LITGE
000079625,Deshoras,"Cortázar, Julio",A863/COR/de,LITGE
000079628,Diálogos del conocimiento,"Aleixandre, Vicente",861/ALE/di,LITGE
000079642,Donde van a morir los elefantes,"Donoso, José",863/DON/do,LITCH
000079656,El anfitrión,"Edwards, Jorge",Ch863/EDW/an,LITCH
000079658,El año del francés,"Aparicio, Juan Pedro",863/APA/añ,LITGE
000079662,El baile ; La vida en un hilo,"Neville, Edgar",862/NEV/ba,LITGE
000079710,Entrada en materia,"Valente, José Angel",861/VAL/en,LITGE
000079767,La guerra del fin del mundo,"Vargas Llosa, Mario",Pe863/VAR/gu,LITGE
000079779,Hijo de hombre,"Roa Bastos, Augusto",Pa863/ROA/hi,LITGE
000079782,Historia de Mayta,"Vargas Llosa, Mario",Pe863/VAR/hi,LITGE
000079786,Historia de una maestra,"Aldecoa, Josefina",863/ALD/hi,LITGE
000079791,Historias de Obaba,"Atxaga, Bernardo",863/ATX/hi,LITGE
000079798,Huasipungo,"Icaza, Jorge",E863/ICA/hua,LITGE
000079816,Ismaelillo ; Versos libres ; Versos sencillos,"Martí, José",Cu861/MAR/is,LITGE
000079826,Juegos de la edad tardía,"Landero, Luis",863/LAN/ju,LITGE
000079828,Juntacadáveres,"Onetti, Juan Carlos",U863/ONE/ju,LITGE
000079832,La camisa ; El cuarto poder,"Olmo, Lauro",862/OLM/cu,LITGE
000079835,La colmena,"Cela, Camilo José",863/CEL/co,LITGE
000079838,La dama del alba,"Casona, Alejandro",862/CAS/da,LITGE
000079880,Letanías de lluvia,"Arguelles, Fulgencio",863/ARG/le,LITGE
000079897,Los de abajo,"Azuela, Mariano",M863/AZU/ab,LITGE
000079904,Los usurpadores,"Ayala, Francisco",863/AYA/us,LITGE
000079922,Maribel y la extraña familia,"Mihura, Miguel",862/MIH/MA,LITGE
000079923,Marinero en tierra ; La amante ; El alba del alhelí,"Alberti, Rafael",861/ALB/ma,LITGE
000079946,Muchos años después,"Gabriel y Galán, José Antonio",863/GAB/mu,LITGE
000079951,Muertes de perro ; El fondo del vaso,"Ayala, Francisco",863/AYA/mu,LITGE
000079952,La mujer sin cabeza,"Molina Foix, Vicente",863/MOL/mu,LITGE
000079954,Mujeres de negro,"Aldecoa, Josefina",863/ALD/mu,LITGE
000079972,No perdamos también el siglo XXI,"Montaner, Carlos Alberto",Cu864/MON/pe,LITGE
000079983,Nubosidad variable,"Martín Gaite, Carmen",863/MAR/nu,LITGE
000080001,Olvidado rey Gudú,"Matute, Ana María",863/MAT/ol,LITGE
000080003,La orgía perpetua : Flaubert y Madame Bovary,"Vargas Llosa, Mario",Pe863/VAR/or,LITGE
000080030,Picadura mortal,"Ortiz, Lourdes",863/ORT/pi,LITGE
000080060,Quién mató a Palomino Molero?,"Vargas Llosa, Mario",Pe863/VAR/ma,LITGE
000080068,El reino de este mundo,"Carpentier, Alejo",Cu863/CAR/re,LITGE
000080071,Reo de nocturnidad,"Bryce Echeñique, Alfredo",Pe863/BRY/re,LITGE
000080072,Residencia en la tierra : Pablo Neruda,"Neruda, Pablo",Ch861/NER/re,LITGE
000080084,Las salvajes en Puente San Gil,"Martín Recuerda, José",862/MAR/sa,LITGE
000080092,Selección de mis versos,"Bousoño, Carlos",861/BOU/se,LITGE
000080094,Señas de identidad,"Goytisolo, Juan",863/GOY/se,LITGE
000080099,El Siglo de las luces,"Carpentier, Alejo",Cu863/CAR/si,LITCH
000080110,Sombra del paraíso,"Aleixandre, Vicente",861/ALE/so,LITGE
000080111,Sombras nada más,"Cerdán Tato, Enrique",863/CER/so,LITGE
000080119,Te di la vida entera,"Valdés, Zoé",Cu863/VAL/vi,LITGE
000080120,Teatro sobre teatro,"Ruibal, José",862/RUI/te,LITGE
000080133,Todas las mujeres,"Conget, José María",863/CON/to,LITGE
000080140,Tres sombreros de copa,"Mihura, Miguel",862/MIH/tre,LITGE
000080158,Una Palomita en mi palomar,"Navarrete Araya, Micaela",Ch863/PAL/cu,LITCH
000080168,La verdad sobre el caso Savolta,"Mendoza, Eduardo",863/MEN/ve,LITGE
000080181,"Yo, el supremo","Roa Bastos, Augusto",Pa863/ROA/yo,LITGE
000080182,Y retiemble en sus centros la tierra,"Celorio, Gonzalo",M863/CEL/yr,LITGE
000080183,"Yo, el supremo","Roa Bastos, Augusto",Pa863/ROA/yo,LITGE
000080306,Nocturno hindú,"Tabucchi, Antonio",853/TAB/no,LITGE
000080344,El agua nuestra de cada día,"Le Foulon Rothe, Andre",553.7/LEF/ag,LITGE
000080387,Chamber poems,"Orrego, Carmen",Ch861/ORR/Cha,LITCH
000080417,"Crónicas ""de día claro""","Parada Reyes, Raquel",Ch868/PAR/cr,LITGE
000080439,De amor y rebeldía,"Martínez Monreal, Nicolás Fernando",Ch861/MAR/de,LITGE
000080468,Elogio de la melancolía,"Roa Vial, Armando",Ch860/ROA/el,LITCH
000080472,En torno a la casa de Madame Lorraine : novela,"Biggs Henning, Jorge",Ch863/BIG/to,LITGE
000080609,Mis prólogos,"Jiménez M., Samuel",Ch866/JIM/mi,LITCH
000080651,Para un modelo de historia del teatro,"Villegas, Juan",H862.009/VIL/pa,LITGE
000080699,La Quintrala,"Petit, Magdalena",Ch863/PET/qu,LITCH
000080737,La serpiente,"Aira, César",A863/AIR/se,LITGE
000080761,Un día sin matemáticas,"Kaye, Marilyn",813/KAY/di,LITGE
000080774,El viejo y el mar,"Hemingway, Ernest",813/HEM/vi,LITGE
000080776,Voces utopicopragmáticas,Secretaría General de Gobierno,Ch864/VOC/ut,LITCH
000080810,De la forma del mundo y otros relatos,"Bioy Casares, Adolfo",A863/BIO/de,LITGE
000081633,Mujer en guerra,"Torres, Maruja",863/TOR/mu,LITGE
000081946,Nuestra Señora de la Soledad,"Serrano, Marcela",Ch863/SER/nu,LITCH
000081970,Ocho patas y un cuento,"Concha Cosani, Beatriz",Ch863/CON/oCh,INFAN
000081987,Olivia,"Falconer, Ian",813/FAL/ol,INFAN
000081993,Cuentos y títeres,"Villafañe, Javier",A863/VILL/cu,LITGE
000081994,Los dos jorobados,"Méndez, Raquel",863/MEN/do,INFAN
000081996,Siete millones de escarabajos,Comotto,A863/COM/si,INFAN
000081997,El traje nuevo del rey,"Ballesteros Rey, Xosé",G869.3/BALL/tr,INFAN
000081998,Guri y Gura aprenden a nadar,"Nakagawa, Reiko",895.63/NAK/gu,INFAN
000081999,El mirlo,"Granger, No lle",863/GRA/mi,INFAN
000082000,El conde Olinos,Morella Fuenmayor,863/CON,INFAN
000082001,Búho en casa,"Lobel, Arnold",813/LOV/bu,INFAN
000082003,El regalo del sol : un cuento de Sudáfrica,"Stewart, Dianne",823/STE/re,INFAN
000082006,"Dos letters ; y, Cuando una serpiente--","Atxaga, Bernardo",899.923/ATX/do,LITGE
000082007,Luis Oyarzún : prosa poética,"Oyarzún, Luis",Ch861/OYA/lu,LITCH
000082008,No quiero ir al castillo,"Keselman, Gabriela",863/KES/no,LITGE
000082009,Las hormigas también tienen problemas,"Balzola, Sofía",863/BAL/ho,INFAN
000082025,Arena en los zapatos,"Molist, Pep",863/MOL/ar,LITGE
000082026,El regreso a clases de Roberta,"Francia, Silvia",S833/FRA/re,INFAN
000082029,Historias de patos buenos,Secretaría General de Gobierno,Ch863/HIS,LITCH
000082030,Pavana del gallo y el arlequín,"Rokha, Carlos de",Ch861/ROK/pa,LITGE
000082031,Cortejo y Epinicio,"Rosenmann Taub, David",Ch861/ROS/co,LITGE
000082034,Viven [periplo por los poetas de Chile],"Henriquez, Roberto, compilador",Ch861/VIV,LITCH
000082042,La tumba del zambullidor,"Manns, Patricio",Ch863/MAN/tu,LITCH
000082054,Mamá pata cuenta a sus pequeños,"Delval, Marie Hélene",843/DEL/ma,INFAN
000082057,Un crimen secundario,"Birmajer, Marcelo",A863/BIR/cr,LITGE
000082058,Derrotado por un muerto,"Birmajer, Marcelo",A863/BIR/de,LITGE
000082065,A peor vida,"Uribe, Armando",Ch861/URI/pe,LITGE
000082070,U : [poema],"Rokha, Pablo de",Ch861/ROK/u,LITGE
000082082,Matías pintor famoso,"Martínez, Rocío",863/MAR/ma,INFAN
000082083,Matías dibuja al sol,"Martínez, Rocío",863/MAR/ma,INFAN
000082085,Los salvadores del pais,"Nesbit, E. Edith",823/NES/sa,LITGE
000082088,El hombrecillo de papel,"Alonso, Fernando",863/ALO/ho,LITGE
000082101,Los mejores cuentos de Andersen,"Andersen, Hans Christian",839.813/GAS/ma,INFAN
000082147,Necesidad del arcoiris : poesía selecta,"Oyarzún, Luis",Ch861/OYA/ne,LITCH
000082156,Elegías,"Gómez Rojas, Domingo",Ch861/GOM/el,LITCH
000082160,Ciclo homenaje en torno a la figura y obra de Nicanor Parra,Coloquio Internacional de Escritores,Ch861.009/COL/an,LITCH
000082189,El libro de las hadas para niños,"Hague, Michael",398/HAG/li,INFAN
000082237,La tierra de los juguetes,"Yoshida, Keiki",649.7/YOS/ti,INFAN
000082375,"Parra : artefactos visuales, dirección obligada : [catálogo]",Fundación Telefónica Chile,Ch861/PAR/ar,LITCH
000082411,Casa de campo,"Donoso, José",Ch863/DON/ca,LITCH
000082520,El último hombre,"Baldacci, David",813/BAL/ul,LITGE
000082533,Merrick,"Rice, Anne",813/RIC/me,LITGE
000082597,Agua de greda : novela,"Concha, María Elena",Ch863/CON/ag,LITCH
000082607,Rufus,"Ungerer, Tomi",833/UNG/ru,LITGE
000082643,La muerte de la condesa Prokofich,"Rojo Redolés, Rolando",Ch863/ROJ/mu,LITCH
000082645,Los ríos de heráclito,"Agoni Molina, Luis",Ch863/AGO/ri,LITGE
000082657,Crónicas sudacas,"Pascal, León",Ch868/PAS/cr,LITCH
000082659,ICTUS : la palabra compartida : antología,"Díaz, Jorge, comp",Ch862/ICT,LITCH
000082662,Maradentro,"Blanco, Marta",Ch863/BLA/ma,LITCH
000082670,Lecturas anglosajonas,"Roa Vial, Armando",821/LEC/lec,LITGE
000082694,Nueva antología poética del Maule : cien años de poesía,"Rafide, Matías",Ch861/NUE/an,LITGE
000082735,Mano de obra,"Eltit, Diamela",Ch863/ELT/ma,LITCH
000082758,Edad prohibida : texto completo,"Luca de Tena, Torcuato",863/LUC/ed,LITGE
000082760,Poesías : sobre prevención de accidentes y salud ocupacional,"Suárez Espinoza, Orlando",Ch861/SUA/po,LITGE
000082767,Magisterio y niño,"Mistral, Gabriela",Ch868/MIS/ma,LITCH
000082790,Las Grietas del proceso civilizatorio : Marta Traba en los sesenta,"Pizarro, Ana",A863/TRA/gr,LITGE
000082828,El camino del piñón,"Eytel, Guido",Ch863/EYT/ca,LITCH
000082830,El jardín de los unicornios azules,"Inostroza Sáez, Edgardo",863/INO/ja,LITCH
000082832,Ángeles y verdugos,"Muñoz Valenzuela, Diego",Ch868/MUÑ/an,LITCH
000082833,Poder y crimen en la narrativa chilena contemporánea,"García Corales, Guillermo",Ch863.009/GAR/po,LITCH
000082865,La literatura del Reino de Chile,"Promis, José",Ch860.9/PRO/li,LITCH
000082866,"Castilla, tajeada de sed como mi lengua","Vargas Saavedra, Luis",Ch866/MIS/ca,LITCH
000082867,Escribir con estilo,"Larraín Arroyo, Consuelo",808.027/LAR/es,LITGE
000082875,Claro,"Millán, Gonzalo",Ch861/MILL/cl,LITCH
000082878,"Cuentos de príncipes, garzas y manzanas",SM editores,Ch863.008/CUE,LITCH
000082879,Fundación mítica del Reino de Chile,"Roa Vial, Armando",Ch861/ROA/fu,LITGE
000082881,La patria golondrina,"Marchant, Reinaldo Edmundo",Ch863/MAR/pa,LITCH
000082892,Marisol en la Antártica,"Diéguez Rojas, Violeta",Ch863/DIE/ma,LITCH
000082923,Javiera y Lobito con las aventuras de Sebastián y el amigo Zorro,"Alliende, Felipe",Ch863/ALLI/ja,INFAN
000082938,El cuaderno de Mayra,"Parra, Marco Antonio de la",Ch863/PAR/cu,LITGE
000082946,Tango del viudo,"Barros, Cristián",Ch863/BAR/ta,LITGE
000082951,Hölderlin : revolución y memoria,"Onetto M, Breno",831/ONE/ho,LITGE
000082970,Breve antología de narrativa mágica,"Ampuero T., Ester",Ch863/BRE/,LITCH
000082973,El sangrador,"Jara, Patricio",Cu861/MAR/is,LITCH
000082974,El abanico de madame Czechowska,"Simonetti, Marcelo",Ch863/SIM/ab,LITCH
000083081,Antología de la poesía del Valle de Elqui : años 80 y 90,"Volantines, Arturo, compilador",Ch861.008/VOL/an,LITGE
000083085,Los poetas y el general,"Goldschmidt Wyman, Eva",Ch861.008/POE,LITCH
000083115,El valle de los caballos,"Auel, Jean M",813/AUE/va,LITGE
000083119,Las llanuras del tránsito,"Auel, Jean M",813/AUE/ll,LITGE
000083120,El Fútbol a Sol y Sombra,"Galeano, Eduardo",U868/GAL/fu,LITGE
000083122,Los cazadores de mamuts,"Auel, Jean M",813/AUE/ca,LITGE
000083206,El Huerto de mi amada,"Bryce Echeñique, Alfredo",Pe863/BRY/hu,LITGE
000083213,La mujer de mi hermano,"Bayly, Jaime",Pe863/BAY/mu,LITGE
000083231,Francisco Coloane En Viaje,"Coloane, Francisco",Ch868/COL/co,LITCH
000083288,Los cafés literarios en Chile,"Peña Muñoz, Manuel",983/PEÑ/ca,LITGE
000083291,Camisa limpia,"Blanco, Guillermo",Ch863/BLA/ca,LITCH
000083295,Ulises llega en locomotora,"Teitelboim, Volodia",I823/JOY/ul,LITCH
000083373,Antología de familia,"Edwards Bello, Joaquín",Ch868/EDW/an,LITCH
000083387,A corazón abierto,"Sutherland, Juan Pablo comp",808.80353/ACO,LITGE
000083522,Historias de patos buenos,Secretaría General de Gobierno,Ch863/HIS/,LITCH
000083575,Tres años para nacer,"Parraguez L., Eledino",Ch863/PAR/tr,LITGE
000083587,Jardín de relojes,"Arteche, Miguel",Ch860/ART/ja,LITGE
000083588,La defensa del palacio blanco y otras obras teatro para niños,"Gutiérrez Mieres, Manuel",Ch862/GUT/de,LITCH
000083599,Antes de que se me olvide,"Muñoz Bravo, Elena Mónica",Ch863/MUÑ/an,LITCH
000083601,El ramo de ortigas y otros cuentos,"Merino Reyes, Luis",Ch863/MER/ra,LITCH
000083605,Los viajeros,"Baraona, Rafael",Ch861/BAR/vi,LITGE
000083609,El rey de los pleitos,"Grisham, John",813/GRI/re,LITGE
000083666,Bendita mi lengua sea : diario íntimo de Gabriela Mistral,"Mistral, Gabriela",Ch868.03/MIS/be,LITCH
000083722,Cuentos de tesoros y monedas de oro,"Morel, Alicia",Ch863/MOR/cu,LITCH
000083732,Lluvia del sur,"Flores L., José",Ch860/FLO/llu,LITGE
000083774,Antología fundamental,"Neruda, Pablo",Ch861/NER/an,LITGE
000083777,Cantos a Aisen,"Ibar Schepeler, Eusebio",Ch861/IBA/ca,LITGE
000083779,Diálogos en un Tejado,"Edwards, Jorge",Ch868/EDW/di,LITCH
000083787,Los viajeros invisibles,"Morel, Alicia",Ch863/MOR/vi,LITCH
000083790,El virus Baco,"Oses, Darío",Ch863/OSE/vi,LITCH
000083793,Verso bruto,"Uribe, Armando",Ch861/URI/ve,LITGE
000083799,Album de flora y fauna,"Novoa, Marcelo",Ch868/NOV/al,LITCH
000083829,La orgástula y otros actos inconfesables,"Díaz, Jorge",Ch862/DIA/or,LITCH
000083908,Desde la ventana,"Liñero, Enrique G",Ch863/LIÑ/de,LITCH
000083918,Señales de vida,"Pavez Urrutia, Jorge",Ch861/PAV/se,LITCH
000083919,"Cartas privadas, (1947-1982)","Orrego Vicu a, Claudio",Ch868/ORR/ca,LITGE
000083947,Invención del hombre : antología poética,"Carrizo, Alberto",Ch861/CAR/in,LITGE
000083966,Los cuentos de Villa Disparate,"Ballesteros, Adriana Esther",A863/BAL/cu,LITCH
000083968,El Archipiélago de las Puntuadas,"Balcells, Jacqueline",Ch863/BAL/ar,INFAN
000084042,Cuando se estropeó la lavadora,"Stark, Ulf",839.73/STA/cu,INFAN
000084120,Versos para una sirena solitaria en la caleta,"Pavlov, Dinko",Ch861/PAV/ve,LITGE
000084145,El huevo de Dios y otras historias,"Castellano Girón, Hernán",Ch863/CAS/hu,LITCH
000084161,Profeta de bares,"Rodríguez Bravo, Silvia",Ch861/ROD/pr,LITGE
000084177,Mata-ki-te-rangui,"Lobos, Themo",741.598/LOB/ma,JUVEN
000084231,Las ballenas cautivas,"Villanes Cairo, Carlos",Pe863/VILL/ba,LITGE
000084307,"Cuentos del norte, sur, este y oeste","Beuchat Reichardt, Cecilia, relatora",863/CUE,INFAN
000084330,Adornos en el espacio vacío,"Barrera Calderón, Gustavo",Ch861/BAR/ad,LITGE
000084337,"La televisión la lleva : de divas, rostros y fenómenos","Romero, Graciela",Ch867/ROM/te,LITCH
000084362,Apariciones profanas,"Hahn, Oscar",Ch861/HAH/ap,LITCH
000084383,El daño,"Maturana, Andrea",Ch863/MAT/da,LITCH
000084413,"Allende, la señora Lucía y yo","Tejeda, Guillermo",Ch863/TEJ/all,LITCH
000084430,El hombre que pregunta,"Díaz Eterovic, Ramón",Ch863/DIA/ho,LITCH
000084432,Vine a sacudir las montañas con tu nombre (poemas de amor),"Elordi, Santiago",Ch861/ELO/vi,LITCH
000084448,Una ciudad como pocas,"Inostroza Sáez, Edgardo",Ch863/INO/ci,LITCH
000084451,"Filiberta, la hormiga gigante","Inostroza Sáez, Edgardo",Ch863/INO/fi,LITCH
000084455,Viva de Rokha : monólogo en dos actos,"Aguilera, Oscar",Ch862/AGU/vi,LITGE
000084474,Poder y crimen en la narrativa chilena contemporánea,"García Corales, Guillermo",Ch863.009/GAR/po,LITCH
000084477,La música de las esperas y otros cuentos,"Oses, Darío",Ch863/OSE/mu,LITCH
000084537,La loca de la casa,"Montero, Rosa",864/MON/lo,LITGE
000084544,El habitante del cielo,"Collyer, Jaime",Ch863/COL/ha,LITCH
000084567,El reino del dragón de oro,"Allende, Isabel",Ch863/ALL/re,LITGE
000084799,¡Buenas noches tio Rico!,"Tenaille, Marie",808.0683/BUE/no,INFAN
000084826,Recados para hoy y mañana,"Mistral, Gabriela",Ch860/MIS/re,LITGE
000084861,Monstruos cardinales,"Gumucio Araya, Rafael",Ch868/GUM/mo,LITCH
000084878,Recuerdos literarios,"Lastarria, José Victorino",Ch860/LAS/re,LITGE
000084881,El exilio de la mujer desnuda,"Radrigán, Juan",Ch862/RAD/ex,LITCH
000085062,La máquina de follar,"Bukowski, Charles",813/BUK/ma,LITGE
000085063,Factotum,"Bukowski, Charles",813/BUK/fa,LITGE
000085208,El problema de Martina,"Silva, María Luisa",Ch863/SIL/pr,LITCH
000085212,"La lámpara en la tierra, y, Alturas de Macchu Picchu","Neruda, Pablo",Ch861/NER/la,LITCH
000085311,Los cuadernos de don Rigoberto,"Vargas Llosa, Mario",Pe863/VAR/cu,LITGE
000085364,¿Soy dix-leso?,"Paz, Marcela",Ch863/PAZ/pso,LITCH
000085368,Papelucho perdido,"Paz, Marcela",Ch863/PAZ/ppe,LITCH
000085369,Papelucho misionero,"Paz, Marcela",Ch863/PAZ/pmis,LITCH
000085379,Estadio Nacional,"Cozzi, Adolfo",928.61/COZ/es,LITCH
000085417,Ni yo,"Bertoni Lemus, Claudio",Ch861/BER/ni,LITCH
000085544,Desencuentros,"Sepúlveda, Luis",Ch863/SEP/de,LITCH
000085550,Yo no tengo la culpa de haber nacido tan sexy,"Mendicutti, Eduardo",863/MEN/no,LITGE
000085628,Las trompetas de Barcelona,"Capo, Jesús",863/CAP/tr,LITGE
000085642,Antología de obras teatrales,"Vodanovic, Sergio",Ch862/VOD/an,LITCH
000085671,El jurado,"Grisham, John",813/GRI/ju,LITGE
000085698,La mujer del cura Soto,"Riveros Olavarría, Patricio",Ch863/RIV/mu,LITCH
000085796,Cuentos completos,"Varas Morel, José Miguel",Ch863/VAR/cu,LITCH
000085808,Historia de Mayta,"Vargas Llosa, Mario",Pe863/VAR/hi,LITGE
000085816,Reflejos de Arsulú,"Kaye, Marilyn",863/KAY/re,INFAN
000085825,Abracadabra,"Meunier, Charlie",863/MEU/ab,INFAN
000085826,Perla de ojos verdes,"Weyn, Suzanne",863/WEY/pe,INFAN
000085828,La historia de Mushu,"Fontes, Ron",863/FON/hi,JUVEN
000085831,Flubber: mi historia,"Elder, Vanessa",863/ELD/fl,LITGE
000085839,¿Dónde está Flit?,"Ling, Bettina",863/LIN/do,INFAN
000085843,La historia de Bella,"Carli, Manola",808.0683/HIS,LITCH
000085844,Nefazia visita el palacio,"Weyn, Suzanne",863/WEY/ne,INFAN
000085845,¡Qué aventura!,"Nicodeme, Béatrice",863/NIC/qu,INFAN
000085847,"Mickey, pintor","Tenaille, Marie",863/TEN/mi,INFAN
000085848,"¡Buenas noches, tío Rico!","Tenaille, Marie",863/TEN/bu,LITGE
000085852,Antología del cuento chileno,"Calderón, Alfonso",Ch863.008/ANT,LITCH
000085857,Festival de villanos,"Meunier, Charlie",863/MEU/fe,INFAN
000085859,La bella y la bestia,"Brunius, Laurette",863/BRU/be,INFAN
000085860,La misma vieja canción,"Kaye, Marilyn",863/KAY/mi,INFAN
000085862,La guerra de las bromas,"Saint Pierre, Stephanie",863/SAI/gu,INFAN
000085886,Epistohilario,"Valdovinos, Mario",Ch863/VAL/ep,LITCH
000086016,Esperando a los Bárbaros,"Coetzee, J. M",S823/COE/es,LITGE
000086051,Capitanes intrepidos,"Kipling, Rudyard",823/KIP/cap,LITGE
000086124,La vida íntima de Laura,"Lispector, Clarice",B869/LIS/vi,LITGE
000086125,"Memorias dispersas, juicios erráticos","Villegas, Fernando",Ch868/VIL/me,LITCH
000086170,Bioética : el diálogo moral en las ciencias de la vida,"Lolas Stepke, Fernando",174.95/LOL/bi,LITGE
000086171,Escritoras Chilenas : críticas literarias,"Rubio, Patricia ed",Ch860.9/PIN/es,LITCH
000086264,Infancia ; escenas de una vida en provincias,"Coetzee, J. M",S823/COE/in,LITGE
000086268,Noche de viernes,"Sierra i Fabra, Jordi",863/SIE/no,LITGE
000086271,El topo que quería saber,"Holzwarth, Werner",833/HOL/to,INFAN
000086293,Presa,"Crichton, Michael",813/CRI/pr,LITGE
000086367,Sonetos a Orfeo,"Rilke, Rainer María",831/RIL/so,LITGE
000086399,"Kiwala, la llama de cobre","Pavez, Ana María",Ch861/PAV/ki,LITGE
000086401,En un circo podría estar la niña perdida y otros relatos de la tierra,"Boldrini, Gustavo",Ch863/BOL/ci,LITCH
000086607,Cuentos para niños,"Pushkin, Aleksandr Sergeevich",891.73/PUS/cu,INFAN
000086714,Un dólar cada mil kilómetros,"Lapierre, Dominique",910.4/LAP/do,LITGE
000086779,Voces de Portocaliu,"Lara, Omar",Ch861/LAR/vo,LITCH
000086840,La dama de gris : cien años de la educación en Chile,"Andes, María de los",Ch863/AND/da,LITGE
000086868,Código del trabajo : anotado y concordado,Chile,344.8/ChI/co,LITGE
000086878,La enseñanza de la literatura como práctica de liberación,"Mansilla Torres, Sergio",807/MAN/en,LITGE
000087033,La serpentina,"Janer Manila, Gabriel",863/JAN/se,LITGE
000087065,Pobre Manolito : Manolito gafotas,"Lindo, Elvira",863/LIN/po,INFAN
000087087,Matrioska,"Inkiow, Dimiter-",833/INK/ma,LITGE
000087088,Cada tigre en su jungla,"Teixidor, Emili",863/TEI/ca,INFAN
000087089,El globo,Isol,M863/ISO/gl,INFAN
000087097,María de los dinosaurios,"Reyes, Yolanda",C863/REY/ma,LITCH
000087114,¿Quién conoce a Greta Garbo?,"Huidobro, Norma",A863/HUI/qu,LITGE
000087123,La sirena de agua dulce,"Arciniegas, Triunfo",C863/ARC/si,LITGE
000087129,Cuentos del cuervo de Arabel,"Aiken, Joan",823/AIK/cu,LITGE
000087140,Amiga mía,"Calderón, Teresa",Ch863/CAL/am,LITCH
000087141,Contra la muerte,"Rojas, Gonzalo",Ch861/ROJ/co,LITGE
000087142,Inri,"Zurita, Raúl, prol",Ch861/ZUR/in,LITCH
000087172,La insurrección,"Skármeta, Antonio",Ch863/SKA/in,LITCH
000087173,La chica del trombón,"Skármeta, Antonio",Ch863/SKA/Ch,LITCH
000087176,Soñé que la nieve ardía,"Skármeta, Antonio",Ch863/SKA/so,LITCH
000087193,Cómo elaborar y asesorar una investigación de tesis,"Muñoz Razo, Carlos",808.066/MUÑ/co,LITGE
000087218,El problema Shakespeare,"Piña, Juan Andrés",809.2/PIÑ/pr,LITCH
000087219,Thera,"Folch M., Kurt",Ch861/FLO/th,LITCH
000087227,Teatro mítico : seis obras dramáticas,"Morales, José Ricardo",Ch862/MOR/te,LITCH
000087233,Las historias que podemos contar : testimonios y cuentos,"García-Huidobro, María Paz",Ch868/HIS/te,LITCH
000087268,Había una vez--,Fundación Integra Chile,Ch863/HAB/un,LITCH
000087500,Crónicas de New York,"Valle, Rosamel del",Ch868/VAL/cr,LITCH
000087503,Cruce de arterias : dramaturgia (1997-2001),"Escobar Vila, Benito",Ch862/ESC/cr,LITCH
000087624,Víctimas y mártires en Pérez Galdós,"Cáceres Milnes, Andrés",863/CAC/vi,LITGE
000087632,Memorial de una escritura,"Sepúlveda Pulvirenti, Emma",Ch860/MEM,LITGE
000087740,Traje de arlequín : (diarios 1993-1995),"Calderón, Alfonso",Ch868.03/CAL/tr,LITGE
000087787,Alma femenina y mujer moderna: antología,"Echeverría , Inés",Ch868/ECh/al,LITGE
000087789,Ciudad sin pasado,"García Ferrada , María Luz",Ch861/GAR/ci,LITCH
000087808,Entre visillos,"Martín Gaite, Carmen",863/MAR/en,LITGE
000087863,Pablo : décimas sobre la infancia de Pablo Neruda,"Cántaro, Carmen",Ch861/CAN/pa,LITGE
000087904,Concreto azul,"Moltedo, Ennio",Ch861/MOL/co,LITCH
000087941,Diez tesis sobre la crítica,"Rojo, Grínor",801.95/ROJ/di,LITGE
000087952,La dicha vacante,"Torres, Jorge",Ch861/TOR/va,LITGE
000087956,Llaves para una maga : poesía,"Fugellie, Astrid",Ch861/FUG/ll,LITCH
000087958,Perros en la catedral o Gómez X,"Fuentes, Mauricio",Ch862/FUE/pe,LITGE
000088090,"Hombres de palabras : oradores, tribunos y predicadores","Vicuña Urrutia, Manuel",809/VIC/ho,LITGE
000088113,Ensayo y error,"Kalawski, Andrés",Ch861/KAL/en,LITGE
000088142,Imaginando el mundo de Gabriela Mistral : 1945 Premio Nobel,"Halber, Jacques J",Ch861/HAL/im,LITCH
000088183,Cuerpos escritos : memoria y autobiografía,"Miranda, Wander Melo",B869.309/MEL/cu,LITGE
000088223,La máquina de pensar de Borges,"Missana, Sergio",813/ADL/mi,LITGE
000088228,Una poética de la despreocupación,"Hernández Rodríguez, Rafael",Ch861/HER/po,LITCH
000088293,Santa María de las flores negras,"Rivera Letelier, Hernán",Ch863/RIV/la,LITCH
000088367,Desgracia,"Coetzee, J. M",S823/COE/de,LITGE
000088385,LA CATEDRAL,"MALLORQUI, CESAR",863/MAL/ca,LITGE
000088387,Papelucho casi huérfano,"Paz, Marcela",Ch863/PAZ/pa,LITCH
000088391,Papelucho perdido,"Paz, Marcela",Ch863/PAZ/pa,LITGE
000088394,Papelucho misionero,"Paz, Marcela",Ch863/PAZ/pa,LITCH
000088435,Tres novelas,"Cerda, Carlos",Ch863/CER/tr,LITGE
000088440,Los detectives salvajes,"Bolaño, Roberto",Ch863/BOL/det,LITCH
000088468,Díaz,"Oyarzún L., Carola",Ch862/DIA/jo,LITCH
000088470,La carpa azul,"Ward, Guillermo",Ch862.09/WAR/ca,LITGE
000088476,Manzana envenenada,"Gómez, Andrés",Ch861/GOM/ma,LITCH
000088552,Nueve a ventura : poesía,"Alamos M., Víctor",861.008/NUE,LITCH
000088616,Papelucho : mi hermano hippie,"Paz, Marcela",Ch863/PAZ/pa,LITCH
000088638,Charlie y el gran ascensor de cristal,"Dahl, Roald",813/DAH/mi,LITGE
000088649,La ley natural,"Contreras, Gonzalo",Ch863/CON/le,LITCH
000088668,Cuando éramos mayores,"Tyler, Anne",813/TYL/cu,LITGE
000088684,La joven de blanco,"Marchant Lazcano, Jorge",Ch863/MAR/jo,LITGE
000088693,El cuento hispanoamericano como género literario,"Palazuelos, Juan Carlos",H863.009/PAL/cu,LITGE
000088701,La burla del tiempo,"Electorat, Mauricio",Ch863/ELE/bu,LITCH
000088715,Aléxandros III: el confín del mundo,"Manfredi, Valerio",853/MAN/alc,LITGE
000088820,Vengador,"Forsyth, Frederick",823/FOR/ve,LITGE
000088943,Neruda : sus mejores poemas,"Neruda, Pablo",Ch861/NER/me,LITGE
000088957,Policarpo y el tío Pablo,"Délano, Poli",Ch868/DEL/po,LITCH
000089071,La niña que iluminó la noche,"Bradbury, Ray",813/BRA/ni,INFAN
000089099,La mosca de la muerte,"Cornwell, Patricia Daniels",813/COR/mo,LITGE
000089141,Para un pueblo fantasma,"Teillier, Jorge",Ch861/TRI/pa,LITCH
000089147,Cuentos y leyendas,"Asturias, Miguel Ángel",G863/AST/cu,LITGE
000089154,El señor presidente,"Asturias, Miguel Ángel",G863/AST/se,LITGE
000089239,Los diarios de Nanny,"McLaughlin, Emma",813/MCL/di,LITGE
000089259,Con,"Mallén, Enrique",U861/MAL/co,LITGE
000089372,El bosque de los pigmeos,"Allende, Isabel",Ch863/ALL/bo,LITCH
000089378,La magia del cometa,"Puerto, Carlos",863/PUE/ma,INFAN
000089397,Cuentos para educar,"Soto S., María de la Luz",Ch863/SOT/cu,LITCH
000089409,¡No quiero verte más!,"Abedi, Isabel",833/ABE/no,INFAN
000089414,El abuelo más loco del mundo,"Berocay, Roy",U863/BER/ab,INFAN
000089415,Como un volcán,"Helguera, Magdalena",U863/HEL/co,LITGE
000089416,De puro caballero que soy,"Alliende, Felipe",Ch863/ALL/de,LITGE
000089417,La pluma de Miguel : una aventura en Los Andes,"Mesa de Inchauste, Isabel",B863/MES/pl,LITGE
000089435,La dramaturgia social de Antonio Acevedo Hernández,"Pereira Poza, Sergio",Ch862/PER/dr,LITCH
000089443,Mandrágora,"Gallego, Laura",863/GAL/ma,LITGE
000089448,Donde otro no ha llegado,"Schwember, Herman",Ch863/SCh/do,LITCH
000089461,El caballero maldito : seis historias de caballeros,"Ancey, Francois, edición",843/CAB,JUVEN
000089465,"Teófilo Cid, soy leyenda","Mussy Roa, Luis G. de",Ch863/CID/te,LITCH
000089468,"Hasta siempre, mujercitas","Serrano, Marcela",Ch863/SER/ha,LITCH
000089472,Tiempos y parajes,"Alliende Luco, Joaquín",Ch868/ALL/ti,LITCH
000089476,Disculpe...¿es usted una bruja?,"Horn, Emily",823/HOR/di,INFAN
000089481,El regreso de Doble-P,"Lalana, Fernando",863/LAL/re,LITGE
000089482,Todos los cuentos,"Quiroga, Horacio",U863/QUI/to,LITGE
000089489,Papirofobia : no quiero leer,"Tamaro, Susanna",843/TAM/pa,INFAN
000089502,Mateo de paseo por el museo del Prado,"García, Marina",863/GAR/ma,INFAN
000089541,La laguna de los coipos,"Hidalgo González, Héctor",Ch863/HID/la,LITCH
000089568,A partir del fin,"Valdés, Hernán",Ch863/VAL/ap,LITCH
000089569,Halcones de la noche,"Ampuero, Roberto, -",Ch863/AMP/ha,LITCH
000089577,Narraciones extraordinarias,"Poe, Edgar Allan",813/POE/na,LITGE
000089578,El palito májiko,"Lobos, Themo",741.5983/LOB/pa,INFAN
000089582,Las lanzas coloradas : Primera narrativa,"Uslar Pietri, Arturo",V863/USL/la,LITCH
000089605,Los asesinatos de la calle de la Morgue y otros cuentos,"Poe, Edgar Allan",813/POE/as,LITGE
000089648,Sangre y oro,"Rice, Anne",813/RIC/sa,LITGE
000089658,Angeles y demonios,"Brown, Dan",813/BRO/an,LITGE
000089665,Amigos absolutos,"Le Carré, John",823/LEC/am,LITGE
000089668,Criaturas del aire,"Savater, Fernando",862/SAV/cri,LITGE
000089735,Cortos,"Fuguet, Alberto",Ch863/FUG/co,LITCH
000089811,Harry Potter y el cáliz de fuego,"Rowling, J.K",823/ROW/ha,LITGE
000089814,Historias de ninguno,"Mateos, Pilar",863/MAT/hi,LITGE
000089821,"Dónde estás, Constanza","Rosasco, José Luis",Ch863/ROS/do,LITCH
000089826,"Mini, detective","N stlinger, Christine",833/NOS/mi,INFAN
000089829,"Buenas noches, Gorila","Rathmann, Peggy",813/RAT/bu,INFAN
000089834,Los cretinos,"Dahl, Roald",823/DAH/cr,INFAN
000089837,Zanjón de la Aguada,"Lemebel, Pedro",Ch863/LEM/za,LITGE
000089841,El Padrino,"Puzo, Mario",813/PUZ/pa,LITGE
000089852,El amor insecto,"Basso Benelli, Cristián",Ch861/BAS/am,LITGE
000089853,"Lita, la niña del fín del mundo","Río, Ana María",Ch863/RIO/li,LITCH
000089861,"¡Espera, Nza!","Sierra i Fabra, Jordi",863/SIE/es,LITGE
000089862,El rey Gaspar,"Janer Manila, Gabriel",863/JAN/re,LITGE
000089866,Los dos regalos y otros cuentos,"Beuchat, Cecilia, relatora",808.83/BEU/do,LITGE
000089877,Fred y Julie,"Heuer, Pierre",863/HEU/fr,LITGE
000089881,"Copérnico, planeta habitable","Galícia, Montserrat",863/GAL/co,INFAN
000089883,Tse-tsé,"Corazza, L",843/COR/tse,LITGE
000089890,Cuidado con el dinosaurio,"Accame, Jorge",A863/ACC/cu,LITCH
000089891,Mi ángel de la guarda,"Loves, June",823/LOV/mi,INFAN
000089892,"Adelaida, Héctor y demás familia","Docampo, Xabier P",863/DOC/ad,LITGE
000089911,"Colección cuento contigo : [cuentos, relatos y poemas]","Fontaine, Loreto",808.8/COL/cu,LITGE
000089930,La silla del águila,"Fuentes, Carlos",M863/FUE/si,LITGE
000089931,Neruda total,"Suárez, Eulogio",Ch861/SUA/ne,LITCH
000089947,El hobbit,"Tolkien, J. R. R",823/TOL/ho,LITGE
000089953,Ciertas criaturas terrestres,"Díaz, Jorge",Ch863/DIA/ci,LITCH
000089958,Visitas después de hora,"Giardinelli, Mempo",A863/GIA/vi,LITGE
000089959,Silencio en el corazón,"Cela, Jaume",863/CEL/si,LITGE
000090099,Premio Periodismo de Excelencia 2003,Universidad Alberto Hurtado,808.84/PRE/pe,LITGE
000090104,Diablo guardián,"Velasco, Xavier",M863/VEL/di,LITGE
000090124,Antología de cuentos de terror,"LLopis, Rafael",808.816/ANT/cu,LITGE
000090132,El silbador del viento,"Nicholson, William",823/NIC/si,JUVEN
000090185,Cabos sueltos,"Cordua, Carla",Ch868/COR/ca,LITCH
000090191,Grandes cuentos chilenos del siglo XX,"Marks, Camilo",Ch863.008/GRA,LITCH
000090346,Las manchas de Vinca. Aventuras de un cabrito,"Morel, Alicia",Ch863/MOR/ma,LITCH
000090430,Chilenos en París y otras crónicas,"Rojas Jiménez, Alberto",Ch863/ROJ/Ch,LITCH
000090443,Lo soñé o fue verdad,"Teillier, Jorge",Ch861/TEI/lo,LITCH
000090595,El hombre en busca de sentido,"Frankl, Viktor Emil",131.346/FRA/ho,JUVEN
000090762,Üñümche = Hombre pájaro,"Aillapán Cayuleo, Lorenzo",Ch861/AIL/uñ,LITGE
000090886,El libro de los valles,"Zondek, Verónica",Ch861/ZON/li,LITCH
000090887,Cabo Trafalgar : un relato naval,"Pérez Reverte, Arturo",863/PER/ca,LITGE
000090895,El Paseo Ahumada,"Lihn, Enrique",Ch861/LIH/pa,LITCH
000090899,"Españoles señalados : Vicente Aleixandre, Pedro Salinas…","Campaña, Antonio",861.6209/CAM/es,LITGE
000090900,Memorial del confin de la tierra,"Rodríguez Saavedra, Sergio",Ch861/ROD/me,LITGE
000090920,No me creas lo que te cuento,"Schkolnik, Saúl",Ch863/SCh/no,LITCH
000090940,Neruda comentado,"Schopf, Federico, comp",Ch861/NER,LITCH
000090994,Antes del fin,Sábato Ernesto,A863/SAB/an,LITGE
000091000,Bajo el sol de Kenia,"Wood, Barbara",823/WOO/ba,LITGE
000091060,Antigua vida mía,"Serrano, Marcela",Ch863/SER/an,LITCH
000091066,Aventuras de Súper Inti y Analfabruja,"Calderón, Teresa",Ch863/CAL/av,INFAN
000091169,Constitución política de la República de Chile,Chile,342.8302/CON,LITGE
000091176,"Estela, reina de la nieve","Gay, Marie-Louise",C813/GAY/es,LITGE
000091180,Niño delirio Vicente,"Carvajal, Víctor",Ch863/CAR/ni,LITCH
000091184,Niña de sueño Lucila,"Carvajal, Víctor",Ch863/CAS/ni,LITCH
000091209,Nadie quiere jugar conmigo,"Keselman, Gabriela",A863/KES/na,INFAN
000091218,Gran-Lobo-Salvaje,"Escudié, René",843/ESC/gr,LITGE
000091283,Súper Inti y el misterio del espejo,"Calderón, Teresa",Ch863/CAL/su,INFAN
000091298,El ejército de un hombre solo,"Scliar, Moacyr",B869.3/SCL/ej,LITGE
000091316,El espíritu de las leyes,"Cerda, Carlos",Ch863/CER/es,LITCH
000091317,La voz del amo,"Collyer, Jaime",Ch863/COL/vo,LITCH
000091320,Mi amigo el Negro,"Alliende, Felipe",Ch863/ALL/ne,LITGE
000091332,Don Quijote de la Mancha,"Cervantes Saavedra, Miguel de",863/CER/do,LITGE
000091410,Dafnis y Cloe,"Longo, S.III d.C",883.01/LON/da 2002,LITGE
000091417,Üi,"Paredes Pinda, Adriana",Ch861/PAR/ui,LITCH
000091431,Cero absoluto,"Folsom, Allan",813/FOL/ce,LITGE
000091444,"Pequeños actores : (poesía, cantos, pequeñas obras de teatro)","Andrades A., Gabriela del Carmen",Ch861/PEQ,LITCH
000091454,Cronicas del amor furioso,"Radrigán, Juan",Ch862/RAD/cr,LITCH
000091456,Leprechaun,"Casas, Jaime",Ch863/CAS/le,LITCH
000091514,América Latina y el mundo : exploraciones en torno a identidades,"Stecher Guzmán, Lucía ed",860/AME,LITGE
000091545,Actas de Lomas,El Canela,Ch861/ELC/ac,LITCH
000091577,Las películas de mi vida,"Fuguet, Alberto",Ch863/FUG/pe,LITCH
000091580,"Perro! ; seguida de, Lulú","Harcha, Ana María",Ch862/HAR/pe,LITGE
000091581,La mujer gallina,"Moreno Jashés, Alejandro",Ch862/MOR/mu,LITCH
000091605,Crónicas literarias de Eduardo Barrios,"Barrios, Eduardo",809.80983/BAR/cr,LITGE
000091613,Respondiendo a las preguntas de Neruda,"Cronin, MTC",A821/CRO/re,LITGE
000091618,"Neftalí, el niño de la lluvia : momentos de la infancia de Neftalí Reyes Basoalto (Pablo Neruda)","Díaz, Jorge",928.61/NER/di,LITCH
000091638,Buena suerte,"Baldacci, David",813/BAL/bu,LITGE
000091654,Final de novela en Patagonia,"Giardinelli, Mempo",918.204/GIA/fi,LITCH
000091705,La agonía del pensamiento romántico,"Martínez Bonati, Felix",808.3/MAR/ag,LITGE
000091725,El informe Hite : estudio de la sexualidad masculina,"Hite, Shere",306.7/HIT/in,LITGE
000091730,Los árboles no están solos,"Villanes Cairo, Carlos",Pe863/VIL/ar,LITGE
000091809,Miedo a los cincuenta,"Jong, Erica",818/JON/mi,LITGE
000091821,El bosque de los pigmeos,"Allende, Isabel",Ch863/ALL/bo,LITCH
000091901,¿Son simpáticas las bromas?,"Milicic, Neva",155.4124/MIL/so,INFAN
000091972,"Entre mujeres : colaboraciones, influencias e intertextualidades","André, María Claudia comp",860.9/ENT,LITGE
000092042,Cultura Chinchorro,"Arriaza Torres, Bernardo",363.309831/ARR/cu,LITGE
000092401,"Veinticinco años de poesía chilena, 1970-1995","Calderón, Teresa",861.6/VEI,LITCH
000092583,Andersen responde a Neruda,"Andersen, H. C., Hans Christian",839.81/AND/an,LITGE
000092611,Oscuro y otros textos,"Rojas, Gonzalo",Ch861/ROJ/os,LITCH
000092627,El hombre duplicado,"Saramago, José",869.3/SAR/ho,LITGE
000092651,El asesino ciego,"Atwood, Margaret Eleanor",C813/atw/as,LITGE
000092673,Sobredosis,"Fuguet, Alberto",Ch863/FUG/so,LITCH
000092849,Lucas Lenz y la mano del emperador,"Santis, Pablo de",A863/SAN/lu,LITGE
000092855,Arriba del árbol,"Sánchez, Mireia",800/SAN/ar,LITGE
000092874,Cuarto A,"Goméz, Sergio",Ch863/GOM/cu,LITCH
000092899,Lucinda y el inspector Vinagre,"Núñez, Marisa",863/NUÑ/lu,INFAN
000092921,La luna traviesa y otros poemas,"Genta, Graciela",U861/GEN/lu,LITGE
000092988,El príncipe Caspian,"Lewis, C. S",823/LEW/pr,LITGE
000092997,Mujeres,"Bukowski, Charles",813/BUK/mu,LITGE
000093016,El caballo y su niño,"Lewis, C. S",823/LEW/ca,LITGE
000093045,Antología crítica de la poesía chilena,"Nómez, Naín, comp",Ch861/ANT/cr,LITCH
000093163,Los dominios perdidos,"Teillier, Jorge",Ch861/TEI/do,LITCH
000093165,"Amalia, Amelia y Emilia","Gómez Cerdá, Alfredo",863/GOM/am,INFAN
000093166,"Yerarya, el secreto de un kaweshkar","Tótoro, Dauno",Ch863/TOT/ye,LITCH
000093173,"Mini, detective","N stlinger, Christine",A833/NOS/mi,LITGE
000093174,Julito Cabello contra la lata tòxica,"Cabezas, Esteban",Ch863/CAB/ju,INFAN
000093184,De la tierra a la Luna : viaje en 97 horas y 20 minutos,"Verne, Jules",843/VER/ti,LITGE
000093241,La modernidad desbordada,"Appadurai, Arjun",863/GRI/sa,INFAN
000093295,Caballo de Troya 1: Jerusalén,"Benítez, J. J",863/BEN/caj,LITGE
000093305,Cantos de sireno,"Urrutia, Alejandro",Ch861/URR/ca,LITCH
000093350,"Cuentos del norte, sur, este y oeste","Beuchat, Cecilia",863/CUE,LITGE
000093364,Cruzada en 'jeans',"Beckman, Thea",839.31/BEC/cr,LITGE
000093374,Cabo de Hornos,"Coloane, Francisco",Ch863/COL/ca,LITCH
000093381,Cuentos con alma IV,"Gómez A., Rosario, compiladora",863.008/CUE/al,LITGE
000093388,La alegría del pueblo : historias de fútbol,"Marchant, Reinaldo Edmundo",Ch863/MAR/al,LITCH
000093392,La zona muda,"Polanco Salinas, Jorge",Ch861/POL/zo,LITCH
000093551,Poemas del otro : poemas y diálogos dispersos,"Martínez, Juan Luis",Ch861/MAR/po,LITCH
000093571,Niño delirio Vicente,"Carvajal, Victor",Ch863/CAR/ni,LITCH
000093572,"Juanilla, Juanillo y la abuela : novela para niños","Morel, Alicia",Ch863/MOR/ju,INFAN
000093800,Un zorzal llamó a la ventana,"Hidalgo González, Héctor",Ch863/HID/zo,LITCH
000093843,El más bonito de todos regalos del mundo,"Teulade, Pascal",843/TEL/ma,INFAN
000093863,El inesperado,"Lafourcade, Enrique",Ch863/LAF/in,LITCH
000093881,A jugar,"Vera, Paula",790.1/VER/ju,INFAN
000094186,Un paseo al campo,"Krahn, Fernando",Ch863/KRA/pa,LITCH
000094283,"El derecho del trabajo en el ""Quijote""","Montenegro Baca, José",863/MON/de,LITGE
000094284,Un esqueleto bien templado,"Casas, Jaime",Ch863/CAS/es,LITCH
000094285,Animalfabeto,"Gomboli, Mario",649.68/GOM/an,INFAN
000094372,Historias para reflexionar III,"Arellano Marín, Pedro Alberto il",868/HIS,LITGE
000094376,El pequeño universo,"Muñoz Chereau, Bernardita",Ch863/MUÑ/pe,INFAN
000094420,La composición,"Skármeta, Antonio",Ch863/SKA/co,INFAN
000094435,El charco del príncipe Andreas,"Lairla, Sergio",863/LAI/Ch,INFAN
000094437,La colmena,"Cela, Camilo José",863/CEL/co,LITGE
000094538,"Prat ; seguida de, Juana","Infante, Manuela",Ch862/INF/pr,LITCH
000094596,Loci memoriae del cáncer,"Rojas-May, Gonzalo",174.9616/ROJ/lo,LITGE
000094637,Copyright,"Prado, Nadia",Ch861/PRA/co,LITCH
000094701,Gato por libro,"Díaz, Jorge",808.88/DIA/ga,LITCH
000094762,Locas mujeres,"Mistral, Gabriela",Ch861/MIS/lo,LITCH
000094769,Memoria muerta,"Morales, Andrés",Ch861/MOR/me,LITCH
000094792,El cansado viajero de Arquá,"Blanco Jiménez, José",850.9/BLA/ca,LITCH
000094854,Lira Popular 300 números,"Ulloa, Vitalicio",Ch861/ULL/li,LITGE
000094880,Fortaleciendo el desarrollo de los equipos : módulo 1 liderazgo,Fundación INTEGRA Chile,372.12/FOR/v.2,LITGE
000094908,La Sirena viuda,"Benedetti, Mario",U863/BEN/si,LITGE
000095030,La casa por la ventana,"Cirici, David",863/CIR/ca,INFAN
000095203,Ensayistas del movimiento literario de 1842,"Figueroa, Ana",Ch860.9/FIG/en,LITCH
000095246,This be the verse : 26 poetas de lengua inglesa del siglo XX,"Dunkelberger, Diana",821.008/THI,LITGE
000095395,¿Qué prefieres--,"Burningham, John",823/BUR/qu,INFAN
000095408,El primer día de colegio,"Barbalarga, Sandro",808/BAR/pr,INFAN
000095486,Kiwala conoce el mar,"Pavez, Ana María",Ch863/PAV/ki,LITGE
000095575,El topo travieso : un libro sobre la obediencia,"Bastin, Véronique",649.7/BAS/to,INFAN
000095579,Mimí la gatita egoísta,"Yamawaki, Kyo",649.7/YAM/mi,INFAN
000095583,Pipo aprende una lección,"Lobato, Arcadio",649.7/LOB/pi,INFAN
000095590,El dragón que no podía lanzar llamas,"Costa, Nicoletta",649.7/COS/dr,INFAN
000095596,Antología de la poesía boliviana : ordenar la danza,"Velásquez Guzmán, Mónica pról",B861.008/ANT,LITGE
000095615,"La Cantante calva ; Jacobo, o, La Sumisión","Ionesco, Eugéne",842/ION/ca,LITGE
000095617,Muchos gatos para un solo crimen,"Díaz Eterovic, Ramón",Ch863/DIA/mu,LITCH
000095702,La pieza oscura,"Lihn, Enrique",Ch861/LIH/pi,LITCH
000095953,Carmelita la de las campanas,"Flores, Enriqueta",333.7820983/CON,LITCH
000096026,Citas de arte y libros,"Bermejo, Belén, comp",808.882/CIT/de,LITGE
000096121,Letras anarquistas,"González Vera, José Santos, u -",Ch868/GON/le,LITCH
000096161,El embrujo y las flores,"Carvajal, Victor",Ch863/CAR/em,INFAN
000096186,Mariluán : un drama en el campo,"Blest Gana, Alberto",Ch863/BLE/ma,LITCH
000096204,"Eleanor Marx, hija de Karl","Silveira, María José",B869.3/SIL/el,LITCH
000096208,El Amor de mi vida-- : 10 relatos,Concurso de Historias de Amor para Pensionados,Ch863.008/AMO,LITCH
000096224,Novela chilena contemporánea : José Donoso y Diamela Eltit,"Morales T., Leonidas",Ch863.009/MOR/no,LITCH
000096405,Ubú tiene santos en la playa,"Fonseca, María Cristina da",Ch863/FON/ub,INFAN
000096445,Los amantes de Estocolmo,"Ampuero, Roberto, -",Ch863/AMP/am,LITCH
000096474,A la sombra del dinero,"Díaz Eterovic, Ramón",Ch863/DIA/al,LITCH
000096479,El certificado,"Singer, Isaac Bashevis",839.0933/SIN/ce,LITGE
000096507,Ratada,"Muñoz, Rosabetty",Ch861/MUÑ/ra,LITCH
000096555,Pecado perfecto,"Martin, Kat",813/MAR/pe,LITGE
000096626,Siervos del maestro,"Nicholson, William",823/NIC/si,JUVEN
000096628,El son del fuego,"Nicholson, William",823/NIC/so,LITGE
000096661,El libro de los días malditos,"Sedgwick, Marcus",813/SED/li,LITGE
000096723,Gabriela Mistral : pensando a Chile,"Mistral, Gabriela",Ch860/MIS/ga 2004,LITGE
000097009,"Donde estas, Constanza--","Rosasco, José Luis",Ch863/ROS/do,LITCH
000097081,Ocho patas y un cuento,"Concha Cosani, Beatriz",Ch863/CON/oc,LITCH
000097240,La Corte del Rey Arturo,"Lobos, Themo",741.5983/LOB/co,INFAN
000097310,La vida es sueño,"Calderón de la Barca, Pedro",862/CAL/vi,LITGE
000097367,La isla del tesoro,"Stevenson, Robert Louis",823/STE/is,LITGE
000097431,Cuentos ecológicos y mitológicos,"Balcells, Jacqueline",Ch863/BAL/cu,LITCH
000097515,Historia general de Chile,"Barros Arana, Diego",983/BAR/hi,LITGE
000097548,Leyendo para comprender : manual de comprensión lectora,"Alcaide García, Carmen",372.47071/ALC/le,JUVEN
000097553,La casa de la madrina,"Nunes, Lygia Bojunga",B863/BOJ/ca,LITGE
000097663,El Quijote y la poética de la novela,"Martínez Bonati, Felix",863/MAR/qu,LITGE
000097671,Las descabelladas aventuras de Julito Cabello,"Cabezas, Esteban",Ch863/CAB/de,INFAN
000097702,III Concurso Literario Mi Vida y Mi Trabajo,Concurso Literario Mi Vida y Mi Trabajo,Ch863.008/CON/te,LITCH
000097713,Cartero,"Bukowski, Charles",813/BUK/ca,LITGE
000097717,El polizón de la Santa María,"Balcells, Jacqueline",Ch863/BAL/po,LITCH
000097749,Manolito Gafotas,"Lindo, Elvira",863/LIN/man,LITGE
000097840,La viejecita y el cerdo y otros cuentos,"Beuchat, Cecilia",863/BEU/vi,LITGE
000097910,Balada de la cárcel de alta seguridad,"Melgarejo Chávez, Claudio",Ch861.008/BAL/,LITGE
000097949,Tridente,"Harris, Tomás",Ch861//HAR/tr,LITCH
000097995,Gabriela Mistral Nuestra América,"Mistral, Gabriela",Ch868/MIS/qu,LITCH
000098013,La amenaza cibernética,"Lobos, Themo",741.5983/LOB/am,INFAN
000098076,Cuentos de la selva,"Quiroga, Horacio",U863/QUI/cu,LITGE
000098094,El niño que se fue en un árbol,"Balcells, Jacqueline",Ch863/BAL/ni,LITCH
000098151,El entierro de Genarín,"Llamazares, Julio",174.9617,LITGE
000098244,Essential Neruda esencial : selected poems,"Neruda, Pablo",Ch861/NER/po,LITGE
000098266,De muerte,"Uribe, Armando",Ch861/URI/de,LITGE
000098296,Los amantes de Estocolmo,"Ampuero, Roberto, -",Ch863/AMP/am,LITCH
000098310,El pequeño vampiro,"Sommer-Bodenburg, Angela",833/SOM/pe,INFAN
000098315,El inútil de la familia,"Edwards, Jorge",Ch863/EDW/in,LITCH
000098355,Ocaso del sol negro,"Figueroa González, Patricio",Ch863/FIG/oc,LITCH
000098378,Antología de poesía y prosa de Gabriela Mistral,"Mistral, Gabriela",Ch860/MIS/an,LITGE
000098448,La miradora,"Edwards, Esther",Ch863/EDW/mi,LITCH
000098525,El artista de la muerte,"Santlofer, Jonathan",813/SAN/ar,LITGE
000098626,Libro de Atanasio Beley,"Miquea Cañas, Nicolás",Ch861/MIQ/li,LITCH
000098713,"Gabriela Mistral esencial : poesía, prosa y correspondencia","Mistral, Gabriela",Ch860/MIS/ga,LITCH
000098714,Los invasores ; José,"Wolff, Egon",Ch862/WOL/in,LITCH
000098848,Faluchos : (30 poetas maulinos),"Meléndez, Mario",Ch861.008/MEL/fa,LITGE
000098878,"La firma en blanco : poesía, poetas y poemas","Hoefler, Walter",809.1/HOE/fi,LITGE
000098896,Boy : (relatos de infancia),"Dahl, Roald",823/DAH/bo,INFAN
000098994,Poemas de la comarca : (poemas 1998-2002),"Riquelme Fuentes, Juan Carlos",Ch861.8336/RIQ/po,LITGE
000099072,Hombres de maíz,"Asturias, Miguel Ángel",G863/AST/ho,LITGE
000099078,Tristura : 1998 - 2000,"Pérez, Floridor",Ch861/PER/tr,LITCH
000099084,Viajero inmóvil,"Alcalde P., Josefina",Ch863/ALC/vi,LITCH
000099343,Condorito extra colección,Pepo,741.5983/CON,COMIC
000099398,La fácil hermosura del olvido y otros cuentos,"Atria, Rodrigo",Ch863/ATR/fa,LITCH
000099408,Cuentos de Grimm y Perrault,"Grimm, Jacob Ludwig Karl",833.008/GRI/cu,LITGE
000099469,Memorias de Iris : 1899-1925,Iris,928/IRI/me,LITGE
000099552,"Cuentos de príncipes, garzas y manzanas",Antología de autores chilenos,Ch/863.008/CUE/pr,INFAN
000099595,El amor es un crimen,"Délano, Poli",Ch863/DEL/am,LITCH
000099684,Cuentos : una selección,"Andersen, H. C., Hans Christian",839.813/AND/cu,LITGE
000099685,Miguelito en el jardín de las historias,"Wielandt Labbé, Ana María",Ch863/WIE/mi,LITCH
000099710,Tres novelas ejemplares y un prólogo,"Unamuno, Miguel de",863/UNA/tr,JUVEN
000099747,Hansel y Gretel,"Grimm, Jacob Ludwig Karl",833/GRI/ha,INFAN
000099754,Restaurant Chile : antología José Ángel Cuevas,"Cuevas, José Ángel",Ch861/CUE/re,LITCH
000099832,Bazar Imperio,"López Aliaga Roncagliolo, Luis",Ch863/LOP/ba,LITCH
000099875,Cuarenta cuentos,"Hidalgo González, Héctor",808/CUA,LITCH
000099886,El Quijote en Chile,"Macías, Sergio, comp",808.88/QUI/en,LITGE
000099893,Páginas de la memoria,"Anguita, Eduardo",Ch868.08/ANE/pa,LITCH
000099897,"Dawson : sangre, penales y golpes","Haltenhoff, William",Ch863/HAL/da,LITCH
000099916,Arco de interrogaciones,"Colipán F., Bernardo",Ch861/COL/ar,LITCH
000100006,La jungla infernal,"Pelloté, Marc",863/PEL/ju,INFAN
000100011,Estados Unidos : este,Fodor's USA. Spanish,917.304//EST/,LITGE
000100061,De lo que aconteció a un rey con su privado y otros relatos,"Juan Manuel, Infante de Castilla",863/JUA/de,LITGE
000100063,Doña Berta y otro relato,"Alas, Leopoldo",863/ALA/do,LITGE
000100074,Carmela,"Decker Márquez, Amalia",B863/DEC/ca,LITGE
000100123,Pepito y sus libruras,"Pelayo P., Pepe",Cu867/PEL/pe,INFAN
000100126,Penta gramas,"Medina Méndez, Violeta",Ch861/MED/pe,LITCH
000100127,La niña de la calavera : cuento basado en un relato mapuche,"Recabarren, Marcela",898.3/REC/ni,LITCH
000100128,Pretérito presente,"Iturra, Carlos",Ch863/ITU/pr,LITCH
000100178,"Cruzando el mediodía : nuevos desafíos, peligros y oportunidades","Zegers P., Beatriz",155.6/ZEG/cr,LITCH
000100179,Antología de obras teatrales,"Stuardo, Oscar",Ch862/STU/an,LITCH
000100191,El neopolicial latinoamericano,Encuentro de Narrativa Policial Latinoamericana,H863.009/ELN,LITGE
000100200,Un mundo llamado Lucas,"Díaz, Jorge",Ch863/DIA/mu,LITCH
000100203,La última polilla de otoño,"Morel, Alicia",Ch863/MOR/ul,LITCH
000100229,Cauquil,"Mansilla Torres, Sergio",Ch861/MAN/ca,LITCH
000100235,En el blanco,"Follett, Ken",823/FOL/en,LITGE
000100268,Natacha,"Moock, Armando",Ch862/MOO/na,LITCH
000100270,El poema en el poema,"Barquero, Efraín",Ch861/BAR/po,LITGE
000100271,La casa de Bernarda Alba,"García Lorca, Federico",863/SAN/qu,INFAN
000100302,Me huele a cuento,Audren,841/AUD/me,LITGE
000100303,Entre caníbales,"Yez, Lyuba",Ch863//YEZ/en,LITCH
000100306,Fantasmas literarios : una convocación,"Valdés, Hernán",Ch868/VAL/fa,LITCH
000100313,Marcha atrás,"Poblete, Patricia",Ch863/POB/ma,LITCH
000100314,El club de la pelea : los Premios Nacionales de Literatura,"Gómez, Andrés",Ch860.79/GOM/cl,LITCH
000100367,Cuentos completos,"Heiremans, Luis Alberto",Ch863/HEI/cu,LITCH
000100381,Bocas del tiempo,"Galeano, Eduardo",U868/GAL/bo,LITGE
000100408,El ángel de la oscuridad,"Carr, Caleb",813/CAR/an,LITGE
000100493,"Eros, la magia y el renacimiento","Undurraga Nieto, María Teresa",Ch863/UND/er,LITCH
000100498,Últimos fuegos,"Costamagna, Alejandra",Ch863//COS/úl,LITCH
000100518,Patagonia,"Gómez, Sergio",Ch863/GOM/pa,LITCH
000100554,Los húsares trágicos,"Inostrosa, Jorge",Ch863/INO/hu,LITCH
000100596,Poesía completa,"Saramago, José",869.1/SAR/po,LITGE
000100688,La libertad del encierro,Umanzor Pablo,Ch863/UMA/li,LITCH
000100852,El gato que encontró a Dios,"Fisher, Robert",813/FIS/ga,LITGE
000100906,Sin cuenta : poemas,"Hahn, Oscar",Ch861/HAH/si,LITCH
000100908,Sábanas rojas,"Massis, Diana",Ch863/MAS/sa,LITCH
000100945,La huella,"Cornwell, Patricia Daniels",813/COR/hu,LITGE
000100956,Comedia infantil,"Mankell, Henning",839.73/MAN/co,LITGE
000100964,Caballo de Troya 7 : Nahum,"Benítez, J. J",863/BEN/caa,LITGE
000100994,Mi amor por ti,"Calderón, Teresa",Ch863/CAL/mi,LITCH
000101019,El último Merovingio,"Hougan, Jim",813/HOU/ul,LITGE
000101022,La mujer de mi vida,"Guelfenbein, Carla",Ch863/GUE/mu,LITCH
000101067,Prácticas rituales,"Tromben, Carlos",Ch863/TRO/pr,LITCH
000101072,Los crisantemos y otros relatos,"Steinbeck, John",813/STE/cr,LITGE
000101076,Mari Belcha y otros relatos,"Baroja, Pío",863/BAR/ma,LITGE
000101106,Crónicas ociosas,"Mouat, Francisco",Ch868/MOU/cr,LITCH
000101153,Historias de patos buenos : cuarto libro,Secretaría General de Gobierno,Ch863.008/HIS/pa,LITCH
000101215,Alas de Chile : aeronaves de la Fueza Aérea 1913 - 2006,"Pérez-Cotapos D., Andrés",629.130983/PER/al,LITGE
000101296,Breve guia de lugares imaginarios,"Manguel, Alberto",809.33/MAN/br,LITGE
000101414,Menos que cero,"Ellis, Bret Easton",813/ELL/me,LITGE
000101423,La chica del crillón,"Edwards Bello, Joaquín",Ch863/EDW/Ch,LITCH
000101476,Al sur de la palabra,Encuentro de Escritores por el Fomento del Libro y la Lectura,H860/ENC/al,LITGE
000101508,Nicanor Parra tiene la palabra,"Quezada, Jaime",Ch861/QUE/ni,LITCH
000101526,Nostalgia de Valparaíso,"Castro Sauritain, Carlos",Ch861/CAS/no,LITCH
000101532,El cielo raso,"Pombo, Alvaro",863/POM/ci,LITGE
000101580,Bachelet : la historia no oficial,"Insunza, Andrea",923.283/INS/BA,LITGE
000101593,Romance del duende que me escribe las novelas,"Rivera Letelier, Hernán",Ch863/RIV/ro,LITCH
000101603,Autorretrato de memoria,"Millán, Gonzalo",Ch863/MIL/au,LITCH
000101656,Estravagario,"Neruda, Pablo",Ch861/NER/es,LITGE
000101772,"Barcelona, mapa de sombras","Cunillé, Llu sa",849.92/cum/ba,LITGE
000101782,Antología poética : 1923-1977,"Borges, Jorge Luis",A863/BOR/an,LITGE
000101795,La escuadra en acción : 1978 :,"Arancibia, Patricia",327.83082/ARA/es,JUVEN
000101821,El mundo de la vida : Husserl y Habermas,"Pizzi, Jovino",142.7/PIZ/mu,LITGE
000101837,Eva y su Tan,"Maturana, Andrea",Ch863/MAT/ev,INFAN
000101881,¿Quién dijo que no se puede?,"Pérez, Luz María",370.19340983/QUI,LITGE
000101944,Despertar confuso,"Rodríguez Bravo, Silvia",Ch863/ROD/de,LITCH
000102147,La casa de pensión y otros relatos,"Dickens, Charles",823/DIC/ca,LITGE
000102157,"¡Bravo, Rosina!","Thomas, María José",Ch863/THO/br,LITCH
000102159,Rikki-tikki-tavi y otros relatos,"Kipling, Rudyard",823/KIP/ri,LITGE
000102168,Noche de bodas y otros relatos,"Blasco Ibañez, Vicente",863/BLA/no,LITGE
000102190,El hombre de oro y otros relatos,"Darío, Rubén",N863/DAR/ho,LITGE
000102194,El rubí del arzobispo y otros relatos,"Boccaccio, Giovanni",853/BOC/ru,LITGE
000102201,En ausencia de Blanca,"Muñoz Molina, Antonio",863/MUÑ/en,LITGE
000102208,Siete ratones ciegos,"Young, Ed",813/YOU/si,LITGE
000102229,La fábula de José,"Alberto, Eliseo",Cu863/ALB/fa,LITCH
000102231,Sarrasine y otros relatos,"Balzac, Honoré de",843/BAL/sa,LITGE
000102234,Golpe de luna y otros relatos,"Rodoreda, Merce",849.93/ROD/go,LITGE
000102314,Mi primer libro de los números,"Heinst, Marie",513.211/HEI/mi,INFAN
000102327,La casa de las palabras,"Romo, Víctor Hugo",Ch863/ROM/ca,LITCH
000102386,La liebre y la tortuga,"Bloom, Becky",398.2/BLO/li,INFAN
000102411,¡devuelvanme a mi perro!,"Hellmann-Hurpoil, Odile",843/HEL/de,INFAN
000102503,El códice maya,"Preston, Douglas J",813/PRE/co,LITGE
000102533,Recuerdos no siempre cuerdos,"Blanco, Guillermo",Ch868/BLA/re,LITCH
000102552,Motivos de San Francisco,"Mistral, Gabriela",Ch861/MIS/mo,LITCH
000102569,Años en el cuerpo : antología personal,"Memet, José María",Ch861/MEM/añ,LITCH
000102572,El Quijote no existe : (espectáculo unipersonal original),"Díaz, Jorge",Ch862/DIA/qu,LITCH
000102576,Grandes economistas en la historia,"Covarrubias, Francisco José",923.3/COV/gr,LITGE
000102592,Puntos de fuga,"Águila Z., Ernesto",Ch861,LITCH
000102626,Memorias de una abuela apostadora,"Khalsa, Dayal Kaur",813/KHA/me,LITGE
000102641,El traje nuevo del emperador,"Valriu i Llinás, Caterina",839.813/VAL/tr,INFAN
000102642,Gutiérrez : textos inéditos,"Braithwaite, Andrés comp",Ch860.8/GUT,LITCH
000102648,La princesa de la sal,"Boada, Francesc",808/PRI,INFAN
000102651,"Dieta de archivo : memoria, crítica y ficción","Pérez Villalobos, Carlos",Ch864/PER/di,LITCH
000102687,Antología de la poesía universal,"Maltés Cortés, Julio, comp",808.81/ANT/po,LITGE
000102694,El grito silencioso,"Oé, Kenzaburo",895/OE/gr,LITGE
000102699,Eugenio Praz : ataque al inframundo,"Gómez, Sergio",Ch863/GOM/eu,LITCH
000102751,Baquiana :,Edic. Baquiana,H860/BAQ,LITGE
000102810,Plasma,"Santa Cruz, Guadalupe",Ch863/SAN/pl,LITCH
000102815,Postales,"Contreras, Larissa",Ch863/CON/po,LITCH
000102856,Breviario de fantasmas,"Valdovinos, Mario",Ch862/VAL/br,LITCH
000102860,Constanza de Nordenflycht : la querida de Portales,"Rodríguez, Eugenio",Ch863/NOR/ro,LITCH
000102873,El ojo atravesado,"Mistral, Gabriela",Ch866/MIS/oj,LITCH
000102874,Entre Celan y Heidegger,"Oyarzún Robles, Pablo",Ch864/OYA/en,LITCH
000102893,Mare nostrum : los seres vivos y su medio,"Schkolnik, Saúl",Ch863/SCh/ma,LITCH
000102972,Oscar Oso,"Pledger, Maurice",808.068/PLE/os,INFAN
000103039,Carlos Pezoa Véliz : alma chilena de la poesía,"Hachim Lara, Luis",Ch861/PEZ/ha,LITCH
000103085,La fortaleza digital,"Brown, Dan",813/BRO/fo,LITGE
000103167,Manualidades para niños,"Owen, Cheryl",745.5//MAN/ni,INFAN
000103169,Solar del paraíso y otro relato,"Aldecoa, Ignacio",863/ALD/so,LITGE
000103179,Two much,"Westlake, Donald E",813/WES/tw,LITGE
000103194,Los dioses de sí mismos,"Armas Marcelo, Juan José",863/ARM/di,LITGE
000103251,Canción de cuna,"Wood, Barbara",823/WOO/ca,LITGE
000103268,Pantaleon y las visitadoras,"Vargas Llosa, Mario",Pe863/VAR/pa,LITGE
000103330,Viaje alucinante,"Asimov, Isaac",813/ASI/vi,LITGE
000103382,Me toca a mí,"Maisner, Heather",823/MAI/me,INFAN
000103383,Visita al doctor,"Maisner, Heather",610/MAI/vi,INFAN
000103384,Llega el bebé,"Maisner, Heather",823/MAI/lle,INFAN
000103385,La mudanza,"Maisner, Heather",823/MAI/mu,INFAN
000103387,Sobrevivir en el recreo,"Burns, Peggy",155.24/BUR/so,INFAN
000103467,"Erecciones, eyaculaciones, exibiciones","Bukowski, Charles",813/BUK/er,LITGE
000103573,Asedios (a) Morales,"Ahumada Peña, Haydeé",Ch861/ASE,LITCH
000103620,Misery,"King, Stephen",813/KIN/mi,LITGE
000103655,La palabra quebrada : ensayo sobre el ensayo ; Escritorio,"Cerda, Martín",Ch864/CER/pa,LITCH
000103669,Moneda dura : Gabriela Mistral por ella misma,"Mistral, Gabriela",Ch861/MIS/mo,LITCH
000103689,Tierra de sueños : (mapu ñi pewman),"García, Ximena",Ch863/GAR/ti,LITCH
000103695,La profecía Romanov,"Berry, Steve",813/BER/pr,LITGE
000103698,73 epigramas upelientos : una advertencia y un epitafio,"Forch, Juan",808.882/FOR/ep,LITGE
000103721,Flecha verde y otros cuentos,"Di Girolamo C., Vittorio",853//DIG/fl,LITCH
000103730,El despertar de las sombras,"Csato, Agnes",859.3/CSA/de,LITGE
000103736,EL libro blanco de Chile : el problema marítimo boliviano,"Hormazábal Díaz, Fernando",327.83084/HOR/li,LITGE
000103751,La música de las montañas : cuento basado en un relato Aymara,"Recabarren, Marcela",Ch863/REC/mu,LITCH
000103759,Ocaso de las buganvillas,"Valdivieso, Jaime",Ch863/VAL/oc,LITCH
000103779,Puestos varios : cuentos,"Eytel, Guido",Ch863/EYT/pu,LITCH
000103843,El calafate : cuento basado en un relato anikenk,"Pavez, Ana María",Ch863/PAV/ca,INFAN
000103846,En busca de la música chilena :,"Varas Morel, José Miguel",780.983/VAR/en,LITGE
000103866,Chile : aquí vivo yo : retratos de mi tierra y mi gente,"Nishimura, Yasuyo ed",Ch860.8/ChI,INFAN
000103917,Historias de patos buenos : tercer libro,Secretaría General de Gobierno,Ch863.008/HIS/pa,LITCH
000103941,Del trópico,"Ramírez Heredia, Rafael",M863/RAM/de,LITGE
000103942,El orden alfabético,"Millás, Juan José",863/MIL/or,LITCH
000103949,"Concurso literario  ""Stella Corvalàn"" : género poesía","Concurso Literario Nacional Premio Stella Corvalán Talca, Chile",Ch861.8335/COR/co,LITCH
000103977,El Pan del hombre : antología poética,"Ortíz Suárez, José Miguel",Ch861.008/PAN,LITCH
000104058,Un amigo en Chile : tras la huella de Cristián Huneeus,"Gould, Tony",Ch863/HUN/go,LITCH
000104127,Abrir las puertas : discursos escogidos junio 2003-febrero 2004,Chile. Presidente Lagos Escobar,354.83/ChI/ab,LITGE
000104166,Sacerdotes y bestias : ensayo para una etno-psicología poética,"Pérez Krumenacker, Benjamin",Ch860/PER/sa,LITCH
000104265,Juegos imaginativos para desarrollar la inteligencia de los ninos,"Tuttle, Cheryl Gerson",790.1/TUT/ju,JUVEN
000104287,Antología cuarta,"Arteche, Miguel",Ch861/ART/an,LITCH
000104563,"Cartas privadas, (1947-1982)","Orrego Vicuña, Claudio",Ch868/ORR/ca,LITGE
000104604,Intramuros : antología poética,"Barros, José Antonio",Ch861.008/INT,LITCH
000104631,"Los pequeños : juega y aprende 1, 2, 3","Priddy, Roger",790.1922/PRI/pe,INFAN
000104822,Perfiles identitarios,"Carrizo, Alberto",Ch868/CAR/pe,LITCH
000104868,Ñielol : los versos sin nombre,"Ortega Navarrete, Pablo D",Ch861/ORT/ve,LITCH
000104939,Océano : increíbles fotografías tridimensionales!,"Denny, Matt",590/DEN/oc,INFAN
000105037,Wolff,"Oyarzún L., Carola",Ch862/WOL,LITCH
000105060,José Donoso : a diez años de su muerte,Alfaguara,Ch863/DON,LITCH
000105145,Santiago en 100 Palabras,"Mejores 100 cuentos II, 2003-2004",Ch863.008/SAN/,LITCH
000105361,El llano en llamas,"Rulfo, Juan",M863/RUL/ll,LITGE
000105393,La familia de Pascual Duarte,"Cela, Camilo José",863/CEL/fa,LITGE
000105413,Aventura en las estrellas,"Balcells, Jacqueline",Ch863/BAL/av,LITCH
000105425,Historia y teoría de la poesía popular chilena ( vista por un cultor),"Rojas Navarro, Camilo",Ch861.009/ROJ/hi21,LITCH
000105462,Las pesadillas de Ada,"Córdova Rosas, Isabel",Pe863/COR/pe,INFAN
000105493,Canto a lo divino y religión popular en Chile hacia 1900,"Salinas Campos, Maximiliano A",Ch861.008/SAL/ca,LITCH
000105526,Minería y desarrollo,"Lagos, Gustavo ed",Ch863/PAU/au,LITCH
000105537,Gabriela : -- a 60 años de su premio Nobel,"Romero, Sergio",Ch860/MIS/ga,LITGE
000105541,Poesía chilena desclasificada : (1973-1990) : v.1,"Contreras, Gonzalo, comp",Ch861.008/POE,LITCH
000105551,El tartamudo,"Sánchez León, Abelardo",Pe863/SAN/ta,LITGE
000105720,Cuentos completos,"Blanco, Guillermo",Ch863/BLA/cu,LITCH
000105721,In significantes,"Uribe, Armando",Ch861/URI/in,LITCH
000105754,Escuela para genios,"Alister, K. A",863/ALI/es,INFAN
000105758,Informe contra mí mismo,"Alberto, Eliseo",Cu864/ALB/in,LITCH
000105761,La educación de un hada,"Cauwelaert, Didier van",843/CAU/ed 2001,LITGE
000105767,La Isla del Cundeamor,"Vázquez Díaz, René",Cu863/VAZ/is,LITGE
000105768,Colores primarios,"Klein, Joe",813/COL/pr,LITGE
000105795,Jonny Quest : las increibles aventuras : las aventuras Quest,"Siepe, Angelica V",741.59/JON/av,JUVEN
000105796,Jonny Quest : las increibles aventuras : el equipo Quest,"Siepe, Angelica V",741.59/JON/eq,JUVEN
000105867,El cementerio de los disidentes,"Gaete Briones, Claudio",Ch861/GAE/ce,LITCH
000105885,Ceremonias interrumpidas : cuentos breves,"Eguiluz, Luisa",Ch863/EGU/ce,LITCH
000105899,Verbo y carne en tres poetas de la lírica homoerótica,"Torres, Daniel",H861.009/TOR/ve,LITGE
000105937,Las sílabas,"Rojas, Gonzalo",Ch861/ROJ/si,LITGE
000105950,Job,"Campos-Prado, Nadia",Ch861/CAM/jo,LITCH
000106141,Tierra del Fuego,"Coloane, Francisco",Ch863/COL/ti,LITCH
000106160,Cara y sello de una dinastía : novela de facto,"Echeverría, Mónica",Ch863/ECh/ca,LITCH
000106179,Las vacaciones del pequeño Nicolás,Goscinny,843/GOS/va,INFAN
000106185,Reencuentro con Federico Gana 1867-1926,"Gana, Federico",Ch863/GAN/re,LITCH
000106188,Bilis negra : seguido de una explicación científica,"Markus, Mario",741.5983/MAR/bi,JUVEN
000106216,"Literatura chilena, apuntes de un tiempo : 1970-1995","Quezada, Jaime",Ch860.9004/QUE/li,LITCH
000106261,Ponchito,Nato,741.5983/NAT/po,JUVEN
000106281,Manchas de color,"Gana, Federico",Ch863/GAN/ma,LITCH
000106326,China : montañas,"Fuente, Darío de la",Ch861/FUE/Ch,LITCH
000106364,Nubes,"Aristófanes, a.C",882/ARI/nu/c.2,LITGE
000106389,Retratos de Jorge Teillier : fotografías y testimonios,"García Villarroel, Patricia",928.61/GAR/re,LITGE
000106390,Un cuarto propio,"Woolf, Virginia",824/WOO/cu,LITGE
000106395,Tribu,"Fritz, Ignacio",Ch863/FRI/tr,LITCH
000106396,San Román de la Llanura,"Oyarzún D., Pavel",Ch863/OYA/sa,LITCH
000106521,Abril Rojo,"Roncagliolo, Santiago",Pe863/RON/ab,LITGE
000106527,Artes menores (1964-2004),"Gandolfo, Pedro",Ch868/GAN/ar,LITCH
000106532,Momo,"Ende, Michael",833/END/mo,INFAN
000106595,Nadie quiere jugar conmigo,"Keselman, Gabriela",A863/KES/na,LITGE
000106614,Descubre y toca : escondidos en la granja,"Del Alba, Arlette, trad",808.068/DES,INFAN
000106615,Como escribir realmente mal,"Fine, Anne",823/FIN/co,INFAN
000106623,Abuelita Opalina,"Puncel, María",863/PUN/ab,INFAN
000106669,Taken for a ride : escritura de paso,"Oyarzún, Luis",Ch868/OYA/ta,LITCH
000106712,"Juan Florit caudillo de los veleros : vida, poesía y prosa","Florit, Juan",Ch860/FLO/ju,LITGE
000106749,Los países muertos,"Zurita, Raúl, prol",Ch861/ZUR/pa,LITCH
000106772,Los misterios,"Serrano, Miguel",Ch868/SER/mi,LITGE
000106814,Osvaldo Soriano : una contrautopía posmoderna,"Montes, Cristián",A863/MON/os,LITGE
000106959,Sus mejores cuentos,"Coloane, Francisco",Ch863/COL/su,LITCH
000106996,El albergue de las mujeres tristes,"Serrano, Marcela",Ch863/SER/al,LITCH
000107051,El Verbo descerrajado,Apostrophes Eds,H861.008/VER,LITGE
000107071,Papelucho en la clínica,"Paz, Marcela",Ch863/PAZ/pc,LITCH
000107115,"Yo, la peor de todas","Lamat, Estela",Ch861/LAM/yo,LITGE
000107138,Jerusalén,"Lagerl f, Selma",839.73/LAG/je,LITGE
000107199,Miradas lastimeras no quiero,"Radrigán, Flavia",Ch862/RAD/mi,LITGE
000107201,El topo que quería saber quién,"Holzwarth, Werner",833/HOL/to,LITGE
000107310,Dramaturgianueva : análisis de recursos formales,"Espinoza, Marco",808.2/DRA/an,LITGE
000107398,Cleo : historias,"Santana, Coté",Ch863/SAN/cl,INFAN
000107428,La misteriosa llama de la reina Loana,"Eco, Umberto",853/ECO/mi,LITGE
000107471,Selección de poesía 2005,"Concurso Nueva Poesía er. Santiago, Chile",Ch861.008/CON/se,LITCH
000107491,Romance del duende que me escribe las novelas,"Rivera Letelier, Hernán",Ch863/RIV/ro,LITCH
000107562,El libro de todos : antiguas leyendas quiché,"Latorre, Remberto",Ch862/LAT/li,LITCH
000107623,El lobo estepario,"Hesse, Hermann",833/HESS/lo,LITGE
000107629,Sobrevivir a un fusilamiento : ocho historias reales,"Zalaquett A., Cherie",364.660983/ZAL/so,LITCH
000107632,Palabras de Ortega en Chile,"Ortega y Gasset, José",868/ORTpa,LITGE
000107724,Karukiná : los onas en el universo,"Ojeda Figueroa, César",Ch863/OJE/ka,LITCH
000107767,El amor en los tiempos del cólera,"García Márquez, Gabriel",C863/GAR/am,LITGE
000107796,El veraneo y otros horrores,"Lafourcade, Enrique",Ch868/LAF/ve,LITCH
000107809,El caso de Charles Dexter Ward,"Lovecraft, H. P",813/LOV/ca,LITGE
000107834,"Manuel, en los labios por mucho tiempo","Mistral, Gabriela",Ch866/MIS/ma,LITCH
000107900,En el baño,"Wayne von K nigsl w, Andrea",C813/WAY/en,INFAN
000107906,"Quizapu : relatos, cuentos, leyendas, adivinanzas y otros mixtos de la camuna de San Clemente","Palma Martínez, Alejandrina comp",Ch860/PAL/qu,JUVEN
000107909,En busca de la flor negra,"Mendo, Miguel Angel",863/MEN/en,LITGE
000107925,Peripecias,"Benavente, David",Ch862/PER/te,LITCH
000107930,Al y Oli : dos vampiros sin dientes,"Menéndez, Elvira",863/MEN/al,LITGE
000107935,Todas íbamos a ser putas,"Fuentes, Roberto",Ch863/FUE/to,LITCH
000107943,El volcán,"Jara, Fátima de la",863/JAR/vo,INFAN
000107962,La colina Barrugota,"Jara, Fátima de la",863/JAR/co,INFAN
000107963,Penas del joven Werther,"Goethe, Johann Wolfgang von",833/GOE/pe,LITGE
000107964,La ola,"Jara, Fátima de la",863/JAR/ol,INFAN
000107971,El rayo y sus amigos,"Jara, Fátima de la",863/JAR/ra,INFAN
000107984,El niño que comía palabras,"Sturniolo, Norma",863/STU/ni,LITGE
000107994,Rosa está hecha un lío,"Chandro, Juan Carlos",863/ChA/ro,INFAN
000108052,Diálogos con la cultura : tertulias 2002 - 2003,Universidad Finis Terrae Chile,H860.9/DIA/cu,LITGE
000108056,Vidas vulnerables,"Simonetti, Pablo",Ch863/SIM/vi,LITCH
000108063,Conceptos básicos de expresión oral y escrita,"Aguayo Álvarez, Pamela",372.4/AGU/co,LITGE
000108064,Gabriela Mistral : única y diversa,"Mistral, Gabriela",Ch860//MIS/ga,LITCH
000108066,La medusa y otros textos inéditos,"Díaz-Casanueva, Humberto",Ch861/DIA/me,LITCH
000108122,Iniciación a las ciencias naturales,"Díaz Jiménez, María de las Mercedes",372.357/DIA/in,LITGE
000108152,Neruda : la biografía literaria,"Loyola, Hernán",Ch861/NER/lo,LITCH
000108153,En el coto de la mente,"Belli, Carlos Germán",Pe861/BEL/en,LITGE
000108154,Sangre como la mía,"Marchant Lazcano, Jorge",Ch863/MAR/sa,LITCH
000108155,El número Kaifman,"Ortega, Francisco",Ch863/ORT/nu,LITCH
000108326,La niña y su farol ; La Pincoya,Anónimo,808.83/NIÑ/fa,INFAN
000108359,Jugar al teatro,"Fernández Ladrón de Guevara, Miguel Ángel",808/FER/ju,LITGE
000108376,Dimitri,"De Lasa, Catherine",863/DEL/di,LITGE
000108382,El caso caraviscosa,"Joly, Fanny",863/JOL/ca,LITGE
000108422,La escuela : el reino de la belleza : antología de Gabriela Mistral para escolares de 1o. a 8o. bá,"Mistral, Gabriela",Ch860/MIS/es,LITCH
000108424,Aventura en Lima,Un veterano,Ch863/UN/av,LITCH
000108447,Memorias prematuras,"Gumucio Araya, Rafael",Ch863/GUM/me,LITCH
000108498,Adivinanzas : un libro para niños,"Hernández, Sergio",793.735/HER/ad,INFAN
000108590,Psicología infantil I,"Vera Villalobos, Víctor F",370.15/VER/ps,LITGE
000108692,El cazador y otros cuentos,Concurso de Cuentos de Revista Paula Santiago,Ch863.008/CON/ca,LITCH
000108833,Murciélaga : poemas y fotografías,"Qüense, Verónica",Ch861/QUE/mu,LITCH
000108861,Qué gane el más mejor : mérito y competencia en el Chile de hoy,"Engel, Eduardo",983.064/ENG/qu,LITGE
000108866,Cuentos grabados : antología imaginaria,"López, Marco",Ch863/LOP/cu,LITCH
000108873,El día del carnaval,"Cristaldi, Kathryn",863/CRI/di,INFAN
000108875,La villa,"Steel, Danielle",813/STE/vi,LITGE
000108887,Pasiones griegas,"Ampuero, Roberto, -",Ch863/AMP/pa,LITCH
000108892,Obra poética,"Hahn, Oscar",Ch861/HAH/ob,LITCH
000108893,Tlapalería,"Poniatowska, Elena",M863/PON/tl,LITGE
000108955,Obras públicas : ver para creer,"Parra, Nicanor",Ch861/PAR/ob 2006,LITGE
000109031,Cuadernos de Bárbara,"Délano Azócar, Bárbara",Ch861/DEL/cu,LITCH
000109040,Las cien águilas,"Marín, Germán",Ch863/MAR/ci,LITCH
000109050,Leopardo al sol,"Restrepo, Laura",C863/RES/le,LITGE
000109144,Marta y el hada Margarita,"Rodríguez, Mónica",863/ROD/ma,INFAN
000109310,Una niñera de cuidado,"Chandro, Juan Carlos",863/ChA/ni,INFAN
000109340,Las musas,"Barros, Cristián",Ch863/BAR/mu,LITCH
000109522,Ami y Perlita,"Barrios, Enrique",Ch863/BAR/ape,LITCH
000109531,Las aventuras del Super Bebe Panal : primera novela gráfica,"Pilkwey, Dav",813/PIL/av,INFAN
000109611,Nieve,"Pamuk, Orhan",894.353/PAM/ni,LITGE
000109711,Caballito azul. La gallina Serafina,"Rossel Santander, Verónica",863/ROS/ca,INFAN
000109712,"El patito feo. Brrr, el pingüino friolento","Andersen, H. C., Hans Christian",839.813/AND/pa,INFAN
000109742,Animales bebés,"Vera, Paula",590/VER/an,INFAN
000109743,Animales de la jungla,"Vera, Paula",590/VER/an,INFAN
000109761,A bañarse,"Vera, Paula",391.65/VER/ab,INFAN
000109765,Mar interior,"Soria-Galvarro Rebollo, Yuri",B863/SOR/ma,LITGE
000109785,Papaíto piernas largas,"Webster, Jean",813/WEB/pa,LITGE
000109796,Los sueños mágicos de Bartolo,"Paredes, Mauricio",Ch863/PAR/su,LITGE
000109800,Un Monstruo en el armario,"Vázquez-Vigo, Carmen",863/VAZ/mo,INFAN
000110059,El ladrón de ladrillos,"Aramburu, Fernando",863/ARA/la,INFAN
000110060,La hija del espantapájaros,"Gripe, Maria",839.73/GRI/hi,JUVEN
000110085,El libro negro,"Pamuk, Orhan",894.353/PAM/li,LITGE
000110099,"Obras completas : de ""Gato en el camino"" a ""Artefactos""","Parra, Nicanor",Ch861/PAR/ob,LITCH
000110181,Mundo de dinosaurios,"Schatz, Dennis",567.9/SCh/mu,INFAN
000110194,El maestro del emperador,"Gálvez, Pedro",863/GAL/ma,LITGE
000110222,"El laberinto : [tres secretos, dos mujeres, un grial]","Mosse, Kate",823/MOS/la,LITGE
000110300,Manual de Carreño : manual de urbanidad y buenas maneras,"Carreño, Manuel Antonio",C813/WIL/pe,LITGE
000110305,Historia contemporánea de Chile,"Salazar Vergara, Gabriel",983.04/SAL/hi,LITGE
000110324,Ami el niño de las estrellas,"Barrios, Enrique",Ch863/BAR/am,LITGE
000110325,Don Juan Tenorio,"Zorrilla, José",862/ZOR/jua,LITGE
000110370,Inés del alma mía,"Allende, Isabel",Ch863/ALL/in,LITCH
000110395,Travesuras de la niña mala,"Vargas Llosa, Mario",Pe863/VAR/ci,LITGE
000110403,Vidas vulnerables,"Simonetti, Pablo",Ch863/SIM/vi,LITCH
000110747,Fray Perico en la guerra,"Muñoz Martín, Juan",863/MUÑ/fpg,INFAN
000110820,Didáctica y evaluación de las artes,"Müller Prado, Wilson Boris",372.5/MU/di,LITGE
000110863,Canción para caminar sobre las aguas,"Rivera Letelier, Hernán",Ch863/RIV/ca,LITCH
000110874,Relatos de un mirador _= The onlooker's tales,"Muñoz Carreño, Rodrigo",770.983365/MUÑ/re,LITGE
000110893,La bruja de Portobello,"Coelho, Paulo",B869.3/COE/br,LITGE
000110918,Ideas para una educación de calidad,"Santa Cruz Sutil, Lucia, prol",370.110/DE/pa,LITGE
000111011,Relación personal,"Millán, Gonzalo",Ch861/MIL/re,LITCH
000111088,"Tarapacá : novela local, debida á la pluma del escritor don","Zola, Juanito",Ch863/ZOL/ta,LITCH
000111135,Sin cadenas,"Sánchez, Carlos Cuauhtémoc",M863/SAN/sa,LITGE
000111218,El origen del mundo,"Edwards, Jorge",Ch863/EDW/or,LITCH
000111243,El enigma del barquero y otros cuentos,"Devetach, Laura",A863/DEV/en,LITGE
000111429,Los refugios de piedra,"Auel, Jean M",813/AUE/re,LITGE
000111444,Quién sabe liberar a un dragón?,"Sánchez, Paloma",863/SAN/qu,INFAN
000111508,El doctor orangután,"Silva, María Luisa",Ch863/SIL/do,LITCH
000111532,"Soy dix-leso?, por Papelucho","Paz, Marcela",Ch863/PAZ/so,LITCH
000111569,Las noches del rey Edgardo,"Alegría Ramírez, Gloria A",Ch863/ALE/no,LITCH
000111577,Te amo y te odio : poesía erótica,"Uribe, Armando",Ch861/URI/te,LITCH
000111599,Un actor sin escenario,"Casas, Jaime",Ch863/CAS/ac,LITCH
000111607,Me llamo Rojo,"Pamuk, Orhan",894.353/PAM/me,LITGE
000111617,Primero es el sueño,"Latorre, Remberto",M862/LAT/pr,LITGE
000111682,Uniformes de la guerra del pacífico,"Fernández, Greve",355.0983/UNI,LITGE
000111699,Memoria de crímenes,"Bradbury, Ray",813/BRA/me,LITGE
000111709,Tierra marcada,"Cabrera Infante, Guillermo",H863/TIE,LITGE
000111714,"Jonás, la vida en vilo","Balcells, Ignacio",Ch863/BAL/jo,LITCH
000111751,Papelucho historiador,"Paz, Marcela",Ch863/PAZ/phi,INFAN
000111773,"La fe, el amor, la estupidez","Uribe, Armando",Ch861/URI/fe,LITCH
000111796,"La Negra Ester, décimas ; El desquite","Parra, Roberto",Ch860/PAR/ne,LITCH
000111878,Los desheredados,"Dávila León, Oscar",379.1530983/DAV/de,LITCH
000111929,La travesía del viajero del alba,"Lewis, C. S",823/LEW/tr,LITGE
000111935,"Obras ajenas, muertes y otras liberaciones","Medel Ziebrecht, Mauricio",Ch863/MED/ob,LITCH
000111939,La dama de las camelias,"Dumas, Alexandre",834/DUM/da,LITGE
000112010,Una nota estridente : (1968-1972),"Lihn, Enrique",Ch861/LIH/no,LITCH
000112104,Angeles y demonios,"Brown, Dan",813/BRO/an,LITGE
000112179,"Los versos, los años (1958-2006) : antología poética","Belli, Carlos Germán",Pe861//BEL/ve,LITGE
000112181,Fulgor del aire : antología poética,"Gelman, Juan",A861/GEL/fu,LITGE
000112191,Fundación,"Asimov, Isaac",813/ASI/fu,LITGE
000112234,El urogallo,"Tournier, Michel",843/TOU/ur,LITGE
000112408,Poemas de amor,"Zurita, Raúl, prol",Ch861/ZUR/po,LITCH
000112461,Cadáver tuerto,"Labarca Goddard, Eduardo",Ch863/LAB/ca,LITCH
000112681,Fantasmas en la casa rodante,"Silva, María Luisa",Ch863/SIL/fa,INFAN
000112710,El pájaro libro,"Franz Rosell, Joel",Cu863/FRA/pa,INFAN
000112730,Ahorcón : [poemas],"Uribe, Armando",Ch861/URI/ah,LITCH
000112742,Frin,"Pescetti, Luis Maria",A863/PES/fr,INFAN
000112769,"Borges, una biografía en imágenes","Vaccaro, Alejandro",928.61/BOR/va,LITGE
000112796,Historia de un niñito bueno : historia de un niñito malo,Twain Mark,813/TWA/hi,INFAN
000112820,Faltaban solo unas horas : aproximación a Joaquín Edwards Bello,"Benadava, Salvador",Ch868/EDW/be,LITCH
000112822,Recuerdos del pasado,"Pérez Rosales, Vicente",983/PER/re,LITGE
000112839,Autoformato,"Apablaza, Claudia",Ch863/APA/au,LITCH
000112959,Cartas de la memoria,"Pinto Solari, Malucha",Ch866.00809/PIN/ca,LITGE
000113074,Deber de urbanidad,"Rojas, Waldo",Ch861/ROJ/de,LITGE
000113161,"La literatura clásica griega : historia, textos, comentarios","García Alvarez, César",880.9/GAR/li,LITGE
000113181,Crepúsculo : un amor peligroso,"Meyer, Stephenie",813/MEY/cr,LITGE
000113199,Cuentos ambientales infantiles,Concurso Cuentos Infantiles,Ch863.008/CUE,LITGE
000113212,Cuenta el pueblo mapuche,"Koessler-Ilg, Berta",Ch898/KOE/cu,LITCH
000113223,La ropa,"Vera, Paula",646/VER/ro,INFAN
000113230,Mascotas,"Vera, Paula",636/VER/ma,INFAN
000113237,Animales salvajes,"Vera, Paula",590/VER/an,INFAN
000113242,Siri y Mateo,"Maturana, Andrea",Ch863/MAT/si,INFAN
000113246,Los chilenos en su tinto,"Pérez de Arce, Hermógenes",Ch864/PER/Ch,LITCH
000113248,Nadar a oscuras,"García Huidobro, Beatriz",Ch863/GAR/na,LITCH
000113262,Breve historia universal : (hasta el año 2000),"Krebs Wilckens, Ricardo",909/KRE/br,LITGE
000113272,Edipo Rey ; Antígona ; Electra,"Sófocles, - A. C",882/SOF/ed,LITGE
000113294,El clasificador,"Mihovilovi , Juan",Ch863/MIH/cl,LITCH
000113299,Alibarú : la ronda de las estaciones,"Plaza, José Ma. Jose Maria",861/PLA/ra,LITGE
000113384,Cuentos de Grimm y Perrault,"Grimm, Jacob Ludwig Karl",833.008/GRI/cu,LITGE
000113439,Cantos de tierra 2003,"Alarcón Romero, Edgardo",Ch861/ALA/co,LITCH
000113482,El secreto de los chamanes,"Wood, Barbara",823/WOO/se,LITGE
000113492,Cuentos chilenos : (una antología),"Río, Ana María del",Ch863.008/CUE/Ch,LITCH
000113493,Orlando,"Woolf, Virginia",823/WOO/or,LITGE
000113497,Tratado de responsabilidad extracontractual,"Barros Bourie, Enrique",346.8303/BAR/tr,LITGE
000113499,La s7ptima M,"Solar, Francisca",Ch863/SOL/se,LITCH
000113500,La sangre de los inocentes,"Navarro, Julia",863/NAV/SA,LITGE
000113544,Caballo de Troya 8 : Jordán,"Benítez, J. J",863/BEN/caj,LITGE
000113556,Manuela color canela,"Dreser, Elena",A863/DRE/ma,INFAN
000113588,Cuenta ratones,"Walsh, Ellen Stoll",808.068/WAL/cu,INFAN
000113614,Hilando en la memoria : 7 mujeres mapuches : poesía,"Falabella, Soledad",Ch898.1008/HIL,LITCH
000113616,La historia como conjetura : reflexiones sobre la narrativa de Jorge Edwards,"Ampuero, Roberto, -",Ch863/ED/am,LITCH
000113642,Ética e innovación tecnológica,"Lolas Stepke, Fernando",174.96/ETI,LITGE
000113690,El enigma Vivaldi,"Harris, Peter",813/HAR/en,LITGE
000113702,Embarazo y nacimiento eutónico : método Frida Kaplan,"Kaplan, Frida",618.24/KAP/em,LITGE
000113707,Apuntes autistas,"Fuguet, Alberto",Ch863/FUE/ap,LITCH
000113741,La inundación,"Lawrence, Michael",823/LAW/in,LITGE
000113815,Nicanor Parra : poeta imaginario = imaginary poet,"Gumucio Araya, Rafael",929/PAR/gu,LITGE
000113825,La mujer y el trabajo : 90 ideas para el autoempleo,"Alles, Martha Alicia",658.30083/ALL/mu,LITGE
000113908,Diccionario de recursos humanos : organización y dirección,"Fernández-Ríos, Manuel",813/LON/ll,LITGE
000114013,La universidad desconocida,"Bolaño, Roberto",Ch863/BOL/un,LITCH
000114017,El chupacabras de Pirque,"Pelayo P., Pepe",Ch863/PEL/Ch,INFAN
000114051,La vida es un supermercado,"Puchol, Luis",658.8342/PUC/vi,LITGE
000114140,El evangelio según Judas,"Iscariote, Benjamín",229.8/ISC/ev,LITGE
000114214,El misterio de las Tanias,"Edwards, Sebastián",Ch863/EDW/mi,LITGE
000114244,El escándalo Modigliani,"Follett, Ken",823/FOL/es,LITGE
000114248,Poesía reunida,"Rubio, Alberto",Ch861/RUB/po,LITCH
000114255,El color que cayó del cielo,"Lovecraft, H. P",813/LOV/co,LITGE
000114257,¿Quieren saber por qué les cuento cuentos Aónikenk?,"Schkolnik, Saúl",398.2089983/QUI/sa,INFAN
000114258,El creciente dorado : poesía islámica,"Kartal, Selim",Ch861/KAR/cr,LITCH
000114267,El lobero y otros cuentos de chiloé,"Concha Cosani, Beatriz",Ch863/CON/lo,INFAN
000114276,"El arte del buen gobierno : Agapito Diácono,","Soto Ayala, Roberto",888.109/SOT/ar,LITGE
000114300,El viaje bajo los quitasoles amarillos,"Emmerich, Fernando",Ch863/EMM/vi,LITCH
000114302,Utopía y mentira de la novela panóptica,"Rodríguez Fernández, Mario, ed",Ch863.09/UTO/me,LITCH
000114369,El sonido de la montaña,"Kawabata, Yasunari",895.63/KAW/so,LITGE
000114379,Los extravíos de su mirada : (cuentos),"Radrigán, Flavia",Ch863/RAD/ex,LITCH
000114462,Mo baila flamenco,"Barrientos Morales, Fresia",Ch863/BAR/mo,INFAN
000114466,Vicente y la clase de natación,"Barrientos Morales, Fresia",Ch863/BAR/vi,INFAN
000114494,Pablo Neruda esencial,"Neruda, Pablo",Ch860/NER/pa,LITCH
000114501,Vírgenes de Chile,"Pohlhammer, Erick",Ch861/POH/vi,LITCH
000114504,Por historia y travesura,"Peralta, Juan Bautista",Ch861/PER/po,LITCH
000114560,Dicho sea de paso : antología,"Bertoni Lemus, Claudio",Ch861/BER/di,LITCH
000114790,El viento de la Luna,"Muñoz Molina, Antonio",863/MUN/vi,LITGE
000114839,Me llamo Rojo,"Pamuk, Orhan",894.353/PAM/me,LITGE
000114855,La historia subyacente,"Valdés, Hernán",Ch863/VAL/hi,LITCH
000114868,La trilogía de las fiestas,"Muñoz Opazo, Rodrigo",Ch863/MUÑ/tr,LITCH
000114893,El cuento número trece,"Setterfield, Diane",823/SET/cu,LITGE
000114922,Matrioska,"Inkiow, Dimiter",833/INK/ma,LITGE
000114983,La catedral del Mar,"Falcones de Sierra, Ildefonso",863/FAL/ca,LITGE
000115112,El Chile que no queremos,"Villegas, Fernando",Ch863/VIL/Ch,LITGE
000115116,En las garras de los mataperros,"Pelayo P., Pepe",Cu863/PEL/en,INFAN
000115118,El Buda de oro,"Cussler, Clive",813/CUS/bu,LITGE
000115168,Folclor lingüístico chileno : paremiología,"Plath, Oreste",398.961/PLA/fo,LITGE
000115282,El conquistador,"Andahazi, Federico",A863/AND/co,LITGE
000115335,El abrazo del oso,"Forch, Juan",Ch863/FOR/ab,LITCH
000115403,Nicanor Parra de cuerpo entero : vida y obra del antipoeta,"Quezada, Jaime",928.61/PAR/qu,LITCH
000115404,Purgatorio,"Zurita, Raúl, prol",Ch861/ZUR/pu,LITGE
000115492,Introducción al estudio de los insectos de Chile,"Peña Guzmán, Luís E",595.70983/PEÑ/in,LITCH
000115509,Papelucho : mi hermano hippie,"Paz, Marcela",Ch863/PAZ/pa,INFAN
000115515,El último encuentro,"Márai, Sándor",894/MAR/ul,LITGE
000115536,El ejército de las sombras,"Clark, Simon",823/CLA/ej,LITGE
000115581,Una luz en el establo : [novela bíblico-histórica],"Capo, Jesús",863/CAP/lu,LITGE
000115778,"Odette, hija de la Revolución Francesa","Balcells, Jacqueline",Ch863/BAL/od,INFAN
000116935,Antología de Gibrán Jalil Gibrán,"Pérez, Floridor",892.7808/PER/an,LITGE
000116974,El último dinosaurio & otros cuentos,"Quintana, María Isabel",Ch863/QUI/ul,LITCH
000117188,Quiero ser famosa,"Bordons, Paloma",863/BOR/qu,INFAN
000117491,Galahad El hijo del santo grial,"Miles, Rosalind",823/MIL/ga,LITGE
000117759,"Mi testimonio de fe : el servicio público, el sentido del dolor","Longueira, Pablo",Ch868/LON/te,LITCH
000118120,La bruja que no sabía reír,"Mas, Hermínia",863/MAS/bru,LITGE
000118349,Puente de Cimbras,"Schuster, Hans",Ch861/SCh/pu,LITCH
000118398,Una peregrinación a través de las calles de Santiago,"Vicuña Mackenna, Benjamín",983/VIC/pe,LITGE
000118461,Antología,"Wilde, Oscar",823/WIL/ret,LITGE
000118463,El fantasma de Canterville y otros cuentos,"Wilde, Oscar",823/WIL/fa,LITGE
000119385,Papá ya no vive con nosotros,"Alonso, Manuel L",863/ALO/pap,INFAN
000119485,La visita del Jeque,"Stark, Ulf",839.7/STA/vi,LITGE
000119527,La familia Numerozzi,"Krahn, Fernando",863/KRA/fa,INFAN
000120197,Lazarillo de tormes Anónimo,Anónimo,863/LAZ,JUVEN
000120342,Un día en la vida de psiqué,"Balcells, Jacqueline",Ch863/BAL/ps,JUVEN
000120344,Un día en la vida de máximo,"Balcells, Jacqueline",Ch863/BAL/ma,JUVEN
000120345,Un día en la vida de esplandián,"Balcells, Jacqueline",Ch863/BAL/esp,INFAN
000120458,La hija del espantapájaros,"Gripe, María",839.73/GRI/hi,INFAN
000120641,La enfermedad del dolor,"González Celis, Alejandra Sofía",Ch861/GON/en,LITCH
000120647,"Mecachis, ¡quiero ser grande!","Alcántara, Ricardo",863/ALC/me,INFAN
000120719,Antología de obras teatrales,"Sieveking, Alejandro",Ch862/SIE/an,LITCH
000120741,X-men : los elementos dentro de nosotros 61,"Kelly, Joe",375.006/CAS/cu,LITGE
000120848,"Cuentacolmos, adivinanzas y frases traviesas 1","Moraga, Osvaldo il",398.6/CUE/ad,INFAN
000120866,El maravilloso mundo de la música,"Pahlen, Kurt",780/PAH/ma,LITGE
000120911,¿Quieren saber por qué les cuento cuentos Yámanas?,"Schkolnik, Saúl, comp",398.209833644/QUI/sa,INFAN
000120916,Emelina : novela,"Darío, Rubén",N863/DAR/em,LITCH
000120923,Garval,"Fernández-Pacheco, Miguel Miguel Angel",863/FER/ga,LITGE
000120940,Breve historia del traje y la moda,"Laver, James",391.009/LAV/br,LITGE
000120961,El libro de las tierras vírgenes,"Kipling, Rudyard",823/KIP/li,LITGE
000120975,La pieza oscura,"Lihn, Enrique",Ch861/LIH/pi,LITCH
000121343,Nano y Esmeralda,"Gómez Cerdá, Alfredo",863/GOM/na,JUVEN
000121373,Historia de Ninguno Pilar Mateos,"Mateos, Pilar",863/MAT/hi,LITCH
000121917,Un encuentro emocionante,"Gardé, Dominique",843/GAR/en,INFAN
000122368,Poesía mapuche : las raices azules de los antepasados,"Queupul Quintremil, Sebastián",898.1/QUE/po,LITCH
000122765,"Huákala, a los miedos López Suarez, Sergio","López Suarez, Sergio",863/LOP/hu,INFAN
000122770,"Yo te curaré, dijo el pequeño oso",Janosch,808/JAN/yo,INFAN
000122946,Gabriela y México,"Mistral, Gabriela",Ch860/GAB,LITCH
000123135,Cuatro calles y un problema,"Montes, Graciela",A863/MON/cu,LITGE
000123275,"La vanidad de los Duluoz : una educación audaz, 1935-1946","Kerouac, Jack",813/KER/va,LITGE
000123405,Cuentos aymara para los niños del mundo,"Callo Ticona, Saturnino, tr",898.324/KIM/ay,INFAN
000123444,Historia social de la danza en Chile,"Cifuentes Miranda, María José",792.620983/CIF/hi,LITGE
000123501,Vientos del sur,"Morales Baraona, Hugo",Ch863/MOR/vi,LITCH
000123733,Super curiosidades : 120 interrogantes y más datos increíbles,"Sugobono, Nahuel",036.102/SUG/su,INFAN
000123787,Agua perra,"Sanhueza, Leonardo",Ch868/SAN/ag,LITCH
000123810,"Sputnik, mi amor","Murakami, Haruki",895.63/MUR/sp,LITGE
000123831,Lagartija sin cola,"Donoso, José",Ch863/DON/la,LITCH
000123959,Deuda de honor,"Clancy, Tom",813/CLA/de,LITGE
000123972,La palabra y la música : poesía de Rainer Maria Rilke,"D rr, Otto",831/RIL/do,LITGE
000124166,Mitos griegos contados otra vez,"Hawthorne, Nathaniel",813/HAW/mi,LITGE
000124173,El insectario : como cazar bichos-- y preservarlos,"Ugarte P., Alfredo J",595.771/UGA/in,INFAN
000124423,Orientación e integración escolar,"Villena Pavez, Leonor",808.2/DRA,LITGE
000124471,Las soñadoras de la colina,"Carvajal, Victor",Ch863/CAR/so,LITCH
000124531,Los derechos de los animales,"Hidalgo González, Héctor",Ch863/HID/de,INFAN
000124548,Ejercicios de enlace,"Bustos Muñoz, David",Ch861/BUS/ej,LITCH
000124587,El mar de las maravillas,"Balcells, Jacqueline",Ch863/BAL/ma,JUVEN
000124656,La grandmother y otros,"Barros, Pía",Ch863/BAR/gr/c.2,LITCH
000124663,O-Caso : micro-cuentos,"Ojeda Villarroel, Liliana",Ch863/OJE/oc,LITCH
000124717,Cartas de la memoria,"Pinto Solari, Malucha",Ch866.0/PIN/ca,LITCH
000124788,Rafagas literarias : tercera muestra de microcuento,"Marchant, Reinaldo Edmundo, comp",Ch863.008/RAF,LITCH
000124854,La falsificación,"Archer, Jeffrey",823/ARC/fa,LITGE
000124955,Cielo de mala muerte,"Avaria, Antonio",Ch863/AVA/ci,LITCH
000124970,La secretísima : los cuentos de Román Calvo,"Edwards Vives, Alberto",Ch863/EDW/se,LITCH
000124973,"Como el río que fluye : [pensamientos y reflexiones, 1998-2005]","Coelho, Paulo",B869.5/COE/co,LITGE
000125017,Vaticano 2035,"Paoli, Pietro de",853/PAO/ra,LITGE
000125026,High school musical 2 : la novela,"Grace, N. B",813/GRA/hid,JUVEN
000125128,Mis ojos x tus ojos,"Fontaine Talavera, Arturo",Ch861/FON/mi,LITCH
000125232,Luna nueva,"Meyer, Stephenie",813/MEY/lu,LITGE
000125268,La teleserie eterna,"Oses, Darío",Ch863//OSE/te,LITCH
000125466,¡Hagamos UUUH!,"Mantegazza, Giovanna",155.41246/MAN/ha,INFAN
000125824,La dieta de la muerte : soy anoréxica y esta es mi historia,"Fuentes, Denisse",926.1685262/FUE/di,JUVEN
000125915,Una conspiración de papel,"Liss, David",813/LIS/co,LITGE
000125973,La ciudad de oro y de plomo,"Christopher, John",823/ChR/ci,LITGE
000126207,El crimen de lord arthur Savile y otros relatos,"Wilde, Oscar",823/WIL/cr,LITGE
000126236,Pedro Prado : obra poética,"Prado, Pedro",Ch861/PRA/pe,LITCH
000126253,Relato de un náufrago,"García Márquez, Gabriel",C863/GAR/re,LITGE
000126314,Juan Salvador Gaviota,"Bach, Richard",813/BAC/ju,LITGE
000126478,Flon-Flon y Musina,Elzbieta,843/ELZ/fl,INFAN
000126543,Las benévolas,"Littell, Jonathan",813/LIT/be,LITGE
000126671,Código de medio ambiente,Chile,344.83046/COD/me,LITGE
000126705,Ojo de vidrio : 19 autores de cómic contemporáneo,"Pinto, Iván, comp",741.5983/OJO/vi,JUVEN
000126726,Cara de Luna,"London, Jack",Ch863/PAU/au,LITCH
000126855,Papelucho misionero,"Paz, Marcela",Ch863/Paz/Pmis,LITCH
000126884,Cuentos de leche : los primeros cuentos,"Podestá N., Álvaro",Ch863/POD/cu,INFAN
000126885,La princesa y el mendigo : cuento nórdico,"Videgain, Patricia adapt",839.82/PRI,INFAN
000126886,El coneso y la sebora y otros cuentos más en rima,"Real, Roberto del",Ch863/REA/co,INFAN
000126888,Aunque hoy no es tu cumpleaños,"Paucay, Ana",Ch863/PAU/au,LITCH
000126891,Quiero ser un hada,"Silva Agurto, María Pía",Ch863/SIL/qu,INFAN
000126895,Los zapatos de mi abuelo Pancho,"Socías, Estela",Ch863/SOC/za,INFAN
000126898,Chicago chico,"Méndez Carrasco, Armando",Ch863/MEN/Ch,LITCH
000126903,Isidora Aguirre : antología esencial : 50 años de dramaturgía,"Aguirre, Isidora",Ch862/AGU/is,LITCH
000126988,Ben quiere a Anna,"H rtling, Peter",833/HAR/be,LITGE
000127098,El niño que enloqueció de amor,"Barrios, Eduardo",Ch863/BAR/ni,LITCH
000127109,Los teatropellos de Pepito,"Pelayo P., Pepe",Cu862/PEL/te,INFAN
000127160,No somos irrompibles : (12 cuentos de chicos enamorados),"Bornemann, Elsa",A863/BOR/no,INFAN
000127161,El superzorro,"Dahl, Roald",823/DAH/su,INFAN
000127176,"Mamire, el último niño","Carvajal, Victor",Ch863/CAR/ma,INFAN
000127177,Supertoci,"Blume, Judy",813/BLU/su,LITGE
000127316,Tejado de vidrio : crónicas del malestar,"Zerán Chelech, Faride",Ch868/ZER/te,LITCH
000127322,Las flores de hojalata,"Emmerich, Fernando",Ch863/EMM/fl,LITCH
000127339,Perro y gato,"Poyanco, R",Ch863/POY/pe,LITCH
000127340,La voz del silencio,"Malarée, Carmen",Ch863/MAL/vo,LITCH
000127400,Historias para reflexionar II,"Arellano Marín, Pedro Alberto il",868/HIS/re,LITGE
000127416,Fintas y gambetas,"Marchant, Reinaldo Edmundo",Ch863/MAR/fi,LITCH
000127478,Mitos y leyendas de Chile,"Pérez, Floridor",398.20983/PER/mi,LITCH
000127497,La pequeña Yagán,"Carvajal, Víctor",Ch863/CAR/pe,LITCH
000127511,El arte del peligro,"Parra, Marco Antonio de la",Ch862/PAR/ar,LITCH
000127551,"Yo cuento, tú cuentas, nosotros también contamos 2007",Concurso Literario Yo cuento..,Ch860.8/CON/yo,INFAN
000127561,Los Bezanilla de arriba y los de abajo,"Banda, Hernaní",Ch863/BAN/be,LITCH
000127582,Los que sobran : dos novelas,"Silva, Mario",Ch863/SIL/qu,LITCH
000127593,Alonso en una hacienda colonial,"Ibáñez Vial, Magdalena",Ch863/IBA/al,LITCH
000127605,"Borges, agonismo y epigonía","Pérez Villalobos, Carlos",A860/PER/bo,LITGE
000127608,Quique Hache : el caballo fantasma,"Gómez, Sergio",Ch863/GOM/qu,JUVEN
000127638,Los secuestradores de burros,"Durrell, Gerald Malcolm",823/DUR/se,JUVEN
000127698,El gran gigante bonachón,"Dahl, Roald",823/DAH/gr,JUVEN
000127714,Charlie y el gran ascensor de cristal,"Dahl, Roald",823/DAH/Ch,JUVEN
000127723,La bruja bella y el solitario,"Río, Ana María del",Ch863/RIO/br,INFAN
000127740,Como un salto de campana,"Carvajal, Víctor",Ch863/CAR/co,LITCH
000128066,Obras completas,"Galemiri, Benjamín",Ch862/GAL/ob,LITCH
000128082,El problema de martina,"Silva,Maria Luisa",Ch863/SIL/pr,INFAN
000128162,Intersección poética : ocho voces hispanoamericanas,"Intxaustegi, Bego",H861.008/INT,LITGE
000128221,Impar,"Cunha, Marcelo Carneiro da",B869.3/CUN/im,LITGE
000128245,¡A dormir!,Mikonos Comunicación Gráfica Argentina,649.1/ADO,INFAN
000128423,Calígula,"Siliato, Maria Grazia",853/SIL/ca,LITGE
000128719,Cuentos chinos y de sus vecinos,"Silveyra, Carlos",A863/SIL/cu,INFAN
000128952,Dina busca Lolo,"Artigas, Mario",Ch863/ART/di,LITCH
000128990,Humor estudiantil,Departamento de Cultura y Publicaciones,Ch867/HUM/es,LITCH
000128999,En voz baja ; La amada inmóvil,"Nervo, Amado",M861/NER/en,LITGE
000129023,Cuentos de animales contentos,"Güiraldes, Ana María",Ch863/GUI/cu,INFAN
000129024,Aliocha,"Troyat, Henri",843/TRO/ali,JUVEN
000129055,El pueblo maravilloso,"Contreras, Francisco",Ch863/CON/pu,LITCH
000129065,Persistencia del alba,"Hlousek, Rodolfo",Ch861/HLO/pe,LITCH
000129088,El señor de las moscas,"Golding, William",823/GOL/sa,LITGE
000129111,Los Hermanos Karamazov,"Dostoievski, Fedor",891.73/DOS/he,LITGE
000129151,Me criaron peregrina,"Mistral, Gabriela",Ch861/MIS/cr,LITCH
000129269,La oscura vida radiante,"Rojas, Manuel",Ch863/ROJ/os,LITCH
000129286,El Pequeño cantor,Anónimo,863/PEQ/ca,LITGE
000129287,Travesuras de Polita,"Morel, Alicia",Ch863/MOR/tr,LITCH
000129361,El Reloj invtido [i.e. invertido] : antología poética,Universidad Católica del Maule Chile,Ch861.008/REL,LITCH
000129583,Habla mi viejo,"Martín Vigil, José Luis",863/MAR/HAB,LITGE
000129641,Adivinanzas para pequeños genios,"Azarmendia, Ángel",793.73/AZA/adi,INFAN
000129671,Los programas escolares : una red de negociaciones,"Ochoa, Jorge",370.983,LITGE
000129751,Capacidades nacionales para utilización de las TIC,Chile. Ministerio de Educación,371.3340983/CAP,LITGE
000129820,La resistencia,"Gallego García, Laura",863/GAL/re,LITGE
000129830,El reino de los sueños,"Garcia-Clairac, Santiago",863/GAR/re,LITGE
000129859,Neruda y yo,"Rokha, Pablo de",Ch864/ROK/ne,LITCH
000130096,Bibiana y su mundo,"Olaizola, José Luis",863/OLA/bi,LITGE
000130099,La Llorona,"Serrano, Marcela",Ch863/SER/ll,LITCH
000130129,Aquellas mujercitas,"Alcott, Louisa May",813/ALC/aq,INFAN
000130162,Un mundo sin fin,"Follett, Ken",823/FOL/mu,LITGE
000130278,Mitos y leyendas de Chile,"Pérez, Floridor",398.20983/PER/mi,LITCH
000130327,Un diccionario bizarro,"Villalón Galdames, Alberto",467.9/VIL/di,LITGE
000130588,Diario de un mal año,"Coetzee, J. M",S823/COE/di,LITCH
000130615,Tres viajes,"Mouat, Francisco",Ch868/MOU/tr,LITCH
000130802,Bien vestidos,"Coll, Ivar da",C863/COL/bi,INFAN
000130863,Así vivimos las brujas,"Silva, María Luisa",Ch863/SIL/as,INFAN
000130872,Crónicas para incomodar,"Cárdenas S., Juan Pablo",Ch868/CAR/cr,LITCH
000130876,El plato fanfarrón,"Alegría Ramírez, Gloria A",Ch863/ALE/pl,INFAN
000130906,La porota,"Solar, Hernán del",Ch863/SOL/po,INFAN
000131111,365 cuentos y rimas para niños,"Dueso Ruberte, Concha",398.2/TRE,INFAN
000131130,Noche de viernes,"Sierra i Fabra, Jordi",863/SIE/no,LITGE
000131134,Eclipse,"Meyer, Stephenie",813/MEY/ec,LITGE
000131258,La porota,"Solar, Hernán del",Ch863/SOL/po,INFAN
000131277,La vida simplemente,"Castro, Oscar",Ch863/cas/vi,LITCH
000131289,La ciudad prohibida,"Min, Anchee",813/MIN/ci,LITGE
000131365,El Lazarillo de Tormes : texto completo,Anónimo,863/LAZ/,JUVEN
000131376,"Rakatan y la Carlina, heroina nacional : crónica novelada de una leyenda","Freire, Antonio",Ch863/FRE/ra,LITCH
000131402,Sendas perdidas y encontradas,"Herrera Alarcón, Ricardo",Ch861/HER/se,LITCH
000131404,El asado de bacon,"Vial, Maha",Ch861/VIA/as,LITCH
000131407,La carretera,"McCarthy, Cormac",813/MCC/ca,LITGE
000131419,Maritrini quiere ser escritora,"Cabrera Delgado, Luis",Cu863/CAB/ma,LITGE
000131488,La guerra y la paz,"Tolstoi, León",891.73/TOL/gu,LITGE
000131489,Cartografía cultural de Chile : directorio 2001,Chile. Ministerio de Educación. División de Cultura,306.02583/ChI/ca,LITCH
000131504,Milagros de Nuestra Senora,"Berceo, Gonzálo de, -",861/BER/mil,LITGE
000131530,Manuel está aburrido,"Milicic, Neva",152.4/MIL/ma,INFAN
000131549,La mujer de goma,"Hidalgo González, Héctor",Ch/863/HID/mu,INFAN
000131707,El amante sin rostro,"Marchant Lazcano, Jorge",Ch863/MAR/am,LITCH
000131841,"Imaginar el pasado, decir el presente","Viu Bottini, Antonia",Ch863.009/VIU/im,LITCH
000131844,"Voz de jaguar, vuelo de cóndor : antología poética Chile","Mendoza Belio, Tulio Hernán",Ch863/PAU/au,LITCH
000131906,El hombre que fue Jueves,"Chesterton, G. K. Gilbert Keith",823/ChE/ho,LITGE
000131930,Era que se era,"Uribe, María de la Luz",Ch863/URI/er,INFAN
000131944,Vale la pena mentir?,"Milicic, Neva",Ch863/MIL/va,INFAN
000131955,¿Son simpáticas las bromas?,"Milicic, Neva",155.4124/MIL/so,INFAN
000131969,Corazón de mandarín,"Beltrán R., María Isabel",Ch863/BEL/co,INFAN
000132315,"Vida, pasión y muerte de un saltimbanqui","Ward, Guil",793.8/WAR/vi,LITGE
000132367,El castillo de los Cárpatos. Las indias negras. Una ciudad flotante,"Verne, Jules",843/VER/ca,LITGE
000132450,La residencia de los dioses,Goscinny,741.5944/GOS/re,JUVEN
000132503,Los laureles del César,Goscinny,741.5944/GOS/la,JUVEN
000132620,Enanos y gigantes,"Solar, Hernán del",Ch863/SOL/en,LITCH
000132627,"La travesía del ""Explorador del amanecer""","Lewis, C. S",Ch863/SEM/qu,JUVEN
000132704,"Hamamelis, Miosotis y el señor Sorpresa","Coll, Ivar da",C863/COL/ha,LITGE
000132707,"Leyendas, mitos, cuentos y otros relatos tehuelches","Ravassi, Alejandro il",398.20982/LEY/mite,INFAN
000132785,Cuento con mañana,"Sastre, Teo",863/SAS/cu,LITGE
000132789,Los gatos de Aurora,"Leppe G., Leslie",Ch863/LEP/ga,INFAN
000132793,Janaq Pacha : el cielo en la tierra Gonzalo Cortés,"Cortés, Gonzalo",B/cor/ja,LITGE
000132853,La casa de Dostoievsky,"Edwards, Jorge",Ch863/EDW/ca,LITCH
000132911,Lobo,"Harris, Thomas",Ch861/HAR/lo,LITCH
000132958,Kiwala y la luna,"Pavez, Ana María",863/PAV/kl,LITGE
000133041,Critica situada : el estado actual del arte y la poesia mapuche,"García Barrera, Mabel Egle",Ch898.38/GAR/cr,LITCH
000133198,Crónicas reunidas,"Edwards Bello, Joaquín",Ch868/EDW/cr,LITCH
000133200,Olga,"Brisac, Geneviève",843/BRI/ol,INFAN
000133225,Fernanda y los mundos secretos,"Chávez Castañeda, Ricardo",462.03/GOM/br,LITGE
000133246,Abierto toda la noche,"Trueba, David",863/TRU/ab,LITGE
000133267,Mapu Che,"Oróstegui, Patricio",Ch862/ORO/ma,LITCH
000133282,Asfixia,"Schultz, Jorge",Ch862/SCh/as,LITCH
000133285,Las casas de nylon,"Cáceres, Sebastián",Ch862/CAC/ca,LITCH
000133302,Animales domésticos,"Pavez Goye, Eduardo",Ch862/PAV/an,LITCH
000133305,Se omite,"Roa Lucero, Mauricio",Ch862/ROA/se,LITCH
000133336,Mi amigo el Negro,"Alliende, Felipe",Ch863/ALL/mi,INFAN
000133355,Antonio y el misterio de los hombres roca,"Bertrand Donoso, Sara",Ch863/BER/an,LITCH
000133558,Justos por pecadores,"Quiroz, Fernando",C863/QUI/ju,LITGE
000133695,Neruda y yo,"Rokha, Pablo de",Ch864/ROK/ne,LITCH
000133713,Lazos de familia,"Marín, Germán",Ch868/MAR/la,LITCH
000133744,Mitos de la creación : de América precolombina,"Landauro, Antonio",398.208998/LAN/mi,INFAN
000133771,Historia de un amuleto,"Nesbit, E. Edith",823/NES/hi,LITGE
000133781,Cabo de Hornos,"Coloane, Francisco",Ch863/COL/ca,LITCH
000133890,La bestia,"Pout, Manuel",Ch863/POU/be,LITCH
000133960,Poesía de paso,"Lihn, Enrique",Ch861/LIH/po,LITCH
000133978,Con ojos de niño,"Guzmán, Jorge",Ch863/GUZ/co,LITCH
000134085,Tú eres muy especial,"Milicic, Neva",Ch863/MIL/tu,INFAN
000134129,Obra reunida : poesía,"Castro, Oscar",Ch861/CAS/ob,LITCH
000134160,La gallina Clota y su gran tesoro,"Vega A., María Roxana",Ch863/VEG/ga,INFAN
000134255,El cementerio más hermoso de Chile,"Formoso, Christian",Ch861/FOR/ce,LITCH
000134396,Conducta de un gato,"Varas Morel, José Miguel",Ch863//VAR/co,LITCH
000134411,La silla de plata,"Lewis, C. S",823/LEW/si,JUVEN
000134493,El hechizo de Elsie,"Highsmith, Patricia",813/HIG/he,LITCH
000134648,El segundo deseo,"Díaz Eterovic, Ramón",Ch863/DIA/se,LITCH
000134663,La razón de los amantes,"Simonetti, Pablo",Ch863/SIM/ra,LITCH
000134683,Caleuche comic,"Contreras G., Luis",741.5983/CAL/co,JUVEN
000135048,Antología autobiográfica,"Rojas, Manuel",Ch863/ROJ/an,LITCH
000135055,Escritura de Raimundo Contreras,"Rokha, Pablo de",Ch861/ROK/es,LITCH
000135059,Un mundo sin fin,"Follett, Ken",823/FOL/mu,LITGE
000135157,El día de campo de don chancho,"Kasza, Keiko",813/KAS/di,INFAN
000135235,El safari de los monstruos,"Brezina, Thomas",A833/BRE/sa,JUVEN
000135276,Fray Perico y su borrico,"Muñoz Martín, Juan",863/MUÑ/fr,INFAN
000135345,Réquiem para una primavera,"Alegría Ramírez, Gloria A",Ch863/ALE/re/,LITCH
000135413,Pena de vida,"Hahn, Oscar",Ch861/HAH/pe,LITCH
000135420,Obras selectas,"Lastra, Pedro",Ch860/LAS/ob,LITCH
000135435,Cuentos con alma II : (puentes de luz),"Gómez A., Rosario comp",863.008/CUE/co,LITGE
000135442,El cernícalo Porqué,"López Narváez, Concha",863/LOP/ce,LITGE
000135583,Cuentos breves: FOSIS en cien palabras,FOSIS Chile . Servicio de bienestar,Ch863.008/CUE,LITCH
000135585,Esquizo,"Rojas, Gonzalo",Ch861/ROJ/es,LITCH
000135590,La prosa de Gabriela Mistral : época y estilo,"Valdés, Enrique",Ch868/MIS/va,LITCH
000135606,Kavafis íntegro,"Castillo Didier, Miguel",889.1/KAV/ca,LITGE
000135668,El famoso cohete,"Wilde, Oscar",823/WIL/fa,INFAN
000135727,Los diálocos de Pepito,"Pelayo P., Pepe",Cu863/PEL/di,INFAN
000135931,¿Qué me está pasando?,"Mayle, Peter",613.96/MAY/qu,JUVEN
000135960,El regreso del gato asesino,"Fine, Anne",863/FIN/re,INFAN
000136296,[Guión],"Hernández Montecinos, Héctor",Ch861/HER/gu,LITCH
000136312,El álbum de la flora imprudente,"Romo Torres, Claudio",Ch863/ROM/al,LITCH
000136441,Narn i chin Húrin : la historia de los hijos de Húrin,"Tolkien, J. R. R. John Ronald Reuel",823/TOL/na,LITGE
000136515,Las armas de las letras : ensayos neoarielistas,"Rojo, Grínor",Ch864/ROJ/ar,LITCH
000136653,Diccionario del mundo invisible y catálogo de los seres fantásticos mapuches,"Mora Penroz, Ziley",398.2/MOR/di,INFAN
000136852,Laura se cambia de casa,"Slegers, Liesbet",839.31/SLE/lse,INFAN
000136864,Miffy visita el zoo,"Bruna, Dick",839.313/BRU/mi,INFAN
000136903,¡No comparte nada!,"Lévy, Didier",843/LEV/no,INFAN
000136921,"Así es fácil contar : 1, 2, 3, 4, 5, 6, 7, 8, 9, 10, 11, 12","Caracci Cheyre, Marcelo",372.21/CAR/as,INFAN
000137100,Emilia en Chiloé,"Balcells, Jacqueline",Ch863/BAL/eCh,JUVEN
000137108,Cinco semanas en globo,"Verne, Jules",843/VER/ci,LITGE
000137135,El pentáculo de Anael,"Joris, Daniel",B843/JOR/pe,LITGE
000137172,De Victoria para Alejandro,"Molina, María Isabel",863/MOL/de,JUVEN
000137176,¿De qué color es la cebra?,"Novoa, Teresa",590/NOV/de,INFAN
000137325,Taller Nueve : cuarta antología,"Arteche, Miguel",Ch860.8/TAL/nu,LITCH
000137364,Antología de poesía y narrativa chilena,"Mago editores Santiago, Chile",Ch860.8/ANT/c.1,LITCH
000137388,El diablo en la botella,"Stevenson, Robert Louis",823/STE/di,LITGE
000137395,El miedo y otros cuentos,"Maupassant, Guy de",843/MAU/mi,LITGE
000137426,El hombre del millón y El diario de Eva,"Twain, Mark",813/TWA/ho,LITGE
000137427,Los muertos,"Joyce, James",823/JOY/mu,LITGE
000137612,Chile : la última frontera,"Correa M., Cristóbal",Ch863/PAU/au,LITCH
000137951,El almohadón de plumas y otros cuentos,"Quiroga, Horacio",U863/QUI/al,JUVEN
000138031,Antología de la poesía peruana : fuego abierto,"Ollé, Carmen prol",PE861.008/ANT/po,LITGE
000138035,Carta a Roque Dalton,"Aguirre, Isidora",Ch863/AGU/ca,LITCH
000138063,Una loica en la ventana,"Blanco, Guillermo",Ch863/BLA/lo,LITGE
000138064,El pan y el vino,"Barquero, Efraín",Ch861/BAR/pa,LITCH
000138148,Alto volta,"González Cangas, Yanko",Ch861/GON/al,LITCH
000138151,La vida deshilachada,"Mouat, Francisco",Ch868//MOU/vi,LITCH
000138346,El códice de la Atlántida,"Pavlou, Stel",813/PAV/co,LITGE
000138405,Dile que no estoy,"Costamagna, Alejandra",Ch863/COS/di,LITCH
000138425,"Ven, sé mi luz : las cartas privadas de la ""Santa de Calcuta""","Teresa, De Calcuta, Madre",271.97/TER/ve,LITGE
000138445,He decidido llamarme Max,"Smadja, Brigitte",843/SMA/he,INFAN
000138459,Busca que te busca,"Urdaneta, Josefina comp",863/BUS/qu,INFAN
000138545,La estrella de la mañana,"Sierra i Fabra, Jordi",863/SIE/es,JUVEN
000138639,La iniciación,"Murialdo, Helios",Ch863/MUR/in,LITCH
000138642,Per versiones orales : (al alcance de todos),"Díaz, Jorge",Ch867/DIA/pe,LITCH
000138751,Veronika decide morir,"Coelho, Paulo",B869.3/COE/ve,LITGE
000138783,Los hijos del limo : del romanticismo a la vanguardia,"Paz, Octavio",809.1/PAU/hi,LITGE
000138794,Martín Rivas,"Blest Gana, Alberto",Ch863/BLE/ma,LITCH
000138846,Cómo entender a los chicos... : y conquistar su corazón,"Alemany, Cristina",305.235/ALE/co,JUVEN
000138879,Un toque especial,"Fine, Anne",823/FIN/toq,LITGE
000139014,Eva y su Tan,"Maturana, Andrea",Ch863/MAT/ev,INFAN
000139135,¡A jugar!,Mikonos Comunicación Gráfica Argentina,649.68//JUG,INFAN
000139247,En un abrir y cerrar de ojos,"Hahn, Oscar",Ch861/HAH/en,LITCH
000139260,El resto es silencio,"Guelfenbein, Carla",Ch863/GUE/re,LITCH
000139261,El caso Neruda,"Ampuero, Roberto, -",Ch863/AMP/ca,LITCH
000139501,El lago sin nombre,"Wei, Diane Liang",951.058092/WEI/la,LITGE
000139601,"Ratones, zorras, ranas y leones",Esopo,398.245024054/ESO/ra,INFAN
000139608,La fábrica de nubes,"Sierra i Fabra, Jordi",863/SIE/fa,INFAN
000139637,"Batman en Chile, o, el ocaso de un ídolo","Lihn, Enrique",Ch863/LIH/ba,LITCH
000139664,Viajar de noche,"Hidalgo, Patricia",Ch863/HID/vi,LITCH
000139669,La prisionera,"Franz, Carlos",Ch863/FRA/pr,LITCH
000139674,Los Nenes,"Fernández Chadwick, Patricio",Ch863/FER/ne,LITCH
000139701,El fabricante de risas,"Morel, Alicia",Ch863/MOR/fa,LITCH
000139981,Maldito amor : cartografía de cuentos de amor chilenos,"Lillo, Baldomero",Ch863.008//MAL/am,LITCH
000139982,Colombina y el pez azul,"Truffello, Patricia",Ch863/TRU/co,LITCH
000139983,En el reino de las aves,"Hertling Perlwitz, Gisela",Ch863/HER/re,LITCH
000139984,La guerra del bosque,"Jordán Jiménez, Felipe",Ch863/JOR/gu,LITCH
000139985,El canario polaco,"Gómez, Sergio",Ch863/GOM/ca,LITCH
000140050,La luna va al mercado y más historias,"Güiraldes, Ana María",Ch/863/GUI/lu,LITCH
000140103,Este mundo es un balón,Ziraldo,B869.3/ZIR/es,LITGE
000140110,Un gusanito en la línea,Ziraldo,B869.3/ZIR/gu,LITGE
000140130,Cuentos con sal y sol,"Güiraldes, Ana María",Ch863/GUI/cu,LITCH
000140139,Trino de colores,Pelayos,Cu863/PEL/tr,INFAN
000140261,Mal de amor,"Hahn, Oscar",Ch861/HAH/ma,LITCH
000140365,Benito Cereno,"Melville, Herman",813/MEL/be,LITGE
000140429,Cometas en el cielo,"Hosseini, Khaled",813/HOS/co,LITGE
000140461,Amores que matan : historias de amor y terror,"Laragione, Lucía",A863/LAR/am,JUVEN
000140506,El ojo atravesado II : Gabriela Mistral entre los uruguayos,"Mistral, Gabriela",Ch866/MIS/oj,LITCH
000140529,La tregua,"Benedetti, Mario",U863/BEN/tr,LITGE
000140637,Kassunguila,"Zepeda, Monique",M863/ZEP/ka,INFAN
000140651,Segunda fundación,"Asimov, Isaac",813/ASI/se,LITGE
000140684,Pregúntale a Alicia,Anónimo,813/PRE/al,LITCH
000140973,Una loca historia de Chile,"Millas, Hernán",983/MIL/lo,LITGE
000140982,Eva y su Tan,"Maturana, Andrea",Ch863/MAT/ev,INFAN
000141000,La pequeña Tololo Pampa,"Carvajal, Victor",Ch863/CAR/pto,INFAN
000141234,El verano de la sirena,"Hunter, Mollie",823/HUN/ve,JUVEN
000141236,"Cuentos de amor, de locura y de muerte","Quiroga, Horacio",U863/QUI/cu,LITGE
000141303,Mini es la mejor!,"N stlinger, Christine",A/833/NOS/mi,INFAN
000141305,La silla de ruedas : novela,"Pardo, Armanet, Adolfo",Ch883/PAR/si,LITCH
000141306,Jamás el fuego nunca,"Eltit, Diamela",Ch863/ELT/ja,LITCH
000141429,Memorial de Isla Negra,"Neruda, Pablo",Ch861/NER/me,LITCH
000141451,Fairy Oak : el poder de la luz,"Gnone, Elisabetta",853/GNO/fa,JUVEN
000141468,La emperatriz de los etéreos,"Gallego García, Laura",863/GAL/em,JUVEN
000141486,Prueba de sonido : primeras historias del rock en Chile (1956-1984),"Ponce, David",781.660983/PON/pr,LITGE
000141516,La grandmother y otros,"Barros, Pía",Ch863/BAR/gr/c.1,LITCH
000141518,Un mundo de adivinanzas,"Azarmendia, Ángel",793.73/AZA/mu,INFAN
000141552,Veneno de escorpión azul : diario de vida y de muerte,"Millán, Gonzalo",Ch861/MIL/ve,LITCH
000141582,Cineraria (2002-2005),"Soros, Juan",Ch861/SOR/ci,LITCH
000141604,Bosque quemado,"Brodsky, Roberto",Ch863/BRO/bo,LITGE
000141608,Poesía chilena en el siglo XX,"Alegría, Fernando",Ch861.009/ALE/po,LITCH
000141635,Perros y chacales,"Wood, Barbara",823/WOO/pe,LITGE
000141639,Décimas de Segundo : poesía popular para niñas y niños,"Prieto G., Alvaro",Ch861/PRI/de,INFAN
000141641,El domador de monstruos,"Machado, Ana María",B/869.3/MAC/do,INFAN
000141648,Atrapalecturas 1 : Leyendo poco a poco,"Beuchat, Cecilia, comp",808.83/ATR/un,INFAN
000141655,Ruta circular,"Trabucco Ponce, Eduardo",Ch863/TRA/ru,LITCH
000141656,Luces de reconocimiento : Ensayos sobre escritores chilenos,"Merino, Roberto",Ch864/MER/lu,LITCH
000141699,La fábrica,"Tejeda, Guillermo",741.983/TEJ/fa,LITCH
000141745,"Los hombres son de Marte, las mujeres son de Venus","Gray, John",306.872/GRA/ho,LITGE
000141772,La espiral,"Birrell, Soledad",Ch863//BIR/es,LITCH
000141814,El coronel no tiene quien le escriba,"García Márquez, Gabriel",C/863/GAR/co,LITGE
000141927,2666,"Bolaño, Roberto",Ch863/BOL/do,LITCH
000141936,La princesa de largos cabellos,"Haeringen, Annemarie van",839.313/HAE/pr,INFAN
000142068,El Club De La Salamandra,"Sandoval, Jaime Alfonso",M/863/SAN/cl,LITGE
000142104,Por gracia de hombre,"Zondek, Verónica",Ch861/ZON/gr,LITCH
000142129,Panteón,"Gallego García, Laura",813/STO/ca,LITGE
000142132,Tríada,"Gallego García, Laura",863/GAL/tr,LITGE
000142176,El secreto,"Byrne, Rhonda",158.1/BRY/se,LITGE
000142313,Narn i chin Húrin : la historia de los hijos de Húrin,"Tolkien, J. R. R. John Ronald Reuel",823/TOL/na,LITGE
000142314,Mi nombre es Malarrosa,"Rivera Letelier, Hernán",Ch863/RIV/mi,LITCH
000142452,Noche de alacranes,"Gómez Cerdá, Alfredo",863/GOM/no,LITGE
000142457,La Puerta Oscura : El Viajero,"Lozano Garbala, David",863/LOZ/pu,JUVEN
000142536,Juguemos en el bosque,"Araya, Bertina",Ch863/ARA/ju,INFAN
000142552,El príncipe Caspian,"Lewis, C. S",823/LEW/pr,LITGE
000142556,La última batalla,"Lewis, C. S",823/LEW/ul,LITGE
000142611,Predator,"Cornwell, Patricia Daniels",813.54/COR/de,LITGE
000142694,Boquitas pintadas,"Puig, Manuel",A863/PUI/bo,LITGE
000142804,El pirata Garrapata llega a pie al templo de Abu Simbel,"Muñoz Martín, Juan",863/MUÑ/pi,INFAN
000142806,El pirata Garrapata en tierras de Cleopatra,"Muñoz Martín, Juan",863/MUÑ/pi,INFAN
000142808,El pirata Garrapata es faraón en tiempos de Tutankamón,"Muñoz Martín, Juan",863/MUÑ/pi,INFAN
000142828,El pirata Garrapata en la India,"Muñoz Martín, Juan",863/MUÑ/pi,INFAN
000142859,Hamamelis y el secreto,"Coll, Ivar, Da",C863/COL/has,LITGE
000142884,El pirata Garrapata en Africa,"Muñoz Martín, Juan",863/MUÑ/pi,INFAN
000142922,El nadador,"Contreras, Gonzalo",Ch863/CON/na,LITCH
000143025,Cien libros chilenos,"Bisama, Álvaro",Ch860/BIS/ci,LITCH
000143054,El país de Jauja,"Kasparavicius, Kestutis",891.92/KAS/pa,INFAN
000143077,Cuentos de la selva,"Quiroga, Horacio",U863/QUI/cu,INFAN
000143099,Obras completas,"Berceo, Gonzálo de, -",861/BER/ob,LITGE
000143120,Donde surgen las sombras,"Lozano Garbala, David",863/LOZ/do,LITGE
000143167,Tío Jan (romance) : versos para el Padre Hurtado (décimas),"Rojas Navarro, Camilo",Ch861/ROJ/ti,LITCH
000143236,Caleuche comic,"Contreras G., Luis",741.5983/CAL/co,JUVEN
000143250,Enigma asiático,"Philipps, Carolin",833/PHI/en,LITGE
000143311,¿Quién le tiene miedo a Demetrio Latov?,"Durini, Ángeles",A/8637DUR/qu,JUVEN
000143320,La auténtica Susi,"N stlinger, Christine",A833/NOS/au,INFAN
000143336,Yesterday y mañana,"Benedetti, Mario",861/BEN/ye,LITGE
000143355,Gabinete de papel,"Millán, Gonzalo",Ch861/MIL/ga,LITCH
000143383,Los adeptos,"Finn, Robert",823/FIN/ad,LITGE
000143384,Plazasparquespuentes,"Eloy, Horacio",Ch861/ELO/pl,LITCH
000143388,Martín en la bañera,"Welsh, Renate",A833//WEL/ma,LITGE
000143410,Curicó en el corazón,"Palavecino Troncoso, Luis Armando",Ch861/PAL/cu,LITCH
000143462,Preguntas que ponen los pelos de punta,"Baredes, Carla",500/BAR/pr,INFAN
000143473,Dinosaurios del 1 al 10,"Baredes, Carla",567.91/BAR/di,LITGE
000143494,Cuando sea grande quiero se…,"Mouchet, Nadine",371.425/CUA/se,INFAN
000143514,Las descabelladas aventuras de Julito Cabello,"Cabezas, Esteban",Ch863/CAB/de,INFAN
000143614,Crónicas de Maipú,"Pizarro Vidal, Dolores",Ch863/PIZ/cr,LITCH
000143732,Molly Moon detiene el mundo,"Byng, Georgia",813/BYN/mo,INFAN
000143760,Molly Moon viaja a través del tiempo,"Byng, Georgia",813/BYN/mo,INFAN
000143885,Novelas de Maigret,"Simenon, Georges",B843/SIM/no,LITGE
000143892,El insólito viaje de Jemmy Button,"Pavez, Ana María",Ch863/PAV/in,JUVEN
000143893,Darwin : Un viaje al fin del mundo,"Pavez, Ana María",918.338404,INFAN
000143898,León y el carnaval de la vida,"Rojas García, Beatriz",Ch863/ROJ/le,INFAN
000144076,Patagonia chilena : sin represas!,"Rodrigo Salinas, Patricio",333.790983/PAT,LITGE
000144091,La merienda del señor Verde,"Sáez Castán, Javier",863/SAE/me,INFAN
000144096,Los números no cuentan,"Mihovilovich Hernández, Juan",Ch863/MIH/nu,LITCH
000144134,Gato y pez,"Grant, Joan",A823/GRA/ga,LITGE
000144148,Siete ratones ciegos,"Young, Ed",813/YOU/si,LITGE
000144175,Eclipse,"Meyer, Stephenie",813/MEY/ec,JUVEN
000144194,Flora : cuentos andinos,"Pavez, Ana María",Ch863/PAV/fl,LITGE
000144357,El fuego del espíritu,"Capo, Jesús",863/CAP/fu,LITGE
000144372,Bioética : fundamentos y dimensión práctica,"Escríbar Wicks, Ana. ed",174.957/BIO,LITGE
000144429,Un gato en el arbol,"Albo, Pablo",G869.3/ALB/ga,INFAN
000144482,"Pinto, pinto","Rius, Roser",849.93/RIV/pi,INFAN
000144514,Cuentos de Oscar Wilde,"Wilde, Oscar",823/WIL/cu,JUVEN
000144524,Mi nombre es Malarrosa,"Rivera Letelier, Hernán",Ch863/RIV/mi,LITCH
000144526,Un mundo feliz,"Huxley, Aldous",823/HUX/mu,LITGE
000144683,Haldada de preguntas : poemario,"Parada Reyes, Raquel",Ch861/PAR/ha,LITCH
000144743,Animales del mar,"Cruz, Jimena, adapt",649.68/ANI/ma,INFAN
000145046,Emilia : intriga en Quintay,"Balcells, Jacqueline",Ch863/BAL/em,LITCH
000145170,Amigos del alma,"Lindo, Elvira",863/LIN/am,LITGE
000145269,Kallfv,"Chihuailaf, Elicura",Ch898.1/ChI/ka,LITCH
000145309,Dos Alejandros y un gato,"Ruiz, Lorena",Ch863/RUI/do,INFAN
000145366,Crónicas infames para un pueblo demente,"Salas Zúñiga, Fabio",Ch863/SAL/cr,LITCH
000145668,El Incal,"Jodorowsky, Alejandro",741.5983/JOD/in,JUVEN
000145669,Tierra del Fuego,"Coloane, Francisco",Ch863/COL/ti,LITGE
000145675,Onomatopeya,Lecturas de poesía,Ch861.008/ONO/le,LITCH
000145693,Pasiones griegas,"Ampuero, Roberto, -",Ch863//AMP/pa,LITCH
000145747,Miedos urbanos,"Morán Vásquez, Hernán",Ch863/MOR/mi,LITCH
000145773,Antártico,"Coloane, Francisco",Ch863/COL/an,LITCH
000145800,El terror de sexto <B>,"Reyes, Yolanda",C863/REY/te,INFAN
000145895,Cartago,"Marín, Germán",Ch863/MAR/ca,LITCH
000145898,16 cuentos latinoamericanos : antología para jóvenes,Centro Regional para el Fomento del Libro,H863.008/DIE/cu,LITGE
000145974,La tía Julia y el escribidor,"Vargas Llosa, Mario",Pe/863/VAR/ti,LITGE
000146014,Asesinato de calidad,"Le Carré, John",823/LEC/as,LITGE
000146108,El último grumete de la Baquedano,"Coloane, Francisco",Ch863/COL/ul,LITCH
000146147,Crepúsculo : un amor peligroso,"Meyer, Stephenie",813/MEY/cr,LITGE
000146148,Amanecer,"Meyer, Stephenie",813/MEY/am,LITGE
000146290,Poema de Pepito,"Yañez, Roberto",Ch868/YAÑ/po,INFAN
000146326,El corazón cuántico de Jorge Luis Borges,"Matamala, Tito",A861/BOR,LITGE
000146428,Antología del cuento chileno,"Calderón, Alfonso",Ch863.008/ANT/cu,LITCH
000146455,"Igual a mí, distinto a ti","Solar, Francisca",Ch/863/SOL/ig,INFAN
000146569,El árbol de la música,"Coeymans, María Eugenia",Ch863/COE/ar,INFAN
000146658,Valles centrales : antología de poesía chilena,"Pezoa Véliz, Carlos",Ch861.008/VAL/ce,LITCH
000146676,Un viejo que leía novelas de amor,"Sepúlveda, Luis",Ch863/SEP/vi,LITCH
000146714,"Cuentos de amor, de locura y de muerte","Quiroga, Horacio",U863/QUI/cu,LITGE
000146944,Epew-Fábula : nuevo imaginario visual de la poesía mapuche,"Mora Curriao, Maribel",Ch898.1/EPE/fa,LITCH
000147156,Ciertos ruidos : nuevas tribus urbanas chilenas,"Ocampo, Andrea",305.230983/OCA/ci,JUVEN
000147324,Crimen y misterio : antología de relatos de suspenso,"Hardy, Thomas",823.008/CRI/mi,LITGE
000147351,El gato Borba,"Rocha, Ruth",B869/ROC/gat,LITGE
000147398,El ladrón de mentiras,"Santiago, Roberto",863/SAN/la,LITGE
000147611,Los manuscritos de Magdala,"Wood, Barbara",823/WOO/ma,LITGE
000147739,El espejo se rajó de parte a parte,"Christie, Agatha",Ch863/CAT/pi,LITCH
000147889,La pajarera de Samuel Encino,"Hidalgo González, Héctor",598.2983/HID/pa,INFAN
000147894,El regreso de la mujer de goma,"Hidalgo González, Héctor",Ch863/HID/re,JUVEN
000147917,Misterio en el campamento,"García Huidobro, Beatriz",Ch863/GAR/mi,LITCH
000147927,Mágico sur,"Peña Muñoz, Manuel",Ch863/PEÑ/ma,JUVEN
000148098,Un extraterrestre en la Moneda,"Taufic, Camilo",Ch868/TAU/ex,LITCH
000148300,La peste,"Camus, Albert",843/CAM/pe,LITGE
000148316,El último magnate,"Fitzgerald, F. Scott",813/FIT/ul,LITGE
000148487,El sí de las niñas,"Fernández de Moratín, Leandro",862/FER/si,LITGE
000148562,La lámpara de Aladino,"Sepúlveda, Luis",Ch863/SEP/la,LITCH
000148602,El diente desobediente de Rocío,"Paredes, Mauricio",Ch863/PAR/di,INFAN
000148796,El código divino de la vida,"Murakami, Kazuo",398.245024054/ESO/fa,LITGE
000148999,Peligro en oriente,"Montgomery, R. A",813/MON/pe,INFAN
000149141,Preguntas a la medium : y otros poemas,"Zeller, Ludwig",Ch861/ZEL/pr,LITCH
000149144,Obra completa,"Lillo, Baldomero",Ch863/LIL/ob,LITCH
000149206,En la estación de servicio,"Lawson, Peter",388.041/LAW/es,INFAN
000149212,En la granja,"Lawson, Peter",636.083/LAW/gr,INFAN
000149323,Doble desafío,"Hopkins, Cathy",823/HOP/do,JUVEN
000149360,El resto es silencio,"Guelfenbein, Carla",Ch863/GUE/re,LITCH
000149389,Teatro griego,"Esquilo, - a. C",882/TEA/gr,LITGE
000149453,Antología : selección de la autora,"Mistral, Gabriela",Ch861/MIS/an,LITCH
000149545,Un diálogo pendiente,"Hidalgo González, Héctor",Ch863/HID/di,JUVEN
000149560,Una polilla en el museo,"Muñoz, Hurtado, Carmen",Ch863/MUÑ/po,INFAN
000149564,Los derechos de los animales,"Hidalgo González, Héctor",Ch/863/HID/de,INFAN
000149633,Antología popular 1972,"Neruda, Pablo",Ch861.08/NER/an,LITCH
000149686,Los amantes de Estocolmo,"Ampuero, Roberto, -",Ch863/AMP/am,LITGE
000149761,2° Concurso Escolar de Cuentos Ambientales,Concurso Escolar de Cuentos Ambientales,Ch863.008/CON/se,LITCH
000149816,Gallito jazz : una fábula de gallinero,"Jordán Jiménez, Felipe",Ch/863/JOR/ga,INFAN
000149817,Los sueños mágicos de Bartolo,"Paredes, Mauricio",Ch863/PAR/su,INFAN
000149826,El circo de los colores,"Bussolati, Emanuela",649.68/BUS/ci,INFAN
000149845,El cepillo de dientes,"Díaz, Jorge",Ch862/DIA/ce,LITCH
000149900,En nombre de ninguna,"Muñoz, Rosabetty",Ch861//MUÑ/en,LITCH
000149995,El abuelo de Tom ha muerto,"Hellings, Colette",B843/HEL/ab,LITGE
000150072,Los misterios del Señor Burdick,"Van Allsburg, Chris",813/VAN/mi,INFAN
000150242,El fumador y otros relatos,"Lillo, Marcelo",Ch863/LIL/fu,LITCH
000150303,Caleuche comic,"Contreras G., Luis",741.5983/CAL/co,JUVEN
000150308,El africano,"Le Clézio, J.M.G. Jean-Marie Gustave",843/LEC/af,LITGE
000150332,Pooh e Igor,"Milne, A. A. Alan Alexander",649.68/POO/ig,INFAN
000150452,Super Cifuentes : el justiciero,Hervi,741.5983/HER/su,JUVEN
000150675,El lugar sin límites,"Donoso, José",Ch863/DON/lu,LITCH
000150749,Hijo de ladrón,"Rojas, Manuel",Ch863/ROJ/hi,LITCH
000150798,Nuestras hazañas en la cueva,"Hardy, Thomas",823/HAR/nu,JUVEN
000150843,Amigas para siempre,"Berrutti, Valentina",A863/BER/am,INFAN
000150890,Flon-Flon y Musina,Elzbieta,843/ELZ/fl,INFAN
000150912,Jacky,"Paz, Marcela",Ch/863/PAZ/ja,INFAN
000150933,Cuentos reunidos : 1967-1973,Alcalde Alfonso,Ch863/ALC/cu,LITCH
000150978,Misterio en La Tirana,"García Huidobro, Beatriz",Ch863/GAR/mi,JUVEN
000151003,El mensaje de maese Zamaor,"Molina Llorente, Pilar",863/MOL/me,INFAN
000151007,Chis y Garabís,"Bordons, Paloma",863/BOR/Ch,INFAN
000151009,¡Pobre Antonieta!,"Baquedano, Lucía",863/BAQ/po,INFAN
000151018,David Copperfield,"Dickens, Charles",823/DIC/da,JUVEN
000151059,Insomnio,"Skármeta, Antonio",Ch863/SKA/in,INFAN
000151084,Matilde y las brujas,"Farías Huanqui, Juan",863/FAR/ma,INFAN
000151136,El zancudo vegetariano = (The vegetarian mosquito),"Hurtado, Victoria",Ch863/HUR/za,INFAN
000151138,El pingüino adivino = (The psychic penguin),"Hurtado, Victoria",Ch863/HUR/pi,INFAN
000151164,"Un hermano, ¿para qué?","Stanton, Philip",863/STA/he,INFAN
000151241,Quiero un hermanito!,"Menéndez, María Ponte",863/MEN/qu,INFAN
000151351,Chilenas,"Bertoni Lemus, Claudio",Ch861/BER/Ch,LITCH
000151420,Casa de muñecas,"Ibsen, Henrik",839.822/BS/ca,LITGE
000151486,El cruce de Los Andes,"Lobos, Themo",741/LOB/cr,INFAN
000151531,Por qué el Centro se llama Centro?,"Ugarte, Soledad",912.832/USA/po,LITGE
000151535,¿Cómo saluda este animal?,"Araya, Bertina",591.594/ARA/co,INFAN
000151580,"Ada, madrina y otros seres","Pelayo P., Pepe",Cu863/PEL/ad,LITGE
000151591,El Cheruvicha : un pajarito honesto,"Giardinelli, Mempo",A863/GIA/Ch,INFAN
000151637,Nadie quiere jugar conmigo,"Keselman, Gabriela",A863/KES/na,INFAN
000152089,El fuego de la vida,"Wood, Barbara",823/WOO/fu,LITGE
000152455,La cabeza en la bolsa,"Pourchet, Marjorie",843/POU/ca,INFAN
000152481,¡No quiero comer!,"Rius, Roser",649.63/RIU/no,INFAN
000152519,No llevados ni traídos,"Torres, Siret",Ch863/TOR/no,LITCH
000152530,Fatamorgana de amor con banda de música,"Rivera Letelier, Hernán",Ch863/RIV/fat,LITCH
000152737,La hija del capitán,"Pushkin, Aleksandr Sergeevich",891.73/PUS/hi,LITGE
000152752,El último grumete de la Baquedano,"Coloane, Francisco",Ch/863/COL/ul,INFAN
000152830,Cómo jugar y divertirse con su inteligencia,"Poniachik, Jaime",793.74/PON/co,LITGE
000152842,La amortajada,"Bombal, María Luisa",Ch863/BOM/am,LITCH
000152901,El garaje hermético,Moebius,741.5944/MOE/ga,JUVEN
000152924,Desencierro,"Mihovilovich Hernández, Juan",Ch863/MIH/di,LITCH
000152984,Aún no ha sido todo dicho : (Cartas al lector),"Warnken Lihn, Cristián",Ch868//WAR/au,LITCH
000153077,"Cuentos de amor, de locura y de muerte : texto completo","Quiroga, Horacio",U863/QUI/cu,LITGE
000153276,Este domingo,"Donoso, José",Ch863/DON/es,LITCH
000153358,Parloteo de sombra,"Calderón, Damaris",Cu861/CAL/pa,LITGE
000153457,Diosas y plebeyas,"Hopkins, Cathy",823/HOP/di,JUVEN
000153511,Sietecolores,"Sierra i Fabra, Jordi",863/SIE/si,INFAN
000153614,La sombra de lo que fuimos,"Sepúlveda, Luis",Ch863/SEP/so,LITGE
000153632,En la boca del dragón,"Follett, Ken",823/FOL/en,LITGE
000153706,Choco encuentra una mamá,"Kasza, Keiko",813/KAS/Ch,INFAN
000153757,Un Niño llamado Pascual Coña,Paskwal Koña Pigechi pichi wenxu,980.43/NIÑ/ll,INFAN
000153786,Mío cid campeador : hazaña,"Huidobro, Vicente",Ch/863/HUI/mi,LITGE
000153798,¿Cómo es el cocodrilo?,"Novoa, Teresa",590/NOV/co,INFAN
000153803,Cuentos de Eva Luna,"Allende, Isabel",Ch863/ALL/cu,LITCH
000153805,Por qué hay brujas en las veletas?,"Núñez, Lola",863/NUÑ/po,INFAN
000153813,Delia Degú y su sombrero,"Beuchat, Cecilia",Ch863/BEU/de,INFAN
000153918,¿Seguiremos siendo amigos?,"Danziger, Paula",813/DAN/se,INFAN
000154019,Celia y la fiesta de las galletas,"Rojas García, Beatriz",Ch863/ROJ/ce,INFAN
000154046,Mi hermano gigante,"Paredes, Mauricio",Ch863/PAR/mi,INFAN
000154054,Marcos y Andrea en el Olimpo,"Lezaeta, Gabriela",Ch863/LEZ/ma,INFAN
000154143,Versos que cuentan,"Balcells, Jacqueline",Ch861/BAL/ve,INFAN
000154396,Papelucho,"Paz, Marcela",Ch863/PAZ/pa,LITCH
000154406,Amantes furtivos,"Martin, Kat",813/MAR/am,LITGE
000154618,Teatro latino : Plauto Terencio,"Plauto, Tito Maccio, ca a.C",872.1/TEA/la,LITGE
000154669,¿Quién conoce a Greta Garbo?,"Huidobro, Norma",A863/HUI/qu,LITGE
000154729,Luna de miel alrededor del mundo,"Lapierre, Dominique",910.41/LAP/lu,LITGE
000154951,Las desventuras de Sophie,"Dayre, Valérie",843/DAY/de,JUVEN
000155113,"¡Feliz Navidad, Maisy!","Cousins, Lucy",823/COU/fe,INFAN
000155194,Supertoci,"Blume, Judy",863/BLU/su,JUVEN
000155203,Gustavo y los miedos,"Alcántara, Ricardo",U/863/ALC/gu,INFAN
000155228,Orgullo y prejuicio,"Austen, Jane",823/AUS/or,LITGE
000155272,Papel moneda,"Follett, Ken",823/FOL/pa,LITGE
000155458,"Viento del Este, viento del Oeste","Buck, Pearl S",Ch863/ALL/bo,LITGE
000155580,La ciudad y los perros,"Vargas Llosa, Mario",P863/VAR/ci,INFAN
000155618,El pirata garrapata en la ciudad prohibida de Pekín,"Muñoz Martín, Juan",863/MUÑ/pi,INFAN
000155653,Las islas que van quedando,"Electorat, Mauricio",Ch863//ELE/is,LITCH
000155659,La barrera del pudor,"Simonetti, Pablo",Ch863/SIM/ba,LITCH
000155793,El Spleen de París : pequeños poemas en prosa,"Baudelaire, Charles",841/BAU/sp,LITGE
000155931,Mujeres sin pelos en la vagina,"Norambuena Pinto, Eugenio",Ch863/NOR/mu,LITCH
000156015,Sueños de luna azul,"Chihuailaf, Elicura",Ch861/ChI/su,LITCH
000156046,El africano,"Le Clézio, J.M.G. Jean-Marie Gustave",843/LEC/af,LITGE
000156151,Un perro confundido,"Beuchat, Cecilia",Ch863/BEU/pe,INFAN
000156237,En el aire,"Bach, Richard",813/BAC/en,LITGE
000156293,La invención de Hugo Cabret,"Selznick, Brian",813/SEL/in,JUVEN
000156436,Los chicos son distintos : guía para chicas!,"Hilf, Oliver",646.7708351/HIL/Ch,JUVEN
000156459,La fiesta y la ceniza,"Véjar, Francisco",Ch861/VEJ/fi,LITCH
000156474,La Crítica literaria chilena,"Espinosa Hernández, Patricia ed",Ch801/CRI/li,LITCH
000156481,El abogado del marciano,"Birmajer, Marcelo",A863/BIR/ab,JUVEN
000156519,Son más los que mueren de angustia,"Bellow, Saul",813/BEL/so,LITGE
000156529,Las aventuras de Pinocho,"Collodi, Carlo",853/COL/pi,LITGE
000156568,Daniela : niñas raras,"Leppe G., Leslie",Ch863/LEP/da,INFAN
000156570,El canto a lo poeta : a lo divino y a lo humano,"Sepúlveda Llanos, Fidel, ed",Ch861.008/CAN/lo,LITCH
000156618,En tierras bajas,"Müller, Herta",833/MUL/ti,LITGE
000156704,Marianela,"Pérez Galdós, Benito",863/PER/ma,LITGE
000156758,Mentiras inocentes,"Hopkins, Cathy",823/HOP/me,JUVEN
000156761,Elicura en el valle encantado,"Palacios Peliowski, Taibe",Ch863/PAL/el,INFAN
000156899,León : el peregrino del Golfo de Arauco,"Alcalde, Alfonso",Ch863/ALC/le,JUVEN
000156980,Las aventuras de Sherlock Holmes,"Doyle, Arthur Conan",823/CON/av,JUVEN
000157126,Eres una chica increíble!,"Rice, Ashley",813/RIC/er,INFAN
000157177,La última mudanza de Felipe Carrillo,"Bryce Echeñique, Alfredo",Pe863/BRY/ul,LITGE
000157221,Alacrán de la belleza,"Mendoza Belio, Tulio Hernán",Ch861//MEN/al,LITCH
000157222,Pequeños milagros,"Eisner, Will",741.5973/EIS/pe,JUVEN
000157232,Los dioses guardianes,"Wood, Barbara",823/WOO/di,LITGE
000157316,La vorágine,"Rivera, José Eustasio",C863/RIV/vo,LITGE
000157341,El símbolo perdido,"Brown, Dan",813/BRO/si,LITGE
000157343,El símbolo perdido,"Brown, Dan",813/BRO/si,LITGE
000157435,La daga,"Pullman, Philip",823/PUL/da,JUVEN
000157544,La Conspiración Maquiavelo,"Folsom, Allan",813/FOL/co,LITGE
000157698,Balmaceda : diálogos de amor y muerte,"Aguirre, Isidora",Ch863/AGU/ba,LITCH
000157709,Un viaje inesperado,"Dossetti, Angélica",Ch863/DOS/vi,INFAN
000157725,La tierra es del Señor,"Caldwell, Taylor",813/CAL/ti,LITGE
000157752,B-Happy,"Justiniano, Gonzalo",791.437/JUS/bh,LITCH
000157762,Tapia,"Pérez, Martín",Ch863/PER/ta,INFAN
000157768,Princesa Pop,"Hopkins, Cathy",823/HOP/pr,JUVEN
000157876,El cuerpo sorprendente,"Echeverría, Eugenia",Ch861/ECh/cu,LITGE
000157889,Como agua para chocolate,"Esquivel, Laura",M/863/ESQ/co,LITGE
000157971,"José Donoso diarios, ensayos, crónicas","Donoso, José",Ch868//DON/di,LITCH
000157990,La gran minería y los derechos indígenas en el norte de Chile,"Yáñez Fuenzalida, Nancy",323.11983/YAÑ/gr,LITCH
000158019,Quemar un pueblo,"Jara, Patricio",Ch863/JAR/qu,LITGE
000158061,Los escarabajos vuelan al atardecer,"Gripe, María",839.73/GRI/es,JUVEN
000158133,Vida : Alberto rojas Jiménez,"Mena, Mauricio pról",Ch861/ROJ/vi,LITCH
000158202,Una joven a la antigua,"Alcott, Louisa May",813/ALC/jo,JUVEN
000158219,Carta a un hijo,"Kipling, Rudyard",821/KIP/ca,INFAN
000158239,Julieta : un nuevo comienzo capítulo 1,"Olivos, Florencia",741.5983/OLI/ju,JUVEN
000158344,"Judy Moody : está de mal humor, de muy mal humor","McDonald, Megan",813MCD/jmh,INFAN
000158404,Papelucho misionero,"Paz, Marcela",Ch863/PAZ/pmi,INFAN
000158405,La asombrosa historia del espejo roto,"Solar, Francisca",Ch863/SOL/as,JUVEN
000158406,Teatro escolar representable 2,"Piña, Juan Andrés, comp",808.82/TEA/es,LITGE
000158413,El naufragio del naturalista belga,"Fernández Correa, Jorge",Ch863/FER/na,LITCH
000158432,Caminando sobre el tejado : (veinte nuevos poemas),"Yevtushenko, Yevgeny",891.78/YEV/ad,LITGE
000158491,Cruzada en 'jeans',"Beckman, Thea",839.31/BEC/cr,LITGE
000158534,Mi planta de naranja-lima,"Vasconcelos, José Mauro de",B/869.3/VAS/pi,INFAN
000158557,El sol mira para atrás : antología personal de poesía y prosa,"Domínguez, Delia",Ch861/DOM/so,LITCH
000158621,Machu Picchu en la poesía de Pablo Neruda,"Montes, Hugo",Ch861/NER/mo,LITCH
000158667,El Socio,"Prieto, Jenaro",Ch863/PRI/so,LITCH
000158675,El jugador de trivia,"Matamala, Tito",Ch863/MAT/ju,LITCH
000158677,Piden sangre por las puras,"Bertoni Lemus, Claudio",Ch861/BER/pi,LITCH
000158710,Cabo de Hornos,"Coloane, Francisco",Ch/863/COL/ca,LITGE
000158712,La nube,"Schopf, Federico",Ch861/SCh/nu,LITCH
000158747,Un capitán de quince años,"Verne, Jules",843/VER/ca,JUVEN
000158886,Adán en Edén,"Fuentes, Carlos",M863/FUE/ad,LITGE
000158896,Historia de la literatura infantil chilena,"Peña Muñoz, Manuel",Ch860.9/PEÑ/hi,LITCH
000158934,El Hipódromo de Alicante : y otros cuentos fantásticos,"Pinochet, Héctor",Ch863/PIN/HI,LITCH
000158938,El viento es un país que se fue,Oscar Andrés,Ch863/BAR/vi,LITCH
000158960,Hamlet : Príncipe de Dinamarca,"Shakespeare, William",822.33/SHA/ha,LITGE
000159010,Oreste y las luces volcánicas,"Fuentes, Roberto",Ch863/FUE/or,JUVEN
000159014,Diagonales,"Pérez, Maori",Ch863/PER/di,LITCH
000159038,El jugador de rugby,"Bustamante, Oscar",Ch863/BUS/ju,LITCH
000159049,El hombre es un gran faisán en el mundo,"Müller, Herta",833/MÜL/ho,LITGE
000159121,Bajo un millón de sombras,"Busfield, Andrea",823/BUS/ba,LITGE
000159238,Las vacaciones de Franz,"N stlinger, Christine",A833/NOS/va,LITGE
000159340,"La mandrágora : surrealismo chileno : Talca, Santiago y París","Nómez, Naín, ed",Ch861.09/MAN/su,LITCH
000159392,Averiguación del tiempo y otros poemas,"Quilodrán, Fernando",Ch861/QUI/an,LITCH
000159439,El pasajero de su destino,"Huidobro, Vicente",Ch861//HUI/pa,LITCH
000159520,El misterio de las Tanias,"Edwards, Sebastián",Ch863/EDW/mi,LITCH
000159640,Gabriela Mistral : selección poética,"Mistral, Gabriela",Ch861/MIS/ga,LITCH
000159659,"Quique Hache, detective","Gómez, Sergio",Ch863/GOM/qu,JUVEN
000159713,Un año,"Emar, Juan",Ch863/EMA/añ,LITCH
000159720,La mazmorra crepúsculo. 103. Harmaguedón,"Sfar, Joann",741.5944/SFA/mha,JUVEN
000159821,Fotografía en oscuro : selección poética,"Rokha, Winétt de",Ch861//ROK/fo,LITCH
000159839,Los bonsais gigantes,"Baquedano, Lucía",863/BAQ/bo,LITGE
000159844,"Un mundo de adivinanzas, chistes y trabalenguas","Azarmendia, Ángel",793.73/AZA/mu,INFAN
000159853,Alvin Maker III : Alvin el aprendiz,"Card, Orson Scott",813/CAR/al,LITGE
000159883,El muro de piedra,"Alcántara, Ricardo",863/ALC/mur,LITGE
000159948,Glu Glú : el pez espada,"Güiraldes, Ana María",Ch863/GUI/pe,INFAN
000160031,La orquesta subterránea,"Puerto, Carlos",863/PUE/or,LITGE
000160112,Papelucho : mi hermano hippie,"Paz, Marcela",Ch863/PAZ/PHH,INFAN
000160190,El enigma del huevo verde,"Pelayo P., Pepe",CU/863/PEL/en,INFAN
000160261,Blacksad [3] : alma roja,"Díaz Canales, Juan",741.5946/DIA/bl,JUVEN
000160309,Las aventuras de Tintín,Hergé,741.59493/HER/av,JUVEN
000160424,La casa dorada de Samarkanda,"Pratt, Hugo",741.5945/PRA/ca,JUVEN
000160461,Jack y Jill,"Alcott, Louisa May",813/ALC/ja,INFAN
000160511,Quita y pon : con un hilo de voz,"Uribe, María de la Luz",Ch863/URI/qhi,LITCH
000160529,Quita y pon : con el corazón en la boca,"Uribe, María de la Luz",Ch863/URI/qco,INFAN
000160539,Monstruos : cápsulas,"Santana, Coté",Ch863/SAN/mo,INFAN
000160540,Mi vida como un punto: historias,"Santana, Coté",Ch863/SAN/mi,INFAN
000160541,El señorito Andrew : historias,"Santana, Coté",Ch863/SAN/se,INFAN
000160695,La dama del balcón y otros cuentos,"Varas Morel, José Miguel",Ch863/VAR/da,LITGE
000160719,La Negra Ester: décimas ilustradas,"Parra, Roberto",Ch861/PAR/ne,LITCH
000160726,La democracia en América Latina,"Walker, Ignacio",321.8093/WAL/de,LITGE
000160731,Niño de maravilla : Hans Christian,"Carvajal, Víctor",Ch863/CAR/ni,INFAN
000160853,El libro del libro : de la escritura a la fabricación,"Inkiow, Dimiter",002/INK/li,INFAN
000160905,Hoy no voy al cole!,"Stanton, Philip",863/STA/ho,LITGE
000160909,El reino de la luz,"García-Clairac, Santiago",863/GAR/re,JUVEN
000160912,El reino de la oscuridad,"García-Clairac, Santiago",863/GAR/re,JUVEN
000160918,La Puerta Oscura : El mal,"Lozano Garbala, David",863/LOZ/pu,LITGE
000161006,Canciones oficiales,"Cuevas, José Angel",Ch861/CUE/ca,LITCH
000161069,La mazmorra monstruos. El desengaño,"Sfar, Joann",741.5944/SFA/mde,JUVEN
000161070,La mazmorra monstruos. 9. Las profundidades,"Sfar, Joann",741.5944/SFA/mpr,JUVEN
000161076,La mazmorra monstruos. [3]. La carta magna,"Sfar, Joann",741.5944/SFA/mca,JUVEN
000161088,La mazmorra amanecer. 98. Un justiciero en apuros,"Sfar, Joann",741.5944/SFA/mju,JUVEN
000161089,La mazmorra amanecer. 97. La juventud que se va,"Sfar, Joann",741.5944/SFA/mju,JUVEN
000161090,La mazmorra amanecer. 84. Después de la lluvia,"Sfar, Joann",741.5944/SFA/mde,JUVEN
000161093,Meche echa de menos a papá,"Fauerby, Lene",839.813/FAU/mec,INFAN
000161094,Meche se baña,"Fauerby, Lene",839.813/FAU/meb,INFAN
000161124,El heredero,"Hamme, van",741.59493/HAM/he,JUVEN
000161126,El grupo W,"Hamme, van",741.59493/HAM/gr,JUVEN
000161168,Business Blues,"Hamme, van",741.59493/HAM/bu,JUVEN
000161180,H,"Hamme, van",741.59493/HAM/h,JUVEN
000161188,Dutch Connection,"Hamme, van",741.59493/HAM/du,JUVEN
000161197,La fortaleza de Makiling,"Hamme, van",741.59493/HAM/fo,JUVEN
000161199,El león que escribía cartas de amor,"Arciniegas, Triunfo",C863/ARC/le,INFAN
000161214,La hora del tigre,"Hamme, van",741.59493/HAM/ho,JUVEN
000161218,Ver Venecia --,"Hamme, van",741.59493/HAM/ve,JUVEN
000161226,--Y morir,"Hamme, van",741.59493/HAM/ym,JUVEN
000161229,Golden Gate,"Hamme, van",741.59493/HAM/go,JUVEN
000161231,Shadow,"Hamme, van",741.59493/HAM/sh,JUVEN
000161232,El precio del dinero,"Hamme, van",741.59493/HAM/pr,JUVEN
000161241,El resto es silencio,"Guelfenbein, Carla",Ch863/GUE/re,LITCH
000161245,La ley del dólar,"Hamme, van",741.59493/HAM/le,JUVEN
000161248,Los tres ojos de los guardianes del Tao,"Hamme, van",741.59493/HAM/tr,JUVEN
000161282,Me das un beso?,"Amenábar, María Ángeles",Ch863/LOL/me,INFAN
000161415,En familia,"Malot, Héctor",843/MAL/en,INFAN
000161428,Humorarte,Karlo,741.5983/KAR/hu,JUVEN
000161431,Letras rojas : cuentos negros y policiacos,"Díaz Eterovic, Ramón, comp",Ch863/LET/ro,LITCH
000161447,Vendo casa en el Barrio Alto  Alberto Larraín Propiedades,"Subercaseaux, Elizabeth",823/WOO/di,LITGE
000161500,La granja,"Grisham, John",813/GRI/gr,LITGE
000161522,¡Historias para no dormir!,"Ramírez, David",741.5946/RAM/hi,JUVEN
000161706,Almácigo : poemas inéditos de Gabriela Mistral,"Mistral, Gabriela",Ch861/MIS/al,LITCH
000161851,El descenso de Xanadú,"Robbins, Harold",813/ROB/de,LITGE
000161855,El precio del placer,"Robbins, Harold",813/ROB/pr,LITGE
000161878,Tinta roja,"Fuguet, Alberto",Ch/863/FUG/ti,LITGE
000161883,Doble de letras : mujeres y trazos escritos,"Chile. Dirección de Bibliotecas, Archivos y Museos",809.93352042/DOB/le,LITGE
000161901,Füchse von Llafenko,"Dünckler, Gloria",Ch861/DUN/fu,LITCH
000161935,La Famosa Invasion De Sicilia Por Los Osos,"Buzzati, Dino",808.068/BUZ/fa,LITGE
000162024,Nosotras que nos queremos tanto,"Serrano, Marcela",Ch863/SER/no,LITCH
000162101,La mazmorra festival. 1. Una mazmorra de más,"Sfar, Joann",741.5944/SFA/mma,JUVEN
000162107,La mazmorra festival. 2. El sabio del gueto [i.e. ghetto],"Sfar, Joann",741.5944/SFA/msa,JUVEN
000162111,La mazmorra festival. 3. El día de los sapos,"Sfar, Joann",741.5944/SFA/mdi,JUVEN
000162116,La mazmorra festival. 4. Flores y chavales,"Sfar, Joann",741.5944/SFA/mfl,JUVEN
000162121,La mazmorra festival. 5. La técnica grogro,"Sfar, Joann",741.5944/SFA/mte,JUVEN
000162149,Comedia de Chile,"Rivera, Guillermo",Ch861//RIV/co,LITCH
000162192,El libro de las tierras vírgenes,"Kipling, Rudyard",823/KIP/li,LITGE
000162261,"Requiem, tango y contrapunto de un espectro","Ugarte, Fernando",Ch863//UGA/re,LITCH
000162307,"La mazmorra monstruos. [1]. Jean-Jean, el terror","Sfar, Joann",741.5944/SFA/mje,JUVEN
000162311,La mazmorra monstruos. La noche del seductor,"Sfar, Joann",741.5944/SFA/mno,JUVEN
000162315,La mazmorra monstruos. Mi hijo el asesino,"Sfar, Joann",741.5944/SFA/mmi,JUVEN
000162371,"Gabriela, la poeta viajera y algunos poemas",Toro Alejandra,Ch861/MIS/to,INFAN
000162399,Cerro San Cristóbal : el gran balcón de Santiago,"Medina Torres, Juan",719.320983/MED/ce,LITCH
000162465,La mazmorra crepúsculo. 101. El cementerio de los dragones,"Sfar, Joann",741.5944/SFA/mce,JUVEN
000162468,La mazmorra crepúsculo. 102. El volcán de los Vaucanson,"Sfar, Joann",741.5944/SFA/mvo,JUVEN
000162469,Las lunas de Júpiter,"Asimov, Isaac",813/ASI/lu,LITGE
000162474,La mazmorra crepúsculo. 104. El dojo de la laguna,"Sfar, Joann",741.5944/SFA/mdo,JUVEN
000162478,La mazmorra zenit. 1. Corazón de pato,"Sfar, Joann",741.5944/SFA/mco,JUVEN
000162487,La mazmorra [zenit]. 2. El rey de la pelea,"Sfar, Joann",741.5944/SFA/mre,JUVEN
000162490,La mazmorra zenit. 3. La princesa de los bárbaros,"Sfar, Joann",741.5944/SFA/mpr,JUVEN
000162493,La mazmorra [zenit]. 4. Sortilegios e infortunios,"Sfar, Joann",741.5944/SFA/mso,JUVEN
000162494,La mazmorra zenit. 5. Un matrimonio separado,"Sfar, Joann",741.5944/SFA/mma,JUVEN
000162507,Maulicán y Francisco : enemigos-amigos en el Arauco del siglo XVII,"González Vargas, Carlos A",983.03/NUÑ/go,LITGE
000162623,Nuestra otra vida,"Flores Soriano, Humberto",Ch863/FLO/nu,LITCH
000162671,Los pájaros negros : novela,"Ruiz, Arturo",Ch863/RUI/pa,LITCH
000162715,María la Dura en: No quiero ser ninja,"Cabezas, Esteban",Ch863/CAB/ma,INFAN
000163005,El capitán Calzoncillos y el perverso plan del Profesor Pipicaca,"Pilkey, Dav",813/PIL/ca,INFAN
000163006,El capitán Calzoncillos y la invasión de los pérfidos tiparracos del espacio,"Pilkey, Dav",813/PIL/ca,INFAN
000163050,Sucedió en Paso al Monte,"Concha Cosani, Beatriz",Ch863/CON/su,JUVEN
000163078,El roto,"Edwards Bello, Joaquín",Ch863/EDW/ro,LITCH
000163087,Formalismo y ambigüedad : poesía chilena de los sesenta,"Morales T., Leonidas",Ch861.009/MOR/fo,LITCH
000163089,Tinta de sangre : narrativa policial chilena del siglo XX,"Franken, Clemens",Ch863.009/FRA/ti,LITCH
000163099,El movimiento continuo,"Moure, Gonzalo",863/MOU/mo,INFAN
000163125,Para un pueblo fantasma ; Cartas para reinas de otras primaveras,"Teillier, Jorge",Ch861//TEI/pu,LITCH
000163135,Muñecas de satín : crónicas de burdeles,"Galiachis, Irene",Ch863/GAL/mu,LITCH
000163140,Alturas de Macchu Picchu,"Neruda, Pablo",Ch861/NER/al,LITCH
000163147,Armas arrojadizas,"Mellado, Marcelo",Ch863/MEL/ar,LITCH
000163162,En el arca a las ocho,"Hub, Ulrich",833/HUB/ar,INFAN
000163171,"Diana ; o, la cazadora solitaria","Fuentes, Carlos",M863/FUE/di,LITGE
000163173,Cuentos de Rudyard Kipling,"Kipling, Rudyard",823/KIP/hi,INFAN
000163290,El deseador y la Fortuna,"Valle, Luz María del",Ch863/VAL/de,INFAN
000163301,La décima renacentista y barroca,"López Lemus, Virgilio",861.0409/LOP/de,LITGE
000163317,Natacha,"Pescetti, Luis María",A863/PES/na,JUVEN
000163346,A mi burro,"Barry, Vivienne",649.5/BAR/po,INFAN
000163348,Los pollitos dicen y Manseque la culeque,"Barry, Vivienne",649.5/BAR/po,INFAN
000163466,Alicia va en el coche,"Barry, Vivienne",649.5/BAR/al,INFAN
000163519,Barba Azul y otros cuentos,"Perrault, Charles",843/PER/ba,INFAN
000163581,Todas íbamos a ser reinas,"Cardoch Zedán, Branny",Ch863/CAR/to,LITCH
000163658,La tierra de las papas,"Bordons, Paloma",863/BOR/ti,LITGE
000163660,Poema del Mio Cid : anónimo,Cantar de mío Cid,861.03/CAN/mi,JUVEN
000163664,Lo que está en mi corazón,"Serrano, Marcela",Ch863/SER/lo,LITCH
000163760,Te llamarás konnalef,"Rosselot, Armando",Ch863/ROS/te,LITCH
000163856,Vastas emociones y pensamientos imperfectos,"Fonseca, Rubem",B869.3/FON/va,LITGE
000163919,Poesía concreta : la no poesía,"Jara, Orietta Igea de la",Ch861/JAR/po,LITCH
000163933,Nuestras sombras,"Budge, Maria Teresa",Ch863/BUD/nu,JUVEN
000163942,Chacolí con panales y otros cuentos,"Massardo Castillo, Héctor",Ch863/MAS/Ch,LITCH
000163968,Aventuras y desventuras de Don Quijote de La Mancha,"Castaing Inostroza, Carlos",863/AVE/de,JUVEN
000164010,Un viejo que leía novelas de amor,"Sepúlveda, Luis",Ch863/SEP/vi,JUVEN
000164025,El principito,"Saint-Exupéry, Antoine de",843/SAI/pr,JUVEN
000164032,Sueños y embrujos,"Heine Clarke, Ilse Miriam",Ch863/HEI/su,LITCH
000164034,La bestia del corazón,"Müller, Herta",833/MUL/be,LITGE
000164038,"Ejercicios críticos latinoamericanos : novela, ensayo y teatro","Ravetti, Graciela",864/RAV/ej,LITGE
000164042,Asalto a mano santa y otras crónicas,"Sepúlveda, Luis",Ch808/SEP/as,LITCH
000164060,Ratita Marita ; La lombriz resfriada,"Güiraldes, Ana María",Ch863/GUI/ra,INFAN
000164082,La vía y la virtud,"Hamme, van",741.59493/HAM/vi,JUVEN
000164085,Ígor Stravinski y El pájaro de fuego,"Crespo, Rosa Anna",780.7883/STR/ig,INFAN
000164086,Nuestra Señora de la Soledad,"Serrano, Marcela",Ch863/SER/nu,LITCH
000164124,Anda libre en el surco : obras ganadoras premio lagar 2009,"Volantines Reinoso, Arturo ed",Ch861/AND/li,LITCH
000164135,Comarca del jazmín,"Castro, Oscar",Ch863/CAS/co,JUVEN
000164144,Vendo casa en el barrio alto : Alberto Larraín Propiedades,"Subercaseaux, Elizabeth",Ch863/SUB/ve,LITCH
000164152,La metamorfosis,"Kafka,Franz",A833/KAF/me,JUVEN
000164158,Fuegos y destierros,"Herrera, Edmundo",Ch861/HER/fu,LITCH
000164228,En el nombre del padre y de la hija : El descanso de las velas,"Radrigán, Juan",Ch862/RAD/no,LITCH
000164247,Memorias del nuevo siglo,"Carreño Bolívar, Rubí",Ch863.09/CAR/me,LITCH
000164472,Encender una hoguera,"London, Jack",813/LON/en,JUVEN
000164494,Cantos de secano,"Gómez Lasa, Gastón",Ch861/GOM/ca,LITCH
000164499,Nostalgias y desdenes,"Jerez, Fernando",Ch863/JER/no,LITCH
000164501,Siéntate un ratito : cuentos,"Ferrer, Miguel",Ch863/FER/si,LITCH
000164543,La vuelta de Pedro Urdemales,"Pérez, Floridor",Ch863/PER/vu,INFAN
000164555,Fuenteovejuna,"Vega, Lope de",862/VEG/fu,LITGE
000164560,El reino del Rey Don Reinaldo,"Kittsteiner Rojas, Zinnia",Ch863/KIT/re,INFAN
000164601,Socorro Diez : (libro pesadillesco),"Bornemann, Elsa",A863/BOR/so,JUVEN
000164673,Los viajes de Gulliver,"Swift, Jonathan",823/SWI/vi,LITGE
000164733,Compases al amanecer,"Marín, Germán",Ch863/MAR/co,LITCH
000164740,Rapsodia Gourmet,"Barbery, Muriel",843/BAR/ra,LITGE
000164755,Todos los amigos juntos,"Hopkins, Cathy",823/HOP/to,JUVEN
000164758,Conflictos de amor,"Hopkins, Cathy",823/HOP/co,JUVEN
000164765,Un nuevo desafío,"Hopkins, Cathy",823/HOP/nu,JUVEN
000164773,Una chica diferente,"Hopkins, Cathy",823/HOP/Ch,JUVEN
000164783,Cuando Hitler robó el conejo rosa,"Kerr, Judith",833/KER/cu,JUVEN
000164795,Narraciones extraordinarias,"Poe, Edgar Allan",813/POE/na,JUVEN
000164800,Cuentos araucanos,"Morel, Alicia",Ch/863/MOR/cu,JUVEN
000164807,La casa de Bernarda Alba,"García Lorca, Federico",862/GAR/ca,LITGE
000164835,El jardín secreto,"Burnett, Frances Hodgson",823/BUR/ja,LITGE
000164926,El pájaro verde,"Barry, Vivienne",649.5/BAR/pa,INFAN
000164939,Ronquidos!,"Rosen, Michael",823/ROS/ro,INFAN
000165088,La liebre y la tortuga,"Bloom, Becky",398.2/BLO/li,INFAN
000165093,Siete Presidentes de Chile en la vida de Gabriela Mistral,"Quezada, Jaime",Ch866/MIS/qu,LITCH
000165222,Popol Vuh : basado en el mito de creación maya quiché,"Pavez, Ana María",299.79281/PAV/po,INFAN
000165303,Pepita de oro,"Lafourcade, Enrique",Ch863/LAF/pe,JUVEN
000165335,"Las crónicas de Narnia : el león, la bruja y el ropero","Lewis, C. S",823/LEW/cr,INFAN
000165362,Bendita mi lengua sea : diario íntimo,"Mistral, Gabriela",Ch868.03/MIS/be,LITCH
000165399,Hilando en la memoria : epu rupa 14 mujeres mapuche : poesía,"Falabella, Soledad",Ch898.1008/HIL/me,LITCH
000165426,Ami.3,"Barrios, Enrique",Ch863/BAR/am,LITCH
000165481,La importancia de llamarse Ernesto,"Wilde, Oscar",822/WIL/im,JUVEN
000165492,Los jefes ; los cachorros,"Vargas Llosa, Mario",Pe863/VAR/je,LITGE
000165497,Cirilo el miedoso,"Ojeda, Bernardita",Ch863/OJE/ci,INFAN
000165524,Madame Bovary,"Flaubert, Gustave",843/FLA/ma,LITGE
000165525,La leyenda del rey errante,"Gallego García, Laura",863/GAL/le,JUVEN
000165527,Nunca seremos estrellas del rock,"Sierra i Fabra, Jordi",863/SIE/nu,JUVEN
000165528,Roquerío 68,"Leiva, Alvaro",Ch861/LEI/ro,LITCH
000165535,Edipo rey ; Electra,"Sófocles, - a. C",882/SOF/ed,LITGE
000165555,Historia de una gaviota y del gato que le enseñó a volar,"Sepúlveda, Luis",Ch/863/SEP/hi,LITCH
000165574,Por que sólo tengo el cuerpo para defender este coto,"Burgos, Juan Claudio",Ch862/BUR/po,LITCH
000165580,La casa de Dios,"Parra, Marco Antonio de la",Ch862/PAR/ca,LITCH
000165592,El avión rojo (o el utópico indestructible),"McManus, Jaime",Ch862/MCM/av,LITCH
000165595,Parkour (o un manual para correr en línea recta),"Pavez, Eduardo",Ch862/PAV/pa,LITCH
000165658,Amanecer,"Meyer, Stephenie",813/MEY/am,JUVEN
000165836,Martín manda su rabia,"Milicic, Neva",152.47054/MIL/ma,INFAN
000165855,Ay cuánto me quiero!,"Paredes, Mauricio",Ch863/PAR/ay,INFAN
000165929,Pregúntale a Alicia,Anónimo,813/PRE/al,LITGE
000165964,XXXIII poemas,"Romero, Cristóbal",Ch861/ROM/tr,LITCH
000165965,Con lágrimas en los anteOjos,"Pérez, Floridor",Ch861/PER/co,LITCH
000165967,Poemas sin fronteras,"Hahn, Óscar",Ch861/HAH/po,LITCH
000165992,Mi amigo el Negro,"Alliende, Felipe",Ch/863/ALL/mi,INFAN
000166014,Qedeshím qedeshóth : [antología],"Rojas, Gonzalo",Ch861/ROJ/qe,LITCH
000166033,Cuentos chilenos para niños para leer y contar,"Pereira L., Manuel comp",372.412/CUE/Ch,JUVEN
000166073,Cuentos imposibles,"Sierra i Fabra, Jordi",863/SIE/cu,JUVEN
000166094,17 de miedo,"Accame, Jorge",860/DIE/mi,JUVEN
000166114,Abajo las manos,Malaimagen Chile,741.5983/MAL/ab,COMIC
000166168,De profundis,"Wilde, Oscar",823/WIL/pro,LITGE
000166214,El largo camino a casa,"Steel, Danielle",813/STE/la,LITGE
000166236,Nación golpeadora : manifestaciones y latencias,Red Chilena contra la Violencia Doméstica y Sexual,362.82920983/NAC/go,GENER
000166345,Martín Rivas,"Blest Gana, Alberto",Ch863/BLE/ma,LITCH
000166406,Desde el azul del cielo,"Astorga, Max",Ch863/AST/de,LITCH
000166415,El niño que enloqueció de amor,"Barrios, Eduardo",Ch863/BAR/ni,JUVEN
000166419,The host = (la huésped),"Meyer, Stephenie",813/MEY/ho,LITGE
000166496,Heredé un fantasma,"Escudero, Laura",A/863/ESC/he,INFAN
000166662,La noche del meteorito,"Vaccarini, Franco",A863/NAC/no,INFAN
000166673,Cuentos para no cortar : 17 relatos de árboles chilenos,"Gallegos Abarca, Manuel",Ch863/GAL/cu,INFAN
000166681,El fabricante de ausencias,"Simón, Francisco",Ch863/SIM/fa,LITCH
000166750,La chica que soñaba con una cerilla y un bidón de gasolina,"Larsson, Stieg",839.73/LAR/Ch,LITGE
000166843,Juego de citas,"Steel, Danielle",813/STE/ju,LITGE
000166850,Breve historia de la literatura chilena,"Montes, Hugo",Ch860.9/MON/br,LITGE
000166894,Crónicas marcianas,"Bradbury, Ray",813/BRA/cr,LITGE
000166895,Muerte de tinta,"Funke, Cornelia",833/FUN/mu,LITGE
000166901,La segunda vida de Bree Tanner,"Meyer, Stephenie",813/MEY/se,LITGE
000166937,La Piedra del león y otros cuentos,"Ceballos Concha, Ricardo",Ch863/CEB/pi,LITCH
000166943,Me huele a cuento,Audren,841/AUD/me,INFAN
000166981,Idioma del mundo,"Rokha, Pablo de",Ch868/ROK/id,LITCH
000166995,El maestro de Go,"Kawabata, Yasunari",895.63/KAW/ma,LITGE
000167014,El arte de amar : una investigación sobre la naturaleza del amor,"Fromm, Erich",152.44/FRO/ar,JUVEN
000167063,"La guerrilla literaria : Pablo de Rokha, Vicente Huidobro, Pablo Neruda","Zerán Chelech, Faride",Ch861.4409/ZER/gu,LITCH
000167118,Quita y pon : con la piel de gallina,"Uribe, María de la Luz",Ch863/uri/qu,INFAN
000167123,De qué color es la cebra?,"Novoa, Teresa",590/NOV/de,INFAN
000167201,Contradicciones del desarrollo político chileno 1920-1990,"Moulian, Tomás",320.983/MOU/co,LITGE
000167208,Neruda y Cuba,"Ferro González, Vladimir",Ch861/NER/fe,LITCH
000167313,Bernardo O'Higgins,García Macarena,923.183/OHI/ga,INFAN
000167393,La lengua escorada :,"Rojas B., Rodrigo",Ch898.39/ROJ/le,LITCH
000167401,Guaitecas,"Velásquez, Jorge",Ch861/VEL/gu,LITCH
000167421,Las pinturas de Willy,"Browne, Anthony",823/BRO/pi,INFAN
000167422,Cosita linda,"Browne, Anthony",823/BRO/co,INFAN
000167439,Niña errante : cartas a Doris Dana,"Mistral, Gabriela",Ch866/MIS/ni,LITCH
000167478,La contadora de películas,"Rivera Letelier, Hernán",Ch863/RIV/co,LITCH
000167524,100 cuentos de Disney : para leer antes de dormir,Walt Disney Enterprises,813/CIE/cu,INFAN
000167639,Judy Moody salva el planeta,"McDonald, Megan",813/MCD/ju,JUVEN
000167773,"Dónde estás, Constanza --","Rosasco, José Luis",Ch863/ROS/do,JUVEN
000167790,"Francisca, yo te amo","Rosasco, José Luis",Ch863/ROS/fr,JUVEN
000167808,Cuentos folclóricos para niños,"Sepúlveda Llanos, Fidel, compilador",398.20983/CUE/fo,INFAN
000167820,El ponche de los deseos,"Ende, Michael",833/END/po,JUVEN
000167826,El maestro y el robot,"Cañizo, Jose Antonio del",863/CAÑ/ma,JUVEN
000167841,Como escribir realmente mal,"Fine, Anne",823/FIN/co,INFAN
000167860,El pirata Garrapata,"Muñoz Martín, Juan",863/MUN/pi,INFAN
000167908,La cuncuna Filomena,"Hertling Perlwitz, Gisela",Ch863/HER/cu,INFAN
000167942,El mono imitamonos,"Armijo, Consuelo",863/ARM/mo,INFAN
000168018,El secreto de la cueva negra,"Pelayo P., Pepe",CU/863/PEL/se,INFAN
000168021,La soledad de los números primos,"Giordano, Paolo",853/GIO/so,LITGE
000168022,Mil soles espléndidos,"Hosseini, Khaled",813/HOS/mi,LITGE
000168059,El cuerpo,"Araya, Bertina",612/ARA/cu,INFAN
000168064,Manual para libelulas : conoce los 10 principios del club,"Berrutti, Valentina",A863/BER/ma,INFAN
000168098,Antología general,"Neruda, Pablo",Ch860/NER/an,LITCH
000168107,Camino a casa,"Buitrago, Jairo",C863/BUI/ca,INFAN
000168113,En verso y prosa : antología,"Mistral, Gabriela",Ch860/MIS/an,LITCH
000168125,Cocodrilo va al dentista,"Gomi, Taro",895.63/GOM/co,INFAN
000168135,Adivinanzas : un libro para niños,"Hernández, Sergio",398.6/HER/ad,INFAN
000168169,"¡Huy, qué miedo!","Alcántara, Ricardo",U/863/ALC/hu,INFAN
000168202,El corazón y la botella,"Jeffers, Oliver",I823/JEF/co,INFAN
000168227,El cartero de Neruda,"Skármeta, Antonio",Ch/863/SKA/ca,LITGE
000168228,La casa,"Steel, Danielle",813/STE/ca,JUVEN
000168289,Los trenes se van al purgatorio,"Rivera Letelier, Hernán",Ch863/RIV/tr,INFAN
000168303,Veronika decide morir,"Coelho, Paulo",B869.3/COE/ve,JUVEN
000168332,La Reina Isabel cantaba rancheras,"Rivera Letelier, Hernán",Ch863/RIV/re,LITCH
000168333,Juventud en éxtasis,"Sánchez, Carlos Cuauhtémoc",M863/SAN/ju,JUVEN
000168349,Romeo y Julieta,"Shakespeare, William",822.33/SHA/ro,JUVEN
000168394,Dime quién soy,"Navarro, Julia",863/NAV/di,LITGE
000168397,Alsino,"Prado, Pedro",Ch863/PRA/al,JUVEN
000168490,Los hermanos Karamazov,"Dostoievski, Fedor",891.73/DOS/he,LITGE
000168562,Atlas atleta,"Feoli, Daniela adapt",796.42/ATL/at,INFAN
000168677,El vino del estío,"Bradbury, Ray",813/BRA/vi,JUVEN
000168697,La araña enamorada,"Álvarez González, Blanca",863/ALV/ar,INFAN
000168806,El túnel,"Sábato, Ernesto",A/863/SAB/tu,LITGE
000168812,El niño con bigote,"Cabezas, Esteban",Ch863/CAB/ni,INFAN
000168896,Adiabática,"Coñuecar, Ivonne",Ch861/COÑ/ad,LITCH
000168978,Literatura infantil y escuela : un diálogo posible,"Munita, Felipe",809.89282/MUN/li,INFAN
000168982,El filo fotográfico de la historia,"Collingwood-Selby Ojeda, Elizabeth",193/COL/fi,LITGE
000169002,Colonia de perros,"Hernández Suárez, Gonzalo",Ch863/HER/co,LITCH
000169004,La Basura de Grecia,"Ramone, K",Ch863/RAM/ba,LITCH
000169099,La elegancia del erizo,"Barbery, Muriel",843/BAR/el,LITGE
000169120,Los amiguetes del pequeño Nicolás,Goscinny,843/GOS/am,INFAN
000169121,El caballero de la armadura oxidada,"Fisher, Robert",813/FIS/ca,LITGE
000169155,Dolores,"Susann, Jacqueline",813/SUS/do,LITGE
000169199,El fantasista,"Rivera Letelier, Hernán",Ch863/RIV/fa,LITCH
000169468,El chupacabras de Pirque,"Pelayo P., Pepe",Cu863/PEL/Ch,LITGE
000169519,"Petit, el monstruo",Isol,A863/ISO/pe,INFAN
000169540,Los tipos como yo,"Fabre, Dominique",843/FAB/ti,LITGE
000169562,El increíble niño comelibros,"Jeffers, Oliver",I823/JEF/in,INFAN
000169572,Lautaro,"Faivovich, Ricardo",980.4342/LAU/fa,INFAN
000169587,Fairy Oak : capitán Grisam y el amor,"Gnone, Elisabetta",853/GNO/fa,JUVEN
000169607,Poesía chilena : antología,"Harris, Thomas, comp",Ch861.008/POE/Ch,LITCH
000169608,El cruce de Los Andes,"Lobos, Themo",741.5983/LOB/cr,JUVEN
000169747,El secreto de sus ojos,"Sacheri, Eduardo A. Eduardo Alfredo",A863/SAC/se,LITGE
000169795,El lobo Florindo,"Córdova Rosas, Isabel",Pe863/COR/lo,INFAN
000169796,Kiwi,"Posadas, Carmen de",U/863/POS/ki,INFAN
000169832,Querido papá,"Steel, Danielle",813/STE/qu,LITGE
000169835,Cometas en el cielo,"Hosseini, Khaled",813/HOS/co,LITGE
000169856,Subterra,"Lillo, Baldomero",Ch863/LIL/su,JUVEN
000169910,El estofado del lobo,"Kasza, Keiko",813/KAS/es,INFAN
000170034,Los diálocos de Pepito,"Pelayo P., Pepe",Cu863/PEL/di,INFAN
000170064,A las 12:10 : Combate Naval de Iquique,"Inostrosa, Jorge",Ch863/INO/al,LITCH
000170191,Fundación,"Asimov, Isaac",813/ASI/fu,LITGE
000170200,Las noches blancas : texto original completo,"Dostoievski, Fedor",891.73/DOS/no,LITGE
000170270,Ghostgirl,"Hurley, Tonya",813/HUR/gh,JUVEN
000170321,La ciudad de las bestias,"Allende, Isabel",Ch863/ALL/ci,LITCH
000170325,Cuentos de los hermanos Grimm,"Grimm, Jacob Ludwig Karl",833/GRI/cu,JUVEN
000170330,Perdido y encontrado,"Jeffers, Oliver",I823/JEF/pe,INFAN
000170393,Maniática de la explicación,"Falcao, Adriana",B869.3/FAL/ma,INFAN
000170487,"Niños con pataleta, adolescentes desafiantes","Céspedes Calderón, Amanda",155.4/CES/ni,INFAN
000170517,Los niños de la Cruz del Sur,"Peña Muñoz, Manuel",Ch863/PEÑ/ni,LITCH
000170535,Dónde vamos de paseo?,"Araya, Bertina",Ch861/ARA/do,INFAN
000170536,Qué hizo René hoy?,"Araya, Bertina",Ch863/ARA/qu,INFAN
000170573,Luna nueva,"Meyer, Stephenie",813/MEY/lu,JUVEN
000170632,Todo sobre el zoo,"Erne, Andrea",863/GON/Ch,INFAN
000170686,Charlie y la fábrica de chocolate,"Dahl, Roald",823/DAH/Ch,INFAN
000170710,Crisis mundial : ¿recesión o depresión?,"Fazio, Hugo",330.905/FAZ/cr,LITGE
000170714,La otra mujer,"Ampuero, Roberto, -",Ch863/AMP/ot,LITCH
000170741,Fantasía Antártica : relatos para niños,"Riveros Strange, Víctor, il",Ch863/FAN/an,LITCH
000170769,Grimpow : y la bruja de la estirpe,"Ábalos, Rafael",863/ABA/grb,LITGE
000170810,El sueño del celta,"Vargas Llosa, Mario",Pe863/VAR/su,LITGE
000170835,Pazuca en la duna,"Paz, Marcela",Ch863/PAZ/pa,LITCH
000170838,¿Por qué hibernan las chinitas?,"Molina Franjola, Sandra Elisa",Ch863/MOL/phi,INFAN
000170843,Onomatopeya : lecturas de poesía,"Astengo M., Giovanni",Ch861.008/ONO/le,LITCH
000170881,La bruja de abril y otros cuentos,"Bradbury, Ray",813/BRA/br,LITGE
000170883,Ceruza no puede dormir,"Leppe G., Leslie",Ch863/LEP/ce,LITCH
000170896,Papelucho detective,"Paz, Marcela",Ch863/PAZ/pde,INFAN
000170897,Nadie dijo nada,"Pezoa Véliz, Carlos",Ch861/PEZ/na,LITCH
000170901,Violencia en barrios críticos,"Manzano Chávez, Liliana",362.880983/MAN/vi,LITGE
000170902,Subterra : Carlitos,"Lillo, Baldomero",Ch/863/LIL/su,LITGE
000170912,Archivo expiatorio : poesias completas (1961-2009),"Hahn, Óscar",Ch861/HAH/ar,LITCH
000170925,Quién soy?,Loly Bernardilla,Ch863/LOL/qu,INFAN
000170930,Prohibido asomarse al interior : antología,"Lara, Omar",Ch861/LAR/pr,LITCH
000170942,La metamorfosis y otros relatos,"Kafka, Franz",A/833/KAF/me,JUVEN
000170943,El viaje : libro segundo,"Lasky, Kathryn",813/LAS/vi,INFAN
000170945,Tres pasos en la oscuridad,"Gil, Antonio",Ch863/GIL/tr,LITCH
000170962,Gente del siglo XX : crónicas culturales,"Mansilla, Luis Alberto",Ch868/MAN/ge,LITCH
000170967,Cuadernos de guerra,"Zurita, Raúl, prol",Ch861/ZUR/cu,LITCH
000170969,El fantasma de Canterville y otras historias,"Wilde, Oscar",823/WIL/fa,JUVEN
000170975,El secreto del caracol,"Morel, Alicia",Ch/863/MOR/se,LITGE
000171046,Aproximaciones al neopolicial latinoamericano,"Epple, Juan Armando",H863.009/EPP/ap,LITGE
000171048,El crimen de la calle Bambi,"Solar, Hernán del",Ch863/SOL/cr,INFAN
000171060,La cabaña del tío Tom,"Stowe, Harriet Beecher",813/STO/ca,JUVEN
000171070,Obra reunida,"Lillo, Baldomero",Ch863/LIL/ob,LITCH
000171079,Cuando florece la higuera,"Guzmán, Jorge",Ch863/GUZ/cu,LITCH
000171080,La maravillosa historia del mundo y del fundo de Segundo,"Prieto G., Álvaro",Ch862/PRI/ma,LITCH
000171083,Máximo Chambónez,"Lobos, Themo",741.5983/LOB/ma,JUVEN
000171117,Niña alga va a la Antártica,"Thomann, Catherine",Ch863/THO/ni,INFAN
000171159,Títere de trapo y marioneta de papel maché,"Soler, Laia",863/SOL/ti,INFAN
000171170,Papelucho : mi hermana Ji,"Paz, Marcela",Ch863/PAZ/pmi,JUVEN
000171173,Los hombres que hicieron llover : medio ambiente,"Schkolnik, Saúl",Ch863/SCh/ho,INFAN
000171189,Juan Salvador Gaviota,"Bach, Richard",813/BAC/ju,LITGE
000171202,Cuentos chilenos de terror,"Guzmán, Luis Emilio",Ch863.008/CUE/ch,LITCH
000171210,La caída de los gigantes,"Follett, Ken",823/FOL/ca,LITGE
000171221,Historias del país de las aguas,"Contreras Vega, Mario",Ch863/CON/hi,LITCH
000171222,Manifiesto de Santiago : política de civilización,"Rodrigo S., Patricio, ed",333.7/MAN/sa,LITGE
000171250,El diente desobediente de Rocío,"Paredes, Mauricio",Ch863/PAR/di,LITCH
000171356,Chobits,CLAMP Mangaka group,741.5952/CLA/Ch,JUVEN
000171360,Ilíada,Homero,883.01/HOM/il,LITGE
000171429,La guerra del bosque,"Jordán Jiménez, Felipe",Ch863/JOR/gu,LITCH
000171497,La casa de los espíritus,"Allende, Isabel",Ch863/ALL/ca,LITCH
000171526,Emily the Strange : los días perdidos,"Reger, Rob",813/REG/em,JUVEN
000171563,10 años de Santiago en 100 Palabras : (2001-2010),Concurso de Cuentos Breves Santiago,Ch863.008/CON/di,LITCH
000171630,El espejo del futuro,"Sierra i Fabra, Jordi",863/SIE/es,LITGE
000171648,Historia de América con Neruda,"Ruz Trujillo, Luis Fernando",Ch861/NER/hi,LITCH
000171678,"Lestat, el vampiro","Rice, Anne",813/RIC/le,LITGE
000171868,La gata en el abedul,"Almuna, Julia",863/ALM/ga,INFAN
000171896,Baby school [conjunto],Time Life Firma Comercial Estados Unidos,649.68/BAB/sc,INFAN
000171923,La historia interminable : de la A a la Z,"Ende, Michael",833/END/hi,JUVEN
000171941,"¡Al mal tiempo, buena cara!","Milicic, Neva",Ch863/MIL/ma,INFAN
000171943,Es así,"Valdivia, Paloma",Ch860/VAL/es,INFAN
000172170,El viaje de Babar,"Brunhoff, Jean de",843/BRU/vi,INFAN
000172229,¡Palabra de teatro! : antología dramatúrgica : teatro,"Hernández López, Claudia",Ch862/HER/pa,LITCH
000172285,Don Quijote de la Mancha,"Cervantes Saavedra, Miguel de",863/CER/do,LITGE
000172373,Ngen mapu : el dueño de la tierra,"Cisternas Tirapegui, Ignacio",Ch863/CIS/ng,LITCH
000172408,La tierra en movimiento,"LaCueva Teruel, Aurora",551.8/LAC/ti,JUVEN
000172460,Armonía popular moderna,"Cheul, Luis",781.25/ChE/ar,LITGE
000172468,Juanita y el Duende Negro,"Olavarría Gabler, Fernando",Ch863/OLA/ju,INFAN
000172478,La Academia del Ruiseñor y otros cuentos,"García-Tello, María Luisa",Ch863/GAR/ac,INFAN
000172502,Escritura de alta tensión : desafío de Luis Oyarzún,"Hozven, Roberto",Ch861.09//OYA/ho,LITCH
000172519,El Patas de hilo : cuento basado en relatos campesinos,"Hayden, Consuelo adapt",398.20983/PAT/hi,INFAN
000172605,Deshojando silencio : obra poética de Ema Beltrán Padilla,"Beltrán Padilla, Ema",Ch861/BEL/de,LITCH
000172607,Niña de encanto María Luisa,"Carvajal, Víctor",Ch863/CAR/ni,INFAN
000172677,Shoots = Almácigo : unpublished poems by Gabriela Mistral,"Mistral, Gabriela",Ch861/MIS/sh,LITCH
000173199,Puertas adentro,"Opazo, Luis",Ch863/OPA/pu,LITCH
000173360,El cuaderno de Martín,"Almarza Nazar, Cecilia",Ch863/ALM/cu,INFAN
000173436,Colombina y el pez azul,"Truffello, Patricia",Ch/863/TRU/co,JUVEN
000173592,Los amantes mariposa,"Lacombe, Benjamin",398.20952/LAC/am,JUVEN
000173603,Diario de muerte,"Lihn, Enrique",Ch861/LIH/di,LITCH
000173611,El espejo africano,"Bodoc, Liliana",A863/BOD/es,INFAN
000173664,Las Aventuras de Romeo Palote,"Noguera, Pablo",Ch863/NOG/av,INFAN
000173677,Cuentos para Marisol,"Brunet, Marta",Ch863/BRU/cu,INFAN
000173766,"Juanilla, Juanillo y la abuela : novela para niños","Morel, Alicia",Ch863/MOR/ju,INFAN
000173845,¿Quieren saber por qué les cuento cuentos Aymaras?,"Schkolnik, Saúl",398.2098337/QUI/sa,INFAN
000173856,"Julieta, estate quieta!","Wells, Rosemary",813/wel/JU,INFAN
000173917,Obras completas,"Lillo, Baldomero",863.008/LIL/ob,LITGE
000173956,"Cuentacolmos, adivinanzas y frases traviesas","Moraga, Osvaldo, il",398.6/CUE/ad,INFAN
000173999,El verano de la sangre,"Marshall, Lester",Ch861/MAR/ve,LITCH
000174006,Fairy Oak : los hechiceros días de Shirley,"Gnone, Elisabetta",853/GNO/fa,LITGE
000174023,El enigma del zapato perdido y otros misterios,"Ramírez Gutiérrez, Oriel",Ch863/RAM/en,LITCH
000174026,Ghostgirl : el regreso,"Hurley, Tonya",813/HUR/gh,JUVEN
000174046,Los poetas de Gino y otros relatos,"Cintolesi, Vittorio",Ch863/CIN/po,LITCH
000174081,Hernán Rivera Letelier [videograbación],"Rivera Letelier, Hernán",Ch860/RIV/he,LITCH
000174088,Roberto Bolaño [videograbación],"Bolaño, Roberto",Ch863/BOL/ro,LITCH
000174129,Elicura Chihuailaf [videograbación],"Chihuailaf, Elicura",Ch898.1/ChI/el,LITCH
000174134,Física : 2° educación media : texto para el estudiante,"Herrera Aguayo, Macarena",530.0202/HER/fi,JUVEN
000174152,José Donoso [videograbación],"Donoso, José",Ch860/DON/jo,LITCH
000174175,Marcela Serrano [videograbación],"Serrano, Marcela",Ch863/SER/ma,LITCH
000174210,Pedro Lemebel [videograbación],"Lemebel, Pedro",Ch863/LEM/pe,LITCH
000174224,Perico trepa por Chile,"Paz, Marcela",Ch863/PAZ/pe,LITCH
000174256,El canario polaco,"Gómez, Sergio",Ch863/GOM/ca,INFAN
000174285,La voz del diablo,"Rice, Anne",813/RIC/vo,LITGE
000174301,Los cuentos de la ciudad dormida,"Hidalgo González, Héctor",Ch863/HID/cu,INFAN
000174320,Ronda de los metales,"Mistral, Gabriela",Ch860/MIS/ro,LITCH
000174368,Comics : Chilemitos,"Escobar Santis, Rodrigo",398.20983/ESC/co,COMIC
000174557,Pájaros de la tarde,"Blanco, Guillermo",Ch863/BLA/pa,LITCH
000174608,Terror bajo tierra,"Balcells, Jacqueline",Ch/863/BAL/te,INFAN
000174734,"Yo, simio","Gómez, Sergio",Ch/863/GOM/yo,JUVEN
000174767,Suite francesa,"Némirovsky, Irène",843/NEM/su,LITGE
000174827,La búsqueda de magoria,"López Iñiguez, Lucio",741.5983/LOP/bu,JUVEN
000174861,El topo que quería saber quién,"Holzwarth, Werner",833/HOL/to,INFAN
000174886,Come reza ama,"Gilbert, Elizabeth",813/GIL/co,LITGE
000174912,El tiempo entre costuras,"Dueñas, María",863/DUE/ti,LITGE
000174925,Brígida del olvido y la radiante Remington,"Valle, Rosamel del",Ch863/VAL/br,LITGE
000174949,Échale la culpa al cerdo,"Werner, Silvia",U863/WER/eCh,INFAN
000174993,"Quique Hache, detective","Gómez, Sergio",Ch863/GOM/qu,JUVEN
000175023,¡No funciona la tele!,"McCoy, Glenn",823/MCC/no,INFAN
000175043,Javiera Carrera : madre de la patria,"Vidal, Virginia",Ch863/VID/ja,LITCH
000175044,Las aventuras de Tom Sawyer,"Twain, Mark",813/TWA/av,INFAN
000175058,Cuerpo y salud,"Green, Jen",612/GRE/cu,JUVEN
000175072,La cama mágica de Bartolo,"Paredes, Mauricio",Ch/863/PAR/ca,INFAN
000175078,El Rescate : Libro tercero,"Lasky, Kathryn",813/LAS/re,JUVEN
000175104,¿Quieren saber por qué les cuento cuentos Mapuches?,"Schkolnik, Saúl, comp",Ch898.3/QUI/sa,INFAN
000175105,El camino de la ballena,"Coloane, Francisco",Ch863/COL/ca,INFAN
000175131,Las Malas juntas,"Urbina, José Leandro",Ch863/URB/ma,LITCH
000175157,Cóndor Mallku,"Torres, Osvaldo",Ch863/TOR/co,INFAN
000175191,Las criaturas del cyborg,"Muñoz Valenzuela, Diego",Ch963/MUÑ/cr,LITCH
000175197,Perecibles,"Ramírez L., Ramiro",Ch863/RAM/pe,LITCH
000175227,"Obra extranjera , [1989-2007]","Camerón, Juan",Ch861//CAM/ob,LITCH
000175228,Concentración de bicicletas,"Olivárez, Carlos",Ch863//OLI/co,LITCH
000175261,Lápiz carbón : niños poetas de La Araucanía,Anónimo,Ch861.008/LAP/ca,LITCH
000175264,"La comarca del poeta : Oscar Castro, su ciudad y su tiempo","Cabrera Gómez, María Josefina",Ch864//CAB/co,LITCH
000175269,La muerte juega a ganador,"Díaz Eterovic, Ramón",Ch863/DIA/mu,LITCH
000175281,Luz rabiosa,"Rubio B., Rafael",Ch861/RUB/lu,LITCH
000175283,Kümedungun,"Mora Curriao, Maribel, ed",Ch898.1008/KUM/ku,LITGE
000175295,Vivir un terremoto,"Balez, Olivier",741.5983//VIV/te,JUVEN
000175304,Caudal,"Rubio B., Rafael",Ch861/RUB/ca,LITCH
000175305,Contraluz,"Silva Acevedo, Manuel",Ch861/SIL/co,LITCH
000175306,Obras completas,"Prado, Pedro",Ch860/PRA/ob,LITCH
000175309,Exhumaciones,"Díaz Wentén, Yeny",Ch861/DIA/ex,LITCH
000175310,Diarios de naufragio : antología poética,"Cisneros, Antonio",Pe861/CIS/di,LITGE
000175313,Kamshout y el otoño : una leyenda selk´nam,"Díaz, Karla, il",398.20983/KAM/ot,INFAN
000175316,Kamshout et l'automne : une légende selk´nam,"Díaz, Karla, il",398.20983/KAM/au,INFAN
000175325,La suma de los días,"Allende, Isabel",Ch863/ALL/su,LITCH
000175377,Volver a Berlín : cuentos,"Germani, Eliah",Ch863/GER/vo,LITCH
000175412,"Esplandián, caballero andante","Balcells, Jacqueline",Ch863/BAL/es,JUVEN
000175482,Treinta y tres son treinta y tres,"Frabetti, Carlo",853/FRA/tr,INFAN
000175568,Jorge Díaz [videograbación],"Díaz, Jorge",Ch862/DIA/jo,LITCH
000175575,La telaraña,"Stephenson, Neal",813/STE/te,LITGE
000175577,Rictus,"Maluenda de Amosson, Andrea",Ch863/MAL/ri,LITCH
000175605,Brice Echenique [videograbación],"Bryce Echeñique, Alfredo",Pe863/BRY/br,LITGE
000175611,Gonzalo Rojas [videograbación],"Rojas, Gonzalo",Ch861/ROJ/go,LITCH
000175622,El principito,"Saint-Exupéry, Antoine de",843/SAI/pr,JUVEN
000175627,Jorge Edwards [videograbación],"Edwards, Jorge",Ch863/EDW/jo,LITCH
000175634,El año de Saeko,"Katayama, Kyoichi",895.63/KAT/añ,LITGE
000175642,Ariel Dorfman [videograbación],"Dorfman, Ariel",Ch860/DOR/ar,LITCH
000175644,Las aventuras de Sherlock Holmes,"Doyle, Arthur Conan",823/DOY/av,JUVEN
000175647,Volodia Teitelboim [videograbación],"Teitelboim, Volodia",Ch860/TEI/vo,LITCH
000175659,Luis Sepúlveda [videograbación],"Sepúlveda, Luis",Ch863/SEP/lu,LITCH
000175670,Cuentos de los derechos del niño,"Schkolnik, Saúl",Ch863/SCh/au,INFAN
000175676,La elegancia del erizo,"Barbery, Muriel",843/BAR/el,LITGE
000175700,La catedral,"Mallorquí, César",863/MAL/ca,LITGE
000175706,La vida de una vaca,"Meneses, Juan Pablo",A863/MEN/vi,LITGE
000175719,Mempo Giardinelli [videograbación],"Giardinelli, Mempo",A860/GIA/me,LITGE
000175722,Almudena Grandes [videograbación],"Grandes, Almudena",863/GRA/al,LITGE
000175727,Enrique Vila Matas [videograbación],"Vila-Matas, Enrique",863/VIL/en,LITGE
000175734,Carlos Monsiváis [videograbación],"Monsiváis, Carlos",M860/MON/ca,LITGE
000175739,Andrés Pérez [videograbación],"Pérez, Andrés",Ch862/PER/an,LITCH
000175741,Lazos de sangre,"Silva Acevedo, Manuel",Ch861/SIL/la,LITCH
000175767,El misterio de la cañada,"Jordán Jiménez, Felipe",Ch863/JOR/mi,JUVEN
000175821,La Puerta Oscura : Réquiem,"Lozano Garbala, David",863/LOZ/re,JUVEN
000175854,Lautaro : Halcón Veloz,"Mosciatti, Nibaldo",983.02/MOS/la,INFAN
000175862,Palomita blanca,"Lafourcade, Enrique",Ch863/LAF/pa,LITCH
000175870,The love of the last tycoon : a western,"Fitzgerald, F. Scott",813/FIT/lo,LITGE
000175880,Babbitt,"Lewis, Sinclair",813/LEW/ba,LITGE
000175912,La escuela de los vampiritos : el falso vampiro,"Niebisch, Jackie",833/NIE/es,INFAN
000175931,Las dulces picardías de un poeta,"Pontigo, Domingo",Ch861/PON/du,LITCH
000175939,Corazón de tinta,"Funke, Cornelia",833/FUN/co,JUVEN
000175955,Zona afectada,"Garafulic, María Paz",551.220983/ZON/af,LITGE
000175956,Zombie,"Wilson Reginato, Mike",A863/WIL/zo,JUVEN
000175960,Pedro Páramo,"Rulfo, Juan",M863/RUL/pe,LITGE
000175981,Pedro de Valdivia : fundador de Chile,"Donoso, Miguel",983.02/PED/do,JUVEN
000175994,"Makarina, bella de Rapa Nui","Balcells, Jacqueline",Ch863/BAL/ma,JUVEN
000176015,El Quijote de la Mancha,"Cervantes Saavedra, Miguel de",863/CER/qu,JUVEN
000176018,El cuaderno de Maya,"Allende, Isabel",Ch863/ALL/cu,LITCH
000176041,Peregrino latido entresiglos : poemas,"Carrizo, Alberto",Ch861/CAR/pe,LITCH
000176053,La pequeña noche,"Saraniti, Carlos",Ch863/SAR/pe,INFAN
000176061,Érase una vez un espacio,"Carrasco, Marta",Ch863/CAR/er,INFAN
000176070,Romería = wiyuzün,"Huenuán Escalona, Juan",Ch898.1/HUE/ro,LITCH
000176094,Dalia azul,"Roberts, Nora",Ch863/PAZ/pa,LITCH
000176111,The red badge of courage,"Crane, Stephen",813/CRA/re,LITGE
000176112,Eclipse,"Meyer, Stephenie",813/MEY/ec,JUVEN
000176116,Los diálocos de Pepito,"Pelayo P., Pepe",Cu863/PEL/di,INFAN
000176120,En vez del olvido,"Cifuentes Ramírez, Andrés",Ch861/CIF/en,LITCH
000176121,New moon,"Meyer, Stephenie",813/MEY/ne,JUVEN
000176126,Breaking dawn,"Meyer, Stephenie",813/MEY/br,JUVEN
000176169,"Yo, simio","Gómez, Sergio",Ch863/GOM/yo,JUVEN
000176171,Eldest,"Paolini, Christopher",813/PAO/el,JUVEN
000176172,Eragon,"Paolini, Christopher",813/PAO/er,JUVEN
000176180,"Brisingr, or, The seven promises of Eragon Shadeslayer","Paolini, Christopher",813/PAO/br,JUVEN
000176190,Adventures of Huckleberry Finn,"Twain, Mark",813/TWA/ad,JUVEN
000176200,The adventures of Tom Sawyer,"Twain, Mark",813/TWA/ad,JUVEN
000176203,Solo por ser usted,"Rosenmann Taub, Mauricio",Ch861/ROS/so,LITCH
000176217,The godfather,"Puzo, Mario",813/PUZ/go,LITGE
000176227,The firm,"Grisham, John",813/GRI/fi,LITGE
000176237,The color purple,"Walker, Alice",813/WAL/co,LITGE
000176240,The age of innocence,"Wharton, Edith",813/WHA/ag,LITGE
000176241,Nemesis,"Roth, Philip",813/ROT/ne,LITGE
000176248,La miseria del hombre,"Rojas, Gonzalo",Ch/861/ROJ/mi,LITCH
000176249,Moby-Dick,"Melville, Herman",813/MEL/mo,LITGE
000176253,Legacy : a novel,"Steel, Danielle",813/STE/le,LITGE
000176254,Gone with the wind,"Mitchell, Margaret",813/MIT/go,LITGE
000176264,The narrative of Arthur Gordon Pym of Nantucket,"Poe, Edgar Allan",813/POE/na,LITGE
000176269,"The Armies of the night : history as a novel, the novel as history","Mailer, Norman",818.5403/MAI/ar,LITGE
000176271,The Da Vinci code : a novel,"Brown, Dan",813/BRO/da,LITGE
000176272,The ghost writer,"Roth, Philip",813/ROT/gh,LITGE
000176275,Beloved : a novel,"Morrison, Toni",813/MOR/be,LITGE
000176279,Beowulf : y otras lecturas anglosajonas. El cantar del hierro,"Roa Vial, Armando, tr",829.1/BEO/ot,LITGE
000176280,East of Eden,"Steinbeck, John",813/STE/ea,LITGE
000176282,Breakfast at Tiffany's : a short novel and three stories,"Capote, Truman",813/CAP/br,LITGE
000176284,Little women,"Alcott, Louisa May",813/ALC/li,JUVEN
000176287,On the road,"Kerouac, Jack",813/KER/on,LITGE
000176288,In cold blood : a true account of a multiple murder,"Capote, Truman",813/CAP/in,LITGE
000176294,Promise me,"Evans, Richard Paul",813/EVA/pr,LITGE
000176298,The 42nd parallel,"Dos Passos, John",813/DOS/fo,LITGE
000176305,The sound and the fury : the corrected text,"Faulkner, William",813/FAU/so,LITGE
000176308,A view from the bridge : a play in two acts,"Miller, Arthur",812/MIL/vi,LITGE
000176311,Death of a salesman : text and criticism,"Miller, Arthur",812/MIL/de,LITGE
000176316,In America : a novel,"Sontag, Susan",813/SON/in,LITGE
000176318,Dulce de membrillo,"Pohlhammer, Ana Maria",Ch863/POH/du,INFAN
000176319,Leaves of grass,"Whitman, Walt",811/WHI/le,LITGE
000176320,A streetcar named desire,"Williams, Tennessee",812/WIL/st,LITGE
000176322,The catcher in the rye,"Salinger, Jerome David",813/SAL/ca,LITGE
000176325,The Maltese falcon,"Hammett, Dashiell",813/HAM/ma,LITGE
000176329,The sea-wolf,"London, Jack",813/LON/se,LITGE
000176334,Cat on a hot tin roof,"Williams, Tennessee",812/WIL/ca,LITGE
000176340,A house divided,"Buck, Pearl S",813/BUC/ho,LITGE
000176351,"Sin City. [v.1], The hard goodbye","Miller, Frank",741.5973/MIL/ha,JUVEN
000176352,Three plays,"O'Neill, Eugene",812/ONE/th,LITGE
000176369,Fight Club : a novel,"Palahniuk, Chuck",813/PAL/fi,LITGE
000176371,Tiger,"Stone, Jeff",813/STO/ti,JUVEN
000176373,The Looking Glass Wars,"Beddor, Frank",813/BED/lo,LITGE
000176376,Long day's journey into night,"O'Neill, Eugene",812/ONE/lo,LITGE
000176378,The Andromeda strain ; The terminal man,"Crichton, Michael",813/CRI/an,LITGE
000176385,Daredevil : born again,"Miller, Frank",741.5973/MIL/bo,JUVEN
000176388,Batman : the Dark Knight returns,"Miller, Frank",741.5973/MIL/bda,JUVEN
000176394,Olivia,"Falconer, Ian",813/FAL/ol,INFAN
000176412,Herzog,"Bellow, Saul",813/BEL/he,LITGE
000176413,Frank Miller's Sin City. [v. 2] A dame to kill for,"Miller, Frank",741.5973/MIL/he,JUVEN
000176414,"Frank Miller's Sin City. [v. 3], The big fat kill","Miller, Frank",741.5973/MIL/bi,JUVEN
000176415,The scarlet letter : [unabridged],"Hawthorne, Nathaniel",813/HAW/sc,LITGE
000176424,Squirrel seeks chipmunk : a modest bestiary,"Sedaris, David",813/SED/sq,LITGE
000176427,"Absalom, Absalom! : the corrected text","Faulkner, William",813/FAU/ab,LITGE
000176429,"Frank Miller's Sin City. [v. 4], That yellow bastard","Miller, Frank",741.5973/MIL/th,JUVEN
000176430,The adventures of Augie March,"Bellow, Saul",813/BEL/ad,LITGE
000176433,The sheltering sky : with a preface by the author,"Bowles, Paul",813/BOW/sh,LITGE
000176435,The grapes of wrath,"Steinbeck, John",813/STE/gr,LITGE
000176438,Safe haven,Sparks Nicholas,813/SPA/sa,LITGE
000176442,Bad blood,"Mancusi, Marianne",813/MAN/ba,LITGE
000176444,The forest house,"Bradley, Marion Zimmer",813/BRA/fo,LITGE
000176450,The mists of Avalon,"Bradley, Marion Zimmer",813/BRA/mi,LITGE
000176461,Freedom,"Franzen, Jonathan",813/FRA/fr,LITGE
000176468,Ragtime : a novel,"Doctorow, E. L",813/DOC/ra,LITGE
000176472,To kill a mockingbird,"Lee, Harper",813/LEE/to,LITGE
000176473,Lady of Avalon,"Bradley, Marion Zimmer",813/BRA/la,LITGE
000176474,The wings of the dove,"James, Henry",813/JAM/wi,LITGE
000176479,The good earth,"Buck, Pearl S",813/BUC/go,LITGE
000176481,The naked and the dead,"Mailer, Norman",813/MAI/na,LITGE
000176494,Shutter Island,"Lehane, Dennis",813/LEH/sh,LITGE
000176496,"Frank Miller's Sin City. [v. 5], Family values","Miller, Frank",741.5973/MIL/fa,JUVEN
000176497,"Frank Miller's Sin City. [v. 7], Hell and back","Miller, Frank",741.5973/MIL/he,JUVEN
000176498,"Frank Miller's Sin City. [v. 6], Booze, broads, & bullets","Miller, Frank",741.5973/MIL/bo,JUVEN
000176499,Naked lunch : the restored text,"Burroughs, William S",813/BUR/na,LITGE
000176502,The cantos of Ezra Pound,"Pound, Ezra",811/POU/ca,LITGE
000176506,One Monday morning,"Shulevitz, Uri",813/SHU/on,INFAN
000176507,The grouchy ladybug,"Carle, Eric",813/CAR/gr,INFAN
000176510,The very quiet cricket,"Carle, Eric",813/CAR/ve,INFAN
000176524,The great Gatsby,"Fitzgerald, F. Scott",813/FIT/gr,LITGE
000176525,The very hungry caterpillar,"Carle, Eric",813/CAR/ve,INFAN
000176531,The very busy spider,"Carle, Eric",813/CAR/vbu,INFAN
000176532,The bonfire of the vanities,"Wolfe, Tom",813/WOL/bo,LITGE
000176542,The reversal : a novel,"Connelly, Michael",813/CON/re,LITGE
000176545,American assassin : a thriller,"Flynn, Vince",813/FLY/am,LITGE
000176547,It's a book,"Smith, Lane",813/SMI/it,INFAN
000176549,Los días del arcoíris,"Skármeta, Antonio",Ch863/SKA/di,LITCH
000176550,"Te cuento y te canto : fábulas, cuentos, teatro y poesía","López O., Marcela, comp",808.8/TEC/te,LITGE
000176551,Don't let the pigeon drive the bus!,"Willems, Mo",813/WIL/do,INFAN
000176555,The most beautiful place in the world,"Cameron, Ann",813/CAM/mo,INFAN
000176559,Fairies and the quest for Never Land,"Levine, Gail Carson",813/LEV/fa,JUVEN
000176562,Masks and monsters,"Mignola, Michael",741.5973/MAS/mo,JUVEN
000176566,"Papa, please get the moon for me","Carle, Eric",813/CAR/pa,INFAN
000176569,Twitterature : the world's greatest books in twenty tweets or less,"Aciman, Alexander",818.07/ACI/tw,LITGE
000176576,Mi abuelita huele feo,"González, Mónica",Ch863/GON/mi,INFAN
000176582,CliffsNotes: Hemingway's A farewell to arms,"Sexton, Adam",813/HEM/se,LITGE
000176583,300,"Miller, Frank",741.5973/MILL/th,JUVEN
000176590,¡Chuchetas! : resistencia y esplendor de una banda,"Boldrini, Gustavo",Ch863/BOL/Ch,LITCH
000176595,The complete Calvin and Hobbes,"Watterson, Bill",741.5973/WAT/ca,JUVEN
000176622,"The Sandman. [v. 1], Preludes & nocturnes","Gaiman, Neil",741.5973/GAI/pr,JUVEN
000176640,"Maus : a survivor's tale [v. 1], My father bleeds history","Spiegelman, Art",741.5973/SPI/my,JUVEN
000176646,Deus machi,"Guzmán, Jorge",Ch863/GUZ/de,LITCH
000176658,El Mosquito Pepito : relatos matemáticos,"Pelayo P., Pepe",Cu863/PEL/mo,INFAN
000176663,"Yo, Violeta : novela","Echeverría, Mónica",Ch863/VIO/ec,LITCH
000176688,"Sexualidad, ¿hablamos?","Cugota Mateu, Lluís",613.9071/CUG/se,JUVEN
000176693,La resistencia,"Gallego García, Laura",863/GAL/re,LITGE
000176775,Es tan difícil volver a Ítaca,"Valentino, Esteban",A863/VAL/es,LITGE
000176803,El escritor de epitafios,"Rivera Letelier, Hernán",Ch/863/RIV/es,LITGE
000176857,Un invento sobre ruedas,"Morales Arance, Inma",863/MEN/in,INFAN
000176864,Sub terra : cuentos mineros de Chile,"Lillo, Baldomero",Ch863/LIL/su,LITCH
000176869,Gerónimo,"Almuna, Julia",370.154/ALM/ge,INFAN
000176876,El topo que quería saber quién,"Holzwarth, Werner",833/HOL/to,LITGE
000176878,Elal y los animales : mito de creación de la Patagonia,"Pavez, Ana María",Ch863/PAV/el,INFAN
000176884,El calafate : cuento basado en un relato aonikenk,"Pavez, Ana María",Ch863/PAV/ca,INFAN
000176899,Un día con,Macaw Books,920.02/DIA/,JUVEN
000176903,"Para leer, contar y encantar",Anónimo,808.8/PAR/le,INFAN
000176906,La tierra,"Llano, Adriana",550/TIE,JUVEN
000176945,El jardín secreto,"Burnett, Frances Hodgson",823/BUR/JA,JUVEN
000176980,Quita y pon : con el corazón en la boca,"Uribe, María de la Luz",Ch863/URI/qco,INFAN
000177046,La fiesta del chivo,"Vargas Llosa, Mario",pe863/VAR/fi,LITGE
000177090,Un puerto seguro,"Steel, Danielle",813/STE/pu,LITGE
000177114,Himno del ángel parado en una pata,"Rivera Letelier, Hernán",Ch863/RIV/hi,LITCH
000177127,Animales chilenos,"Salinas Fernández, Loreto",590.983/SAL/an,INFAN
000177136,Nocturnos : cinco historias de música y crepúsculo,"Ishiguro, Kazuo",823/ISH/no,LITGE
000177162,Lo inaudito de Pepito: Pictograma matemàtico,"Pelayo P., Pepe",Cu863/PEL/in,INFAN
000177195,El caso del futbolista enmascarado,"Schlaen, Carlos",A863/SCh/ca,JUVEN
000177212,Los conquistadores de la Antártica,"Coloane, Francisco",Ch863/COL/co,INFAN
000177265,Amores que matan : historias de amor y terror,"Laragione, Lucía",A863/LAR/am,JUVEN
000177273,Sofá estampado,"Nunes, Lygia Bojunga",B869.3/NUN/so,INFAN
000177308,Teatro escolar representable 3,"Piña, Juan Andrés, comp",Ch862/TEA/es,LITCH
000177373,Correr tras el viento,"Díaz Eterovic, Ramón",Ch863/DIA/co,LITCH
000177374,Motor de búsqueda,"Valdivia V., Mario",Ch863/VAL/mo,LITCH
000177378,Quique Hache : el mall embrujado y otras historias,"Gómez, Sergio",Ch863/GOM/qu,JUVEN
000177384,El último grumete de la Baquedano,"Coloane, Francisco",Ch863/COL/ul,JUVEN
000177391,Bel : amor más allá de la muerte,"Santos, Care",863/SAN/be,JUVEN
000177405,Espejos paralelos,"Morel, Alicia",Ch863/MOR/es,LITCH
000177417,Érase una vez Don Quijote,"Cervantes Saavedra, Miguel de",863/CER/er,JUVEN
000177434,Las descabelladas aventuras de Julito Cabello,"Cabezas, Esteban",Ch863/CAB/de,INFAN
000177437,Verónica la niña biónica,"Paredes, Mauricio",Ch863/PAR/ve,INFAN
000177438,Perverso,"Paredes, Mauricio",Ch863/PAR/pe,JUVEN
000177443,Cuentos para jugar,"Rodari, Gianni",853/ROD/cu,INFAN
000177450,El muuundo de Maca,"Rojas García, Beatriz",Ch863/ROJ/mu,INFAN
000177464,Un ladrón entre nosotros,"Piñeiro, Claudia",A863/PIÑ/la,INFAN
000177466,Caballero negro,"Lardone, Lilia",A863/LAR/ca,INFAN
000177469,Elmer,"McKee, David",823/MCK/el,INFAN
000177473,Cuando el elefante camina,"Kasza, Keiko",813/KAS/cu,INFAN
000177475,La pequeña niña grande,"Orlev, Uri",892.43/ORL/pe,INFAN
000177486,La leyenda de Al-Qit,"Vidal Manzanares, César",863/VID/le,JUVEN
000177523,Teatro escolar representable 2,"Piña, Juan Andrés, comp",808.82/TEA/es,LITGE
000177539,La juventud de los ocho primos,"Alcott, Louisa May",813/ALC/ju,JUVEN
000177542,Cuentos de la selva,"Quiroga, Horacio",U863/QUI/cu,JUVEN
000177548,"Adios, Mr. Chips!","Hilton, James",823/HIL/ad,LITGE
000177575,Memorias de Estado y Nación : política y globalización,"García de la Huerta, Marcos",320.983/GAR/me,LITGE
000177596,Los lobos del desiero : Capitán Garra : novela gráfica,"Gai, José",741.5983/GAI/ca,JUVEN
000177618,El absurdo Oxi,"Jordán Jiménez, Felipe",Ch863/JOR/ab,INFAN
000177622,Desencuentros,"Liao, Jimmy",895.13/LIA/de,JUVEN
000177624,Otra vez Don Quijote,"Cervantes Saavedra, Miguel de",863/CER/ot,JUVEN
000177626,Frederick,"Lionni, Leo",836.313/LIO/fr,INFAN
000177631,El árbol rojo,"Tan, Shaun",A823/TAN/ar,INFAN
000177648,La casa del dedo misterioso,"Sabbatino Cisternas, Marcela",Ch863/SAB/ca,JUVEN
000177652,Leyendas de los Otori : el suelo del ruiseñor,"Hearn, Lian",823/HEA/le,JUVEN
000177669,Cuentos de animales,"Pavez, Ana María",Ch863/PAV/cu,LITCH
000177679,No se lo digas a nadie,"Bayly, Jaime",Pe863/BAY/no,LITGE
000177691,Zurita,"Zurita, Raúl, prol",Ch861/ZUR/zu,LITCH
000177736,Flotante,"Wiesner, David",813/WIE/fl,JUVEN
000177741,Tortuga Lúa,"Krings, Antoon",843/KRI/to,INFAN
000177779,Chile : relación del Reyno 1495-2210,"Baradit, Jorge, comp",Ch863.008/ChI/re,LITCH
000177786,Lee que te lee : antología ilustrada de obras literarias,"Muñoz Rau, Jorge, ed",808.8/LEE/gu,INFAN
000177787,Cuentos y poemas : para niños de hoy y siempre,Anónimo,808.8/CUE/po,INFAN
000177788,En campo verde las amapolas : antología para niños,"Álvarez Díaz, Patricia comp",398.2/ENC/ve,INFAN
000177790,La hermandad del viento,"Rojas Moscoso, Alberto",Ch863/ROJ/he,JUVEN
000177803,Cuéntame un cuento : antología literaria infantil,"Aguilera Cabrera, Silvia comp",808.899282/CUE/cu,INFAN
000177836,El país de las ausencias,"Concha, Beatriz",Ch863/CON/pa,INFAN
000177886,L'origine des Payachatas : une légende du nord du Chili,"Verdugo, Jorge, il",398.20983123/ORI/pa,INFAN
000177903,Leyendas americanas de la tierra,"Zeballos, Dorys",398.2097/LEY/am,JUVEN
000177930,Ben-Hur,"Wallace, Lewis",813/WAL/be,LITGE
000177940,El hombre de la rosa y otros cuentos,"Rojas, Manuel",Ch863/ROJ/ho,LITGE
000177941,"Quique Hache, detective : novela gráfica","Martínez, Gonzalo",Ch863/MAR/qu,LITGE
000178004,El jinete del dragón,"Funke, Cornelia",833/FUN/ji,JUVEN
000178013,La mudanza de la ratita,"Szekeres, Cyndy",813/SZE/mu,INFAN
000178054,Dinosaurios,"Royston, Angela",567/DIN/,INFAN
000178085,Desdén al infortunio,"Blanco, Fernando ed",Ch860/DES/in,LITCH
000178121,Educación sexual,"Forero, Marta Lucía, ed",649.65/EDU/se,JUVEN
000178170,Palabra de mujer : poesía reunida,"Navarro Harris, Heddy",Ch861/NAV/pa,LITCH
000178185,Geografía de lo inútil,"Correa Molina, Matías",Ch863/COR/ge,LITCH
000178226,Un álamo al final del camino y otros cuentos : [(segunda parte)],"Oyarce Barraza, Osvaldo",Ch860/OYA/al,LITCH
000178233,"Concurso Literario Nacional ""Stella Corvalán"" : género cuento","Concurso Premio Stella Corvalán Talca, Chile",Ch863.008/CON/ob,LITCH
000178258,Petirrojo,"Nesb , Jo",839/NES/pe,LITGE
000178273,Punto puntito,"Di Girolamo Armanet, Caterina",Ch863/DIG/pu,INFAN
000178290,La gran breve guía de los animales salvajes,"Matamala, Tito",590.22/MAT/gr,INFAN
000178303,El moco de Clara,"Maturana, Andrea",Ch863/MAT/mo,INFAN
000178309,El modelo de Pickman: Novela gráfica,"Villarroel, Gilberto",741.5983/VIL/mo,JUVEN
000178360,Kamishibai [conjunto],"Jorgensen, Siren",028.534/KAM,INFAN
000178407,La bruja de la montaña,"Díaz, Gloria Cecilia",C863/DIA/br,INFAN
000178504,Ruda,"Carrasco, Germán",Ch861/CAR/ru,LITCH
000178520,Quique Hache : el caballo fantasma,"Gómez, Sergio",Ch863/GOM/qu,JUVEN
000178541,Encuentro con Flo,"Escudero, Laura",A863/ESC/en,JUVEN
000178556,Naturalezas muertas,"Costamagna, Alejandra",Ch863/COS/na,LITCH
000178592,Lucy,"Kincaid, Jamaica",813/KIN/lu,LITGE
000178660,Hamamelis y el secreto,"Coll, Ivar, Da",C863/COL/has,INFAN
000178688,Una niña llamada Ernestina,"Flores, Enriqueta",Ch863/FLO/ni,LITCH
000178784,Pepito y sus libruras,"Pelayo P., Pepe",Cu863/PEL/pe,INFAN
000178817,El mirlo burlón : diarios 2000-2002,"Calderón, Alfonso",Ch868/CAL/mi,LITCH
000178860,"8,8: el miedo en el espejo : una crónica del terremoto en Chile","Villoro, Juan",M868/VIL/oc,LITGE
000178936,El angel del abuelo,"Bauer, Jutta",833/BAU/an,INFAN
000179099,Convivir en familia,"Burns, Peggy",646.78/BUR/co,INFAN
000179126,El secreto de la arboleda,"Lalana, Fernando",863/LAL/se,INFAN
000179139,Flores y sombras,"Hearn, Lian",823/HEA/fl,LITGE
000179148,Ramal,"Rimsky, Cynthia",Ch863/RIM/ra,LITCH
000179245,¡Feliz cumpleaños Vivi!,"Vries, Anke de",839.313/VRI/fe,INFAN
000179263,Guía de despacho,"Winter, Enrique",Ch861/WIN/gu,LITCH
000179413,¡Feliz año nuevo!,"Contreras Briceño, Alda",Ch863/CON/fe,JUVEN
000179441,El ombligo del mundo,"Villalón Fuentes, Magaly",Ch863/VIL/om,INFAN
000179523,Mujeres bonitas,"Galdames, Mafalda",Ch861/GAL/mu,LITCH
000179571,Polita va a la escuela,"Morel, Alicia",Ch863/MOR/po,INFAN
000179605,Chilenos todos,"Núñez Lazcano, Jorge, compilador",Ch868.02/ChI/to,LITCH
000179696,Para saber y contar : el pasado nos sonríe,"Millas, Hernán",Ch864/MIL/pa,LITCH
000179723,Un padre de película,"Skármeta, Antonio",Ch863/SKA/pa,LITCH
000179734,En blanco y negro,"Leppe G., Leslie",Ch863/GON/en,LITCH
000179791,"Patrimonio, identidad tradición y creatividad","Sepúlveda Llanos, Fidel",398.3699633/PUE/mi,INFAN
000179804,El crimen de la calle Bambi,"Solar, Hernán del",Ch863/SOL/cr,JUVEN
000179856,Huellas de papel : Tras la pista de la novela policial en Chile,"Rivera, Francisca ed",Ch808.3872/HUE/pa,LITCH
000179908,Marte y las princesas voladoras,"Baranda, María",M863/BAR/ma,INFAN
000179909,Nada menos que todo un hombre,"Unamuno, Miguel de",863/UNA/na,LITGE
000179913,El libro salvaje,"Villoro, Juan",M863/VIL/li,JUVEN
000179920,Policarpo y el camino del diablo Poli Délano,"Délano, Poli",Ch863/DEL/po,INFAN
000179922,La metamorfosis y otros relatos,"Kafka, Franz",A833/KAF/me,LITGE
000180007,Una bufanda y dos bichitos : lee y canta con Mazapán,Mazapán Grupo musical Chile,Ch863/BUF/do,INFAN
000180079,María : texto íntegro,"Isaacs, Jorge",C863/ISA/ma,LITGE
000180091,Carne y jacintos,"Gil, Antonio",Ch863/GIL/ca,LITCH
000180092,Antihombres del Dr. Mortis,"Marino, Juan",741.5983/MAR/an,JUVEN
000180100,La lanza rota,"Rojas Moscoso, Alberto",Ch863/ROJ/la,JUVEN
000180142,El guardián entre el centeno,"Salinger, Jerome David",813/SAL/GU,LITGE
000180154,Mensaje cifrado,"Zafrilla, Marta",863/ZAF/me,LITGE
000180322,La paranoia de Dios : cuentos y reales,"Iturra, Carlos",Ch863/ITU/pa,LITCH
000180362,Winétt De Rokha : el valle pierde su atmósfera,"Rokha, Winétt de",Ch861/ROK/wi,LITCH
000180364,El fantástico Sr. Wani,"Usui, Kanako",895.63/USU/fa,INFAN
000180444,Antaño y Ogaño : novelas y cuentos de la vida hispanoamericana,"Lastarria, José Victorino",Ch863/LAS/an,LITCH
000180463,"Lo crudo, lo cocido, lo podrido","Parra, Marco Antonio de la",Ch862/PAR/lo,LITCH
000180469,Ami el niño de las estrellas,"Barrios, Enrique",Ch863/BAR/am,INFAN
000180471,Andrés y el espejo de las muecas,"Márquez, Eduard",849.93/MAR/an,INFAN
000180473,Los lápices mágicos,Romeu,849.93/ROM/la,INFAN
000180492,Antología poética de la generación del ochenta,"Badilla Castillo, Sergio",Ch861.008/ANT/po,LITCH
000180531,"Lautaro, joven libertador de Arauco","Alegría, Fernando",Ch863/ALE/la,LITCH
000180539,Tres Marías y una Rosa,"Benavente, David",Ch862/BEN/tr,LITCH
000180541,(In) completa,"Ilabaca Núñez, Paula",Ch861/ILA/in,LITCH
000180546,Cuentos para amar los libros,"Duch i Balfagó, Pere",863/DUC/cu,LITGE
000180550,"Islas del futuro ; Revitude, ou, La gestuelle du midi des hommes","Pierre-Paul, Jean Jacques",Ha861/PIE/is,LITGE
000180651,Cartas de ida y vuelta,"Edwards Bello, Joaquín",Ch866/EDW/ca,LITCH
000180689,El gigante egoísta y otros cuentos,"Wilde, Oscar",823/WIL/gi,INFAN
000180700,María la Dura en: un problema peludo,"Cabezas, Esteban",Ch863/CAB/ma,INFAN
000180707,Gaturro y la mansión del terror,Nik,741.5982/NIK/gma,INFAN
000180710,Los halcones del sol,"Carvajal, Víctor",Ch863/CAR/ha,JUVEN
000180728,"Antología literaria caminos : narrativa, lírica, drama","Zañartu, José Manuel",808.8/ANT/li,JUVEN
000180746,Jane Eyre,"Bront , Charlotte",823/BRO/ja,JUVEN
000180762,Los conquistadores de la Antártica,"Coloane, Francisco",Ch863/COL/co,JUVEN
000180771,"Antología literaria soñando : narrativa, lírica, drama","Zañartu, José Manuel",808.88/ANT/lso,JUVEN
000180822,Enanos y gigantes,"Solar, Hernán del",Ch863/SOL/en,LITCH
000180945,Cyrano,"Le thanh, Ta -Marc",843/LET/cy,INFAN
000180947,La chacra de don Candelario,"Aguirre, Isidora",Ch863/AGU/Ch,INFAN
000180953,Tartufo : el impostor ; Don Juan o el convidado de piedra,Molière,842/MOL/ta,LITGE
000180963,"Dónde estás, Constanza --","Rosasco, José Luis",Ch863/ROS/do,JUVEN
000181003,La Odisea : texto adaptado,Homero,883.01/HOM/od,LITGE
000181006,Marcelino Pan y Vino : (cuento de padres a hijos),"Sánchez-Silva, José María",863/SAN/ma,JUVEN
000181011,Mis padres son un huevo ; La célula y su reproducción,"Schkolnik, Saúl",Ch863/SCh/mi,JUVEN
000181017,Teatro para cantar y reír,"Anwandter, Marlore",Ch862/ANW/te,LITCH
000181074,Fra-Francisco,"Ojeda, Bernardita",Ch863/OJE/fr,INFAN
000181097,12 pollitos,"Güiraldes, Ana María",Ch861/GUI/do,LITCH
000181126,Los niños de la Cruz del Sur,"Peña Muñoz, Manuel",Ch863/PEÑ/ni,JUVEN
000181131,Discurso del oso,"Cortázar, Julio",A863/COR/di,INFAN
000181162,Los amigos de Ernestina,"Flores, Enriqueta",Ch863/FLO/am,LITCH
000181202,"¡Espérame, Isabel! : novela","Zabala de la Fuente, José",Ch863/ZAB/es,LITCH
000181235,Temblor,"Stiefvater, Maggie",813/STI/te,JUVEN
000181264,Luna en Capricornio,"Zaldívar, María Inés",Ch861/ZAL/lu,LITCH
000181267,Rescate en el jurásico,"Cea, Rodrigo",Ch863/CEA/re,JUVEN
000181270,Las Mujeres cuentan : relatos de escritoras chilenas,"Tejos R., Mónica comp",Ch863.008/MUJ/cu,LITCH
000181278,La Asombrosa historia del espejo roto,"Solar, Francisca",Ch863/SOL/as,INFAN
000181294,Leyendas de los Otori : el brillo de la luna,"Hearn, Lian",823/HEA/le,JUVEN
000181300,El abanderado,"Heiremans, Luis Alberto",Ch862/HEI/ab,JUVEN
000181306,Papelucho perdido,"Paz, Marcela",Ch863/PAZ/ppe,INFAN
000181312,Los viajeros invisibles,"Morel, Alicia",Ch863/MOR/vi,INFAN
000181313,La voz de los sueños : y otros cuentos prodigiosos,"Lupton, Hugh",398.2/LUP/vo,INFAN
000181317,Vuelo final,"Follett, Ken",823/FOL/vu,LITGE
000181329,Mágico sur,"Peña Muñoz, Manuel",Ch863/peñ/ma,LITCH
000181382,Haikais de Tablada,"Tablada, José Juan",M861/TAB/ha,INFAN
000181384,Todas las cosas se deslizan : antología,"Hahn, Oscar",Ch861/HAH/to,LITCH
000181385,Tala,"Mistral, Gabriela",Ch861/MIS/ta,LITCH
000181390,Rojo corazón,"Schkolnik, Saúl",Ch863/SCh/ro,LITCH
000181415,Esquema del porvenir : breve historia futura del mundo,"Wells, H. G",823/WEL/es,LITGE
000181435,Gela se ha vuelto vampira!,"Casalderrey, Fina",863/CAS/ge,INFAN
000181502,Octocéfalo,"Amira A, Sergio",Ch863.008/OCT,JUVEN
000181507,Sin norte,"Aguilera, Francisco",Ch863/AGU/si,LITCH
000181515,Guía de campo de los mamíferos de Chile,"Iriarte Walton, Agustín",599.0983/IRI/gu,LITGE
000181538,Papelucho y el marciano,"Paz, Marcela",Ch863/PAZ/pma,INFAN
000181540,Papelucho casi huérfano,"Paz, Marcela",Ch863/PAZ/pca,INFAN
000181627,"Quién ha sido?, o, Un vientecillo perfumado--","Le Thanh, Ta -Marc",843/LET/qu,INFAN
000181655,Fairy Oak : Flox de los colores,"Gnone, Elisabetta",853/GNO/ffl,JUVEN
000181689,El aniversario de Astérix y Obelix : el libro de oro,Goscinny,741.5944/GOS/an,JUVEN
000181708,El fantasma de Canterville y otros cuentos,"Wilde, Oscar",823/WIL/fa,INFAN
000181775,El mago de Oz,"Baum, Frank",813/BAU/ma,INFAN
000181862,Letras en Género 2,"Palacios, Paula",028.534/LET/ge,INFAN
000181928,Con arrimo y sin arrimo,"Rojas, Gonzalo",Ch861/ROJ/co,LITCH
000181948,Niño terremoto,"Kalawski, Andrés",Ch862/KAL/ni,LITCH
000182040,La cigueña y las joyas,"Bruckberger, Raymond L",843/BRU/ci,LITGE
000182052,El mejor perro del mundo,"Moss, Miriam",823/MOS/me,INFAN
000182060,Otra vez Elmer,"McKee, David",823/MCK/ot,INFAN
000182063,21 relatos contra el acoso escolar,"Alcolea, Ana",863/VEI/re,LITGE
000182070,"Vamos más lento, por favor!","Milicic, Neva",Ch863/MIL/va,LITCH
000182085,Jugar el juego de las formas,"Browne, Anthony",741.5971/SKR/lde,JUVEN
000182170,Caballo de Troya 2: Masada,"Benítez, J. J",863/BEN/ca,LITGE
000182229,Romanzas en gris (1922),"Valdivia, Alberto",Ch861/VAL/ro,LITGE
000182243,La isla de las langostas,"Maturana, Andrea",Ch863/MAT/is,INFAN
000182248,Manolito bostezos y otros niños modelo,"Schkolnik, Saúl",Ch863/SCh/ma,INFAN
000182258,"Cien poemas, una voz","Barrenechea, Julio",Ch861/BAR/ci,LITCH
000182260,Pérdida : poemas,"Atal, Jéssica",Ch861/ATA/pe,LITCH
000182271,El gran libro de los detectives,"Vinyoli, Joan",808.83/VIN/gr,JUVEN
000182305,Lo que quiere una mujer,"Chaucer, Geoffrey, -",823/ChA/lo,LITGE
000182327,Julito Cabello y los zombis enamorados,"Cabezas, Esteban",Ch863/CAB/juz,JUVEN
000182494,"Querida Susi, querido Paul","N stlinger, Christine",A833/NOS/qu,INFAN
000182510,Zara y el librero de Bagdad,"Marías, Fernando",863/MAR/za,LITGE
000182552,El jorobado y otros cuentos de Las^mil^y^una^noches,"Alderson, Brian, adapt",892.73/JOR/ot,INFAN
000182565,Canelo de mar y otros cuentos,"Ruedlinger Vera, Jorge",Ch863/RUE/ca,LITCH
000182606,Pantaleón y las visitadoras,"Vargas Llosa, Mario",Pe863/VAR/pa,LITGE
000182610,Maldito amor : cartografía de cuentos de amor chilenos,"Lillo, Baldomero",Ch863.008/MAL/am,JUVEN
000182638,Subsole ; El hallazgo,"Lillo, Baldomero",Ch862/LIL/su,LITCH
000182656,Prometeo encadenado ; Los persas,"Esquilo, - a. C",882/ESQ/pr,LITGE
000182664,Cuentos ecológicos,"Schkolnik, Saúl",Ch863/SCh/cu,INFAN
000182672,Gallito jazz : una fábula de gallinero,"Jordán Jiménez, Felipe",Ch863/JOR/ga,INFAN
000182679,Fray Perico y la navidad,"Muñoz Martín, Juan",863/MUÑ/fpn,INFAN
000182700,Diario secreto de Susi,"N stlinger, Christine",A833/NOS/di,INFAN
000182701,La ciudad mágica,"Nesbit, E. Edith",823/NES/ci,JUVEN
000182724,Muertes y maravillas,"Teillier, Jorge",Ch861/TEI/mu,LITCH
000182736,"Luces, cámaras y ¡confusión!","Hopkins, Cathy",823/HOP/lu,JUVEN
000182758,El cepillo de dientes ; El velero en la botella,"Díaz, Jorge",Ch862/DIA/ce,LITCH
000182889,"¡Huy, qué vergüenza!","Milicic, Neva",Ch863/MIL/hu,LITCH
000182896,El canario polaco,"Gómez, Sergio",Ch863/GOM/ca,JUVEN
000182949,"¡Huy, qué vergüenza!","Milicic, Neva",Ch863/MIL/hu,INFAN
000182967,Cucho,"Olaizola, José Luis",863/OLA/cu,INFAN
000182976,La ciudad de las esfinges,"Sandoval, Jaime Alfonso",M863/SAN/ci,JUVEN
000182982,El soldadito rojo,"Paz, Marcela",Ch863/PAZ/so,INFAN
000182996,Las desventuras de Sophie,"Dayre, Valérie",843/DAY/de,JUVEN
000183029,La flauta mágica :ópera de Wolfang Amadeus Mozart,"Schmidt, Alejandra",Ch863/SCh/fl,LITCH
000183046,La señora de las mariposas,"Schmidt, Alejandra",Ch863/SCh/se,LITCH
000183073,El agapito de Pepito : teatro matemático,"Pelayo P., Pepe",Cu862/PEL/ag,INFAN
000183078,Poste restante,"Rimsky, Cynthia",Ch868/RIM/po,LITCH
000183091,Abc para un mundo nuevo,"Vial de Grenade, Camila",808.8038/VIA/ab,INFAN
000183132,Acero de invierno,"Rokha, Pablo de",Ch861/ROK/ac,LITCH
000183149,La fiebre,"Caucao, Jaime",Ch863/CAU/fi,JUVEN
000183168,Prudencia,"Prieto, Verónica",Ch863/PRI/pr,INFAN
000183312,El coleccionista de relojes extraordinarios,"Gallego García, Laura",863/GAL/co,JUVEN
000183315,Donde el viento da la vuelta,"Sierra i Fabra, Jordi",863/SIE/do,LITGE
000183334,Yacay rumbo a las llanuras Kaibas,"Valle, Luz María del",Ch863/VAL/ya,JUVEN
000183336,Cuando San Pedro viajó en tren,"Bodoc, Liliana",A863/BOD/cu,INFAN
000183441,El corazón de las tinieblas,"Conrad, Joseph",591.76/DRE/EN,INFAN
000183443,El inventor de mamás,"LLamero, Braulio",863/LLA/in,INFAN
000183460,"Fairy Oak : adiós, Fairy Oak","Gnone, Elisabetta",853/GNO/fad,JUVEN
000183463,El fabuloso mundo de las letras,"Sierra i Fabra, Jordi",863/SIE/fa,JUVEN
000183608,El castillo de la bruja desordenada : un cuento con mucha lógica,"Cha, Bo-Geum",153.4/ChA/ca,INFAN
000183640,De la A a la Z con los cuentos,"Cruz-Contarini, Rafael",808.83/CRU/de,INFAN
000183678,Chañarcillo : Epopeya en cuatro etapas,"Acevedo Hernández, Antonio",Ch862/ACE/Ch,INFAN
000183707,"Historias, versos y viñetas : antología ilustrada","Aguirre C., Pilar de comp",808.8/HIS/ve,JUVEN
000183711,"El Mundo cuenta, cuenta el mundo : [antología literaria]","Aguilera Cabrera, Silvia comp",808.8/MUN/cu,JUVEN
000183722,"De lunas, lirios y amores vivos : antología literaria","Álvarez Díaz, Patricia comp",808.8/DEL/li,JUVEN
000183840,Cuentos de mi escritorio,"Tejeda, Juan",Ch863/TEJ/cu,INFAN
000183939,Súper Inti y el misterio del espejo,"Calderón, Teresa",Ch863/CAL/su,JUVEN
000183948,Parra,"Parra, Nicanor",Ch861/PAR/pa,LITCH
000183964,"Antología literaria horizontes : narrativa, lírica, drama","Zañartu, José Manuel",808.8/ANT/lho,LITGE
000184058,Ser quinto,"Jandl, Ernst",833/JAN/se,LITGE
000184098,El pequeno Búho y la gran luna,"Wensell, Paloma",863/WEN/pe,INFAN
000184129,Antología ilustrada de textos informativos : [octavo año básico],"Jiménez, Verónica",983.002/ANT/il,JUVEN
000184145,Amo leer : antología ilustrada de textos informativos,"Muñoz Rau, Jorge",868/AMO/le,LITGE
000184186,Dos Alejandros y un gato (2),"Ruiz, Lorena",Ch863/RUI/do,INFAN
000184232,Gracia y el forastero,"Blanco, Guillermo",Ch863/BLA/gr,LITCH
000184244,Súper Inti y Serena : prisioneros en un portal,"Calderón, Teresa",Ch863/CAL/su,INFAN
000184269,Casa de campo,"Donoso, José",Ch863/DON/ca,LITCH
000184297,Mujercitas,"Alcott, Louisa May",813/ALC/mu,JUVEN
000184298,Divertimentos transilvánicos,"Vila Riquelme, Cristián",Ch863/VIL/di,LITCH
000184323,El Secreto del caracol,"Morel, Alicia",Ch863/MOR/se,INFAN
000184451,Siddhartha ; Alma de niño,"Hesse, Hermann",833/HES/si,JUVEN
000184554,Dinosaurios?!,"Prap, Lila",567.9/PRA/di,INFAN
000184611,El camino más largo,"Bostelmann, Irene",Ch863/BOS/ca,LITGE
000184626,Mundomitos : los mitos griegos en comics,"Lungenstrass, Christian",292.130222/LUN/mu,JUVEN
000184640,"Amigas, amores y locos errores","Hopkins, Cathy",823/HOP/am,JUVEN
000184660,11-S,"Br ckers, Mathias",973.931/BRO/on,LITGE
000184663,Náufragos al fin del sur,"Mac Clure, Olaya",Ch863/MAC/na,LITCH
000184843,Un viejo que leía novelas de amor,"Sepúlveda, Luis",Ch863/SEP/vi,LITCH
000184910,Maritrini quiere ser escritora,"Cabrera Delgado, Luis",Cu863/CAB/ma,JUVEN
000184916,Chipana,"Carvajal, Victor",Ch863/CAR/Ch,JUVEN
000184920,La cabaña del tío Tom,"Stowe, Harriet Beecher",813/STO/ca,INFAN
000184983,Una buena mujer,"Steel, Danielle",813/STE/bu,LITGE
000185008,El enigma Stonehenge,"Christer, Sam",823/ChR/en,LITGE
000185123,Angélica,"Nunes, Lygia Bojunga",B869.3/NUN/an,INFAN
000185175,Las flores del mal,"Baudelaire, Charles",841/BAU/fl,LITGE
000185197,¿Para qué sirven los dientes?,Gusti,A863/GUS/pa,INFAN
000185219,La cama mágica de Bartolo,"Paredes, Mauricio",Ch863/PAR/ca,INFAN
000185224,Sufus : (¿la historia de un gato malo?),"Salazar, Mario",Ch863/SAL/su,LITCH
000185291,El capitán Calzoncillos y la furia de la supermujer macroelástica,"Pilkey, Dav",813/PIL/ca,INFAN
000185405,"Pepito, el señor de los chistes","Pelayo P., Pepe",Cu863/PEL/pe,INFAN
000185461,La ciudad ausente : la novela gráfica,"Piglia, Ricardo",A863/PIG/ci,LITGE
000185542,Gran-Lobo-Salvaje,"Escudié, René",843/ESC/gr,INFAN
000185583,Besar a un ángel,"Phillips, Susan Elizabeth",813/PHI/be,LITGE
000185584,Animales chilenos,"Salinas Fernández, Loreto",590.983/SAL/an,INFAN
000185590,La isla de la pasión,"Restrepo, Laura",C863/RES/is,LITGE
000185655,El hombre de los círculos azules,"Vargas, Fred",843/VAR/ho,LITGE
000185660,El libro de la selva : (el libro de las tierras vírgenes),"Kipling, Rudyard",823/KIP/li,JUVEN
000185688,Robin Hood,"Shepard, Aaron",741.5973/SHE/ro,INFAN
000185693,Pijama party,"Hopkins, Cathy",823/HOP/pi,JUVEN
000185705,A qué sabe la luna?,"Grejniec, Michael",833/GRE/aq,INFAN
000185723,Diez mujeres,"Serrano, Marcela",Ch863/SER//di,LITCH
000185727,Aleph,"Coelho, Paulo",B869.3/COE/al,LITGE
000185815,Tigresas,"Irvin, Claire",823/IRV/ti,LITGE
000185882,La amante inglesa,"Duras, Marguerite",843/DUR/am,LITGE
000185935,Caballo de Troya 3 : Saidan,"Benítez, J. J",863/BEN/ca,LITGE
000186062,El velo pintado,"Maugham, W. Somerset",823/MAU/ve,LITGE
000186115,El socio,"Prieto, Jenaro",Ch863/PRI/so,LITCH
000186116,Gaturro y el misterio de las cinco Ágathas,Nik,741.5982/NIK/qmi,INFAN
000186161,Noche de fuego,"Coulter, Catherine",813/COU/no,LITGE
000186213,Hijo de ladrón,"Rojas, Manuel",Ch863/ROJ/hi,LITCH
000186255,Cantando cuento cuentos [videograbación],"Reyes, Tamara, dir",028.354/CAN/ca,INFAN
000186295,Laura y el ratón,"Muñoz Puelles, Vicente",863/MUÑ/la,INFAN
000186303,Cobra,"Forsyth, Frederick",823/FOR/co,LITGE
000186330,"Tincuda, la comadrejita trompuda","Paredes, Mauricio",Ch863/PAR/ti,INFAN
000186372,El tamano de la verdad : (Poemas 2008),"Bertoni Lemus, Claudio",Ch861/BER/ta,LITCH
000186392,"Quique Hache, detective","Gómez, Sergio",Ch863/GOM/qu,JUVEN
000186410,La maldición del maestro,"Gallego García, Laura",813/GAL/ma,JUVEN
000186419,Dulces mentiras,"Deveraux, Jude",813/DEV/du,LITGE
000186584,Un grito al cielo,"Rice, Anne",813/RIC/gr,LITGE
000186638,Boris y las manzanas,"Missana, Sergio",Ch863/MIS/bo,INFAN
000186891,Choque de reyes,"Martin, George R. R",813/MAR/Ch,LITGE
000186922,Apocalipsis maya : la era del miedo,"Alten, Steve",813/ALT/ap,LITGE
000186923,La resurrección Maya,"Alten, Steve",813/ALT/re,LITGE
000186974,Belinda,"Rice, Anne",813/RAM/be,LITGE
000186994,Cambia el cielo,"Jenny, Zoe",S833/JEN/ci,LITGE
000187046,La cenicienta rebelde,"Jungman, Ann",823/JUN/ce,INFAN
000187067,Poemas y rondas de Clarita,"Solovera, Clara",Ch861/SOL/po,LITCH
000187072,Los Herejes De Oxford,"Parris, S. J",823/PAR/he,LITGE
000187097,Travesuras de Polita,"Morel, Alicia",Ch863/MOR/tr,INFAN
000187264,Lo mejor de China,"Law, Eugene",915.104/LAW/me,LITGE
000187350,Heredia detective : narrativa gráfica,"Díaz Eterovic, Ramón",741.5983/HER/de,JUVEN
000187388,Como en Santiago : (comedia de costumbres en tres actos),"Barros Grez, Daniel",Ch862/BAR/co,LITCH
000187447,Erebos,"Poznanski, Ursula",A833/POZ/er,JUVEN
000187583,Cuentos para Marisol,"Brunet, Marta",Ch863/BRU/cu,INFAN
000187655,Marianela,"Pérez Galdós, Benito",863/PER/mar,LITGE
000187663,El diario de Ana Frank,"Frank, Ana",920.72/FRA/de,INFAN
000187791,Sube el telón de Pepito : teatro para reír,"Pelayo P., Pepe",Cu862/PEL/su,INFAN
000187804,Expedición marsupial,"Arriagada Jofré, Cristian",Ch863/ARR/ex,INFAN
000187835,Los cuentos de mis hijos,"Quiroga, Horacio",U863/QUI/cu,JUVEN
000187915,Mitos y leyendas de Chile y América,"Pulido Cifuentes, René",398.2098/PUL/mi,INFAN
000187952,El príncipe y el mendigo,"Twain, Mark",813/TWA/pr,LITGE
000187990,"Pablo Neruda, Poemas ilustrados : alturas de Macchu Picchu","Neruda, Pablo",Ch861/ner/pa,LITCH
000188008,De por qué a Franz le dolió el estómago,"N stlinger, Christine",A833/NOS/de,LITGE
000188031,Noche cerrada en Bergen,"Holt, Anne",839.823/HOL/no,LITGE
000188114,Ronquidos!,"Rosen, Michael",823/ROS/ro,INFAN
000188159,El rapto de la bella durmiente,"Rice, Anne",813/RIC/ra,LITGE
000188164,El poder de las tinieblas,"Connolly, John",I823/CON/po,LITGE
000188200,Quita y pon : con la piel de gallina,"Uribe, María de la Luz",Ch863/URI/qu,INFAN
000188228,Aventuras de una gotita de agua,"Paut, Elisa de",Ch863/PAU/av,INFAN
000188269,Las olas,"Woolf, Virginia",823/WOO/ol,LITGE
000188387,El numerito de Pepito : historieta matemática,"Pelayo P., Pepe",372.7044/PEL/nu,INFAN
000188434,El Crepúsculo : periódico literario y científico,"Cartagena, Nelson",805/CRE/pe,LITGE
000188450,El corazón de las tinieblas,"Conrad, Joseph",823/CON/co,JUVEN
000188470,El rey de los atunes,"Solar, Hernán del",Ch863/SOL/re,INFAN
000188473,Momo,"Ende, Michael",833/END/mo,LITGE
000188566,Boris : puede volar un humano?,"Saracino, Luciano",A863/SAR/bo,LITGE
000188568,Eslabones,"Farah, Nuruddin",896/FAR/es,LITGE
000188572,La entrada en guerra,"Calvino, Italo",853/CAL/en,LITGE
000188574,El hombre del revés : [un caso del comisario Adamsberg],"Vargas, Fred",843/VAR/ho,LITGE
000188585,El rey se inclina y mata,"Müller, Herta",833/MUL/re,LITGE
000188679,El dragón furioso : un cuento sobre terremotos y maremotos,"Elizalde, Rosario",551.2/ELI/dr,INFAN
000188720,La bruja aguja y otros cuentos,"Güiraldes, Ana María",Ch863/GUL/br,INFAN
000188747,Nuevas historias de Franz en la escuela,"N stlinger, Christine",A833/NOS/nu,LITGE
000188802,Robots e imperio,"Asimov, Isaac",813/ASI/ro,LITGE
000188810,El gran oso blanco : [un cuento sobre volcanes],"Elizalde, Rosario",551.21/ELI/gr,INFAN
000188815,El pozo de la ascensión,"Sanderson, Brandon",813/SAN/po,LITGE
000188860,Los platos más picantes de la cocina tártara,"Bronsky, Alina",891.73/BRO/pl,LITGE
000188952,Pupi y el cabeza hueca,"Menéndez-Ponte, María",863/MEM/PCA,INFAN
000188975,León y su tercer deseo,"Rojas García, Beatriz",Ch863/ROJ/le,INFAN
000188977,Día de lluvia,"Machado, Ana María",B869.3/MAC/di,INFAN
000188978,Cirilo el miedoso,"Ojeda, Bernardita",Ch863/OJE/ci,INFAN
000189003,El pirata Pepe y los animales,"Romero Yebra, Ana María",863/ROM/pi,INFAN
000189016,Teme,"McMann, Lisa",813/MCM/te,JUVEN
000189019,Siento un pie,"Rinck, Maranke",839.313/RIN/si,INFAN
000189036,Artesanos del fin del mundo,"Carril V., Catalina",Ch863/CAR/ar,INFAN
000189066,Se vende papá?,"Santos, Care",863/SAN/sep,INFAN
000189143,Quiero ser---¡otra!,"Hopkins, Cathy",823/HOP/qu,JUVEN
000189193,Nuestra historia violeta : Feminismo social,"Illanes O., María Angélica",305.420983/ILL/nu,GENER
000189256,El tigre y el ratón,"Kasza, Keiko",813/KAS/ti,INFAN
000189271,El dragón color frambuesa,"Bydlinski, Georg",A833/BYD/dr,INFAN
000189274,Kiwi,"Posadas, Carmen",U863/POS/ki,INFAN
000189276,Los derechos de los animales,"Hidalgo González, Héctor",Ch863/HID/de,INFAN
000189277,¡Por qué tengo que usar anteojos!,"Milicic, Neva",Ch863/MIL/po,INFAN
000189279,"¡Al mal tiempo, buena cara!","Milicic, Neva",Ch863/MIL/ma,INFAN
000189289,Cuentos mágicos del sur del mundo,"Hidalgo González, Héctor",Ch863/HID/cu,INFAN
000189303,El rey Solito,"Estrada, Rafael",863/EST/re,INFAN
000189305,El cumpleaños de Pupi,"Menéndez-Ponte, María",Ch868/EDW/cr,LITCH
000189306,Antes del verano,"García Huidobro, Beatriz",Ch863/GAR/an,JUVEN
000189309,La bruja de abril y otros cuentos,"Bradbury, Ray",813/BRA/br,JUVEN
000189333,Caramelos de luz : poesía ilustrada,"Paz, Marcela",Ch861/PAZ/ca,INFAN
000189354,Cuentos de Oscar Wilde,"Wilde, Oscar",823/WIL/cu,JUVEN
000189372,Cuentos de los hermanos Grimm,"Grimm, Jacob Ludwig Karl",833/GRI/cu,INFAN
000189377,Subterra : Carlitos,"Lillo, Baldomero",Ch863/LIL/su,LITCH
000189395,El festín de Agustín,"Paredes, Mauricio",Ch863/PAR/fe,INFAN
000189410,Franz se mete en problemas de amor,"N stlinger, Christine",A833/NOS/fr,INFAN
000189422,Los sueños mágicos de Bartolo,"Paredes, Mauricio",Ch863/PAR/su,INFAN
000189432,"Lucía, así nacen los recuerdos --","Rosasco, José Luis",Ch863/ROS/lu,LITCH
000189468,Ni un pelo de tonto,"Pelayo P., Pepe",Cu863/PEL/ni,INFAN
000189474,El pequeño Nicolás,Goscinny,843/GOS/pe,INFAN
000189506,Como un salto de campana,"Carvajal, Victor",Ch863/CAR/co,JUVEN
000189527,Súper Gerónimo y sus contrarios,"Almuna, Julia",370.154/ALM/su,INFAN
000189534,Baila y sueña : rondas de Gabriela Mistral,"Mistral, Gabriela",Ch861/MIS/ba,LITCH
000189535,Aventuras de los trillizos ABC,"K hler-Timm, Hilde",833/KAH/av,INFAN
000189570,Misterio en el campamento,"García Huidobro, Beatriz",Ch863/GAR/mi,JUVEN
000189574,Aventuras del duende Melodía,"Morel, Alicia",Ch863/MOR/av,INFAN
000189580,Judy Moody : adivina el futuro,"McDonald, Megan",813/MCD/jaf,INFAN
000189595,Una pollita bohemia : otra fábula de gallinero,"Jordán Jiménez, Felipe",Ch863/JOR/po,INFAN
000189600,Pupi y el monstruo de la vergüenza,"Menéndez-Ponte, María",863/MEN/pu,INFAN
000189607,María la Dura en: No quiero ser ninja,"Cabezas, Esteban",Ch863/CAB/ma,INFAN
000189608,La elegancia del erizo,"Barbery, Muriel",843/BAR/el,LITGE
000189612,Los pecosos,"Paz, Marcela",Ch863/PAZ/pe,JUVEN
000189691,Marisol en apuros,"Diéguez Rojas, Violeta",Ch863/DIE/ma,LITCH
000189693,Terror bajo tierra,"Balcells, Jacqueline",Ch863/BAL/te,INFAN
000189709,La fábrica de pájaros,"Rodríguez C., Manuel Iván",Ch863/ROD/fa,INFAN
000189733,Breviario mínimo : microrrelatos ilustrados,"Muñoz Valenzuela, Diego",Ch863/MUÑ/br,LITCH
000189734,La primera oscuridad,"Hahn, Oscar",Ch861/HAH/pr,LITCH
000189756,El moco de Clara,"Maturana, Andrea",Ch863/MAT/mo,INFAN
000189799,La otra bella durmiente,"Margolin, Phillip",813/MAR/ot,LITGE
000189809,Luis el tímido,"Missana, Sergio",Ch863/MIS/lu,INFAN
000189825,Cómo domesticar a tus papás,"Paredes, Mauricio",Ch863/PAR/co,INFAN
000189851,Frin,"Pescetti, Luis María",A863/PES/fr,INFAN
000189865,Amar una sola vez,"Lindsey, Johanna",813/LIN/am,LITGE
000189889,Lucía Moñitos,Pelayos,Cu863/PEL/lu,INFAN
000189905,La ciudad de los césares,"Rojas, Manuel",Ch/863/ROJ/ci,LITGE
000189927,Navegancias : poemas para leer desde la infancia,"Pérez, Floridor",Ch861/PER/na,JUVEN
000189972,El mago del desierto,"Flores, José Luis",Ch863/FLO/ma,LITCH
000190139,Mi pequeño libro de perritos,"Cartwright, Mary",636.7/MIP/li,INFAN
000190157,No confíes en nadie,"Watson, S. J. Steven J",823/WAT/no,LITGE
000190164,"Ada, madrina y otros seres","Pelayo P., Pepe",Cu863/PEL/ad,INFAN
000190191,Manolito bostezos y otros niños modelo,"Schkolnik, Saúl",Ch863/SCh/ma,INFAN
000190260,Molly Moon y el misterio mutante,"Byng, Georgia",813/BYN/mm,INFAN
000190279,Christine,"King, Stephen",813/KIN/Ch,LITGE
000190303,Los niños del invierno,"Bordes, Gilbert",843/BOR/ni,LITGE
000190342,La sicaria de Polanco,"Guerrero-Casasola, Joaquín",M863/GUE/si,LITGE
000190366,Todas las mujeres,"Maupassant, Guy de",843/MAU/to,LITGE
000190378,Caperucita roja : (tal como se lo contaron a Jorge),"Pescetti, Luis Maria",A863/PES/ca,INFAN
000190410,La mágica historia del Ratoncito Pérez,"Castillo, Fidel del",863/CAS/ma,INFAN
000190476,Campos de fresas,"Sierra i Fabra, Jordi",863/SIE/ca,JUVEN
000190512,Super curiosidades 2,"Sugobono, Nahuel",036.102/SUG/su,INFAN
000190516,¡Quisiera...leer!: Un libro sobre la amistad,"Bendall-Brunello, Tiziana",863/BEN/qu,INFAN
000190518,Zanaforius el grande,"Kasparavicius, Kestutis",891/KAS/za,INFAN
000190554,Brrrr : el libro del invierno,"Na, Il Sung",823/NA/br 2010,INFAN
000190569,El laberinto de huesos,"Riordan, Rick",813/RIO/la,LITGE
000190615,Zombies en la moneda : terremoto,"Bernier, Ángel",741.5983/ZOM/en,JUVEN
000190863,Donde los árboles cantan,"Gallego, Laura",863/GAL/do,JUVEN
000190870,Festín de cuervos,"Martin, George R. R",813/MAR/fe,LITGE
000190994,Estética de la lluvia,"Hernández, Raúl",Ch861/HER/es,LITCH
000191132,Las chicas de alambre,"Sierra i Fabra, Jordi",863/SIE/Ch,JUVEN
000191148,Pequeñas mentirosas,"Shepard, Sara",813/SHE/pe,JUVEN
000191182,Mi amigo el Negro,"Alliende, Felipe",Ch863/ALL/mi,INFAN
000191222,David Copperfield,"Dickens, Charles",823/DIC/da,JUVEN
000191234,Los Pincheira,"Petit, Magdalena",Ch863/PET/pi,LITGE
000191246,La metamorfosis,"Kafka, Franz",A833/KAF/me,LITGE
000191314,22,"King, Stephen",813/KIN/ve,LITGE
000191319,Princesa de Portobello,"Hopkins, Cathy",823/HOP/pr,JUVEN
000191337,Cinépata : (una bitácora),"Fuguet, Alberto",Ch864/FUG/ci,LITCH
000191364,El Martillo de Pillán,"Muñoz Kaiser, Martín",Ch863/MUÑ/ma,LITCH
000191368,Hector de Sainte-Hermine,"Dumas, Alexandre",843/DUR/he,LITGE
000191434,Y el Joselo se cayó de la luna,"Jordán Jiménez, Felipe",Ch863/JOR/jo,INFAN
000191447,Emily the Strange : los días perdidos,"Reger, Rob",813/REG/egm,LITGE
000191533,Poliedro 4 : varios autores,"Rojas Moscoso, Alberto",Ch863/POL/cu,LITCH
000191549,Tres cuentos de la selva,"Vayra, Renzo",741.509895/QUI/tr,INFAN
000191551,Arañas en la barriga,"Domene, Francisco",863/DOM/ar,LITGE
000191567,La guerra de las letras,"Seisdedos Reyes, Daniel Alejandro",Ch863/SEI/gu,INFAN
000191590,La mariposa negra y otros cuentos,"Rosasco, José Luis",Ch863/ROS/ma,JUVEN
000191718,Antu y Luna : en la isla poseída,"Olivos, Florencia",741.5983/OLI/an,INFAN
000191774,"Sátiro o, el poder de las palabras","Huidobro, Vicente",Ch863/HUI/sa,LITCH
000191783,Fantástica Zoe : el rock de los fantasmas,"Child, Alice",813/ChI/fa,INFAN
000191862,Las dos orillas del Elba,"Forch, Juan",Ch863/FOR/do,LITCH
000191925,¿Quieren saber por qué les cuento cuentos Rapanui?,"Schkolnik, Saúl",Ch863/SCh/qu,INFAN
000191929,¿Quieren saber por qué les cuento cuentos Mapuches?,"Schkolnik, Saúl, comp",Ch898.3/QUI/sa,INFAN
000191991,El club de las cigarras,"Solar, Hernán del",Ch863/SOL/cl,INFAN
000192025,Sin respiro,"Boyd, William",823/BOY/si,LITGE
000192336,Ritalinda,"Rojas García, Beatriz",Ch863/ROJ/ri,INFAN
000192339,La casa del ahorcado,"Bertrand Donoso, Sara",Ch863/BER/ca,JUVEN
000192349,Los trenes se van al purgatorio,"Rivera Letelier, Hernán",Ch863/RIV/tr,LITCH
000192389,Ramiro mirón o el ratón espía,"Bertrand Donoso, Sara",Ch863/BER/ra,INFAN
000192395,El gran libro de las aventuras,"Rodríguez, Pedro, il",808.83/GRA/li,JUVEN
000192419,Los demonios,"Dostoievski, Fedor",891.73/DOS/de,LITGE
000192442,La inquietante extrañez,"Uribe, Armando",Ch861/ECh/in,LITCH
000192454,Industrias Chile S. A,"Cabello Salazar, César",Ch861/CAB/in,LITCH
000192472,De muerte y otras infidelidades,"Parra Dominguez, Elia",Ch863/PAR/de,LITGE
000192476,El manuscrito encontrado en Accra,"Coelho, Paulo",B869.3/COE/ma,LITGE
000192529,Madame Bovary : (costumbres provincianas),"Flaubert, Gustave",843/FLA/ma,JUVEN
000192530,El gatopardo,"Tomasi di Lampedusa, Giuseppe",853/TOM/ga,LITGE
000192619,La Cortesana y el samurái,"Downer, Lesley",823/DOW/co,LITGE
000192637,Harry Potter y el misterio del príncipe,"Rowling, J. K",823/ROW/ha,LITGE
000192711,Caballo de Troya 9 : Caná,"Benítez, J. J",863/BEN/cac,LITGE
000192714,La niña que se perdió en su pelo,"Kalawski, Andrés",Ch863/KAL/ni,INFAN
000192747,"Grandes pechos, amplias caderas","Mo, Yan",895.13/MO/gr,LITGE
000192750,Rana,"Mo, Yan",895.13/MO/ra,LITGE
000192752,La república del vino,"Mo, Yan",895.13/MO/re,LITGE
000192827,Rastro,"Stiefvater, Maggie",813/STI/ra,JUVEN
000192917,El sabor de la tentación,"Laurens, Stephanie",820/LAU/sa,LITGE
000192971,El orígen : infortunios y maravillas en la Guerra de Arauco,"Benavides, Daniel",741.5983/BEN/0r,JUVEN
000193064,Mapuche : historias del sur del mundo,"Koessler-Ilg, Bertha",980.43/KOE/ma,JUVEN
000193220,Qué pasaría si…,"Vaccaro Seeger, Laura",813/VAL/qu,INFAN
000193239,Danza de dragones,"Martin, George R. R",813/MAR/da,LITGE
000193246,Un niño es un niño,"Weninger, Brigitte",833/WEN/ni,INFAN
000193263,Si tú me miras,"Márquez Colodro, Daniela",Ch863/MAR/si,LITCH
000193264,Primer día en un planeta extraño,"Yaccarino, Dan",813/YAC/pr,INFAN
000193273,Clásicos latinoamericanos : para una relectura del canon,"Rojo, Grínor",H860.9/ROJ/cl,LITGE
000193366,El lunático y su hermana Libertad,"Kropp, Paul",C813/KRO/lu,JUVEN
000193518,Tony,"Velasco Andrade, Cecilia",E863/VEL/to,LITGE
000193532,Lazos de sangre : hado,"Hocking, Amanda",813/HOC/la,JUVEN
000193552,Ramón recuerda,"Oppenheim, Joanne",813/OPP/ra,INFAN
000193569,Diario de un hombre de cincuenta años,"James, Henry",813/JAM/di,LITGE
000193584,16 cuentos latinoamericanos : antología para jóvenes,Centro Regional para el Fomento del Libro,H863/DIE/cu,LITGE
000193627,Secretos,"Shepard, Sara",813/SHE/se,JUVEN
000193634,¿Quién le tiene miedo a Demetrio Latov?,"Durini, Ángeles",A863/DUR/qu,INFAN
000193642,Doctor No,"Fleming, Ian",823/FLE/do,LITGE
000193666,Mafalda. 1,"Quino, dibujante",741.5982/QUI/ma,JUVEN
000193670,Mafalda. 5,"Quino, dibujante",741.5982/QUI/ma,INFAN
000193696,La raza chilena,"Paredes Muñoz, Pablo",Ch861/PAR/ra,LITCH
000193733,El escarabajo de oro ; Los crímenes de la calle Morgue,"Poe, Edgar Allan",813/pPOE/es,LITGE
000193814,Vuela alto,"Woods, Titania",813/WOO/vu,JUVEN
000193845,El Lazarillo de Tormes,Anónimo,863/LAZ/to,LITGE
000193970,El delfín,"Ganges, Montse",599.532/GAN/de,INFAN
000194003,"Sherlock Holmes, estudio en escarlata","Doyle, Arthur Conan",823/DOY/sh,JUVEN
000194031,"Mini, detective","N stlinger, Christine",A833/NOS/mi,INFAN
000194033,Patatita,"Molina Llorente, Pilar",863/MOL/pa,INFAN
000194066,Fray Perico y la primavera,"Muñoz Martín, Juan",863/MUÑ/fpp,INFAN
000194083,El pirata garrapata en la ciudad prohibida de Pekín casi pierde el peluquín,"Muñoz Martín, Juan",863/MUÑ/pcp,INFAN
000194086,Hijos de un rey godo,"Gudín, María",863/GUD/hi,LITGE
000194090,El pirata Garrapata en Africa,"Muñoz Martín, Juan",863/MUÑ/pga,INFAN
000194098,La araña enamorada : homenaje al cuadro Hirondelle de Joan Miró,"Álvarez González, Blanca",863/AL/ar,INFAN
000194110,La flaca y el gordo José Luis Olaizola ; [ilustraciones de Jesús Gabán],"Olaizola, José Luis",863/OLA/fl,INFAN
000194115,"Yo, simio","Gómez, Sergio",Ch863/GOM/yo,LITCH
000194119,El último héroe del Olimpo,"Riordan, Rick",813/RIO/ul,JUVEN
000194170,Donde surgen las sombras,"Lozano Garbala, David",863/LOZ/do,LITGE
000194172,Calvina,"Frabetti, Carlo",853/FRA/ca,JUVEN
000194191,El último grumete de la Baquedano,"Coloane, Francisco",Ch863/COL/ul,JUVEN
000194216,Josefa y los opuestos,"Mejía, José Luis",Pe863/MEJ/jo,INFAN
000194242,Papelucho [grabación sonora],"Paz, Marcela",Ch863/PAZ/pa,INFAN
000194268,Los trabajos de Hércules,"Powell, Martin",741.5973/POW/tr,INFAN
000194361,El túnel,"Browne, Anthony",823/BRO/tu,INFAN
000194397,Festín a medianoche,"Woods, Titania",813/WOO/fe,JUVEN
000194557,El color del agua,"Seguel, Mónica",Ch863/SEG/ot,LITCH
000194611,Ella y otras mujeres,"Fonseca, Rubem",B869.3/FON/el,LITGE
000194617,El gran Gatsby,"Fitzgerald, F. Scott",813/FIT/gr,LITGE
000194628,El abuelo que saltó por la ventana y se largó,"Jonasson, Jonas",839.73/JON/ab,LITGE
000194703,"No, no fui yo","Coll, Ivar da",C863/COL/no,INFAN
000194711,Romeo y Julieta,"Shakespeare, William",822.33/SHA/ro,LITGE
000194719,Gaturro 4,Nik,741.5982/NIK/gie,INFAN
000194736,La traición de Roma,"Posteguillo, S. Santiago",863/POS/tr,LITGE
000194745,El testamento Maya,"Alten, Steve",813/ALT/te,LITGE
000194746,Juan y los frijoles mágicos,"Walker, Richard, adaptador",839.813/AND/ju,INFAN
000194756,La almendra : memorias eróticas de una mujer árabe,Nedjma,843/NED/al,LITGE
000194798,Casa de muñecas,"Ibsen, Henrik",839.822/IBS/ca,LITGE
000194808,El jardín del Edén,"Hemingway, Ernest",813/HEM/ja,LITGE
000194955,Tormenta de espadas : Canción de hielo y fuego III,"Martin, George R. R",813/MAR/to,LITGE
000194972,Adiós,"Bertoni, Claudio",Ch861/BER/ad,LITCH
000195219,Monster High : [¡más muertos que nunca!],"Harrison, Lisi",813/HAR/mo,LITGE
000195400,Tierra de magia : el viaje,"Hocking, Amanda",813/HOC/ti,LITGE
000195403,"Omar, el gato","Williams, Caroline ilustradora",808.81/OMA,LITGE
000195450,Cirilo come de todo,"Dulfano, Carla",808.81/CIR,INFAN
000195505,Valiente osa polar,"Feoli, Daniela, adapt",808.068/VAL,LITGE
000195513,El gondolero y la ballena,"Saracino, Luciano",A863/SAR/go,INFAN
000195592,Mujeres poetas de Linares : antología poética,"Lagos, Antonio sel",Ch861.008/MUJ,LITCH
000195854,Vicente Huidobro : poemas ilustrados,"Huidobro, Vicente",Ch861/HUI/vi,LITCH
000195928,Volar sobre el pantano,"Sánchez, Carlos Cuauhtémoc",M863/SAN/vo,LITGE
000195934,Diário de um Banana : dias de cão,"Kinney, Jeff",813/KIN/ddi,JUVEN
000195941,La cizaña,Goscinny,741.5944/GOS/aci,INFAN
000195952,Mago por casualidad,"Gallego, Laura",863/GAL/ma,JUVEN
000196257,Maze runner : la cura mortal,"Dashner, James",813/DAH/mcu,JUVEN
000196301,El lobo de Gubbio,"Bruckberger, Raymond L",843/BRU/lo,INFAN
000196318,Perico trepa por Chile,"Paz, Marcela",Ch863/PAZ/pe,JUVEN
000196326,El castillo mágico,"Rivera, Natalia",529.7/RIV/ca,INFAN
000196384,Carta a un niño que nunca nació,"Fallaci, Oriana",853/FAL/ca,LITGE
000196423,Cuentos urbanos contemporáneos,"Sánchez, Raúl, ed",Ch863.008/CUE/ur,LITCH
000196483,El rumor del oleaje,"Mishima, Yukio",895.63/MIS/ru,LITGE
000196588,Las ventajas de ser invisible : [somos infinitos],"Chbosky, Stephen",813/ChB/ve,JUVEN
000196610,Conversaciones con Manuel Rojas,"Rojas, Manuel",Ch863/ROJ/co,LITCH
000196623,Pálida luz en las colinas,"Ishiguro, Kazuo",823/ISH/pa,LITGE
000196698,Colombina y el pez azul,"Truffello, Patricia",Ch863/TRU/co,JUVEN
000196948,Venid a verme ahora,"Berenguer, Carmen",Ch861/BER/ve,LITCH
000196977,Julito Cabello contra la lata tóxica,"Cabezas, Esteban",Ch863/CAB/ju,INFAN
000197033,Quién sigue a un elefante?,"Novoa, Teresa",590/NOV/qu,INFAN
000197069,Los mejores cuentos chilenos del siglo XXI : antología,"Marks, Camilo, compilador",Ch863/MAR/me,LITCH
000197084,El médico a palos ; El enfermo imaginario,Molière,842/MOL/me,LITGE
000197131,La receta perfecta,"Ferrer, María Teresa",Ch863/FER/re,INFAN
000197190,El Ladrón del rayo : novela gráfica,"Riordan, Rick",813/RIO/la,COMIC
000197283,Insomnia,"King, Stephen",813/KIN/in,LITGE
000197330,Cenicienta,"Perrault, Charles",843/PER/ce,INFAN
000197337,La masai blanca,"Hofmann, Corinne",S833/HOF/ma,LITGE
000197343,Siempre,"Stiefvater, Maggie",813/STI/si,JUVEN
000197344,Maravillas : una novela contada con dibujos y palabras,"Selznick, Brian",813/SEL/ma,JUVEN
000197350,Un paseo para recordar,"Sparks, Nicholas",813/SPA/pa,JUVEN
000197502,Energía : la electricidad en un mundo que avanza,"Cereceda Troncoso, Pilar",333.7916/ENE/el,LITGE
000197560,La familia Guácatela,"Paredes, Mauricio",Ch863/PAR/fa,INFAN
000197636,El mejor amigo del perro,"Moure, Gonzalo",863/MOU/me,INFAN
000197670,Eona : el último Ojo de Dragón,"Goodman, Alison",A813/GOO/ul,LITGE
000197729,Tengo ganas de ti,"Moccia, Federico",853/MOC/te,LITGE
000197733,El principito,"Saint-Exupéry, Antoine de",843/SAI/pr,INFAN
000197742,El tango de la Guardia Vieja,"Pérez-Reverte, Arturo",863/PER/ta,LITGE
000197808,Venganza,"Shepard, Sara",813/SHE/ve,JUVEN
000197822,1984,"Orwell, George",823/ORW/mi,LITGE
000197914,Silencio,"Fitzpatrick, Becca",813/FIT/hu,LITGE
000198002,Delirium,"Oliver, Lauren",813/OLI/de,JUVEN
000198064,Julito Cabello y las salchipapas mágicas,"Cabezas, Esteban",Ch863/CAB/ju,INFAN
000198088,La cita,"Millar, Louise",E823/MIL/ci,LITGE
000198194,El grito de la tierra,"Lark, Sarah",833/LAR/gr,LITGE
000198218,Despierta : across the universe,"Revis, Beth",813/REV/de,JUVEN
000198262,La batalla del laberinto,"Riordan, Rick",813/RIO/ba,JUVEN
000198271,Ogú y Mampato en el Tíbet,"Lobos, Themo",Ch863/LOB/og,INFAN
000198321,Geografía de máquinas : que no sabemos si se construyeron,"Ferrada, María José",Ch863/FER/ge,INFAN
000198371,Deuda de sangre,"Connelly, Michael",813/CON/de,LITGE
000198383,Recuerdos de otra vida,"Clark, Mary Higgins",813/CLA/re,LITGE
000198449,Asesinos en serie : perfiles de la mente criminal,"Mendoza Luna, Miguel",364.152/MEN/as,LITGE
000198462,Todos se burlan,Dipacho,C863/DIP/to,LITGE
000198465,Theodore Boone: el secuestro,"Grisham, John",813/GRI/th,LITGE
000198481,Cuando pase tu ira,"Larsson, Asa",839.73/ASA/cu,LITGE
000198548,El camino del norte,"Vázquez Rial, Horacio",863/VAZ/ca,LITGE
000198552,El principe de la niebla,"Ruiz Zafón, Carlos",863/RUI/el,JUVEN
000198555,"Fenris, el elfo","Gallego García, Laura",863/GAL/fe,JUVEN
000198583,Tríada,"Gallego García, Laura",863/GAL/tr,JUVEN
000198585,Insaciables : Novela,"Echeverría, Mónica",Ch863/ECh/in,LITCH
000198599,Leer a contraluz: Narrativa chilena de Blest Gana a Varas y Bolaño,"Concha, Jaime",Ch860.9/CON/le,LITCH
000198608,Gaturro a lo grande 2,Nik,741.5982/NIK/gad,INFAN
000198623,Gaturro a lo grande 3,Nik,741.5982/NIK/gat,INFAN
000198636,¿De qué color es la cebra?,"Novoa, Teresa",590/NOV/de,INFAN
000198650,Una ciudad llamada Chifladura,"Elizalde, Rosario",Ch863/ELI/ci,INFAN
000198769,Isla de los Muertos : dos versiones para una historia,"Florín, Cristóbal guionista",741.598362/FLO/is,JUVEN
000198823,El caballero y su armadura,Anónimo,739.7/CAB,INFAN
000198968,MetaMaus,"Spiegelman, Art",741.5973/SPI/me,JUVEN
000199011,Madre que estás en los cielos,"Simonetti, Pablo",Ch863/SIM/ma,LITCH
000199122,Para mi hija que ha crecido,"Riba, Lidia María",A868/RIB/pa,JUVEN
000199150,Vanish : Chica de niebla,"Jordan, Sophie",813/JOR/va,JUVEN
000199277,Cuentos de Andersen,"Andersen, Hans Christian",839.813/AND/cu,INFAN
000199403,"Rebelión en la granja, (o La granja de los animales)","Orwell, George",823/ORW/re,JUVEN
000199485,Diario de Greg : la horrible realidad,"Kinney, Jeff",813/KIN/di,INFAN
000199586,El cisne y la luna,"Gallegos Abarca, Manuel",Ch863/GAL/ci,JUVEN
000199647,Manual de los seres fantásticos,"Castillo, Blanca",745.5/MAN/se,INFAN
000199835,Historia de las poblaciones callampas,"Urrutia, Cecilia",307.3/URR/hi,LITCH
000199842,Fuerzas especiales,"Eltit, Diamela",Ch863/ELT/fu,LITCH
000199846,Tala,"Mistral, Gabriela",Ch861/MIS/ta,LITCH
000199900,El descubrimiento de la pintura,"Edwards, Jorge",Ch863/EDW/de,LITGE
000199911,Todo lo que muere,"Connolly, John",I823/CON/to,LITGE
000199966,Judy Moody salva el planeta,"McDonald, Megan",813/MCD/ju,INFAN
000199968,El viejo y el mar ; El invicto,"Hemingway, Ernest",813/HEM/vi,LITGE
000199973,Inés del alma mía,"Allende, Isabel",Ch863/ALL/in,LITCH
000199999,El derrumbe de occidente,"Giaconi, Claudio",Ch861/GIA/de,LITCH
000200046,Judy Moody : la vuelta al mundo en ocho días y medio,"McDonald, Megan",813/MCD/jvm,INFAN
000200096,La emoción de las cosas,"Mastretta, Ángeles",M863/MAS/em,LITGE
000200159,"El rebelde: La fundación de Roma, 21 de abril de 753 a.c.","Pomilio, Emma",853/POM/re,LITGE
000200222,"Camilón, comilón","Machado, Ana María",B869.3/MAC/ca,LITGE
000200250,El túnel,"Sábato, Ernesto",A863/SAB/tu,LITGE
000200253,Estación artificial: expresión escénica de exilio,"Kurapel, Alberto",843/DUM/tr,JUVEN
000200295,Una familia de ogros,"Antón, Rocío",863/ANT/fa,LITGE
000200335,Los señores del átomo : el átomo,"Schkolnik, Saúl",Ch863/SCh/se,JUVEN
000200369,Verano al límite,"Hopkins, Cathy",823/HOP/ve,JUVEN
000200371,Caperucita se come al lobo,"Quintana, Pilar",Co863/QUI/ca,LITGE
000200382,Anastasia desde la vereda del otro,"Achondo Moya, Pedro Pablo",Ch861/ACh/am,LITCH
000200384,Jugar con fuego,"Hopkins, Cathy",823/HOP/ju,LITGE
000200409,Besos cósmicos,"Hopkins, Cathy",823/HOP/be,JUVEN
000200457,Sueños para latinoamérica : cuentos escritos por niños y niñas,Agrupación Juvenil Integridad,H863.008/SUE/la,LITGE
000200466,Poder de seducción,"Hopkins, Cathy",823/HOP/po,JUVEN
000200467,Vacaciones de película,"Hopkins, Cathy",823/HOP/va,JUVEN
000200473,La abuelita de arriba y la abuelita de abajo,"De Paola, Tomie",813/DEP/ab,INFAN
000200527,Nadie quiere jugar conmigo,"Keselman, Gabriela",A863/KES/na,INFAN
000200648,La abuela virtual y otros cuentos,"Beuchat, Cecilia",Ch863/BEU/ab,LITCH
000200656,Diario de Greg : días de perros,"Kinney, Jeff",813/KIN/di,INFAN
000200708,Mi hermano,"Browne, Anthony",823/BRO/mi,INFAN
000200751,El arte de la resurrección,"Rivera Letelier, Hernán",Ch863/RIV/re,LITCH
000200801,Un Gorila : un libro no sólo para contar,"Browne, Anthony",823/BRO/un,INFAN
000200810,Igor : el pájaro que no sabía cantar,"Kitamura, Satoshi",895.63/KIT/ig,INFAN
000200901,El viejo y el mar ; El invicto,"Hemingway, Ernest",813/HEM/vi,LITGE
000201000,La trilogía de Nueva York,"Auster, Paul",813/AUS/TR,LITGE
000201059,Pedro Paff,"K., Oscar",839.813/K/pe,LITCH
000201084,Denis y la marraqueta,"Moreno Arqueros, Nathalie",Ch863/MOR/de,INFAN
000201089,La piel extensa : antología,"Neruda, Pablo",Ch861/NER/pi,LITCH
000201093,Tormenta de espadas,"Martin, George R. R",813/MAR/to,LITGE
000201120,Nos fuimos todos de safari : aventura de números por Tanzania,"Krebs, Laurie",513.211/KRE/no,INFAN
000201224,Un gran equipo,"Garlando, Luigi",853/GAR/gr,LITGE
000201236,La liberación de la Bella Durmiente,"Rice, Anne",813/RIC/li,LITGE
000201250,Gol : ¡Nos vamos a Brasil!,"Garlando, Luigi",853/GAR/go,LITGE
000201296,El desafío de don Pantaleón,"Concha, Beatriz",Ch863/CON/de,LITCH
000201302,El viejo y el mar ; El invicto,"Hemingway, Ernest",813/HEM/vi,JUVEN
000201359,El árbol,"Bombal, María Luisa",Ch863/BOM/ar,JUVEN
000201370,El rojo es el mejor,"Stinson, Kathy",819.1/STI/ro,INFAN
000201374,En las garras de los mataperros,"Pelayo P., Pepe",Cu863/PEL/en,LITGE
000201444,"Senefrú, princesa egipcia","Balcells, Jacqueline",Ch863/BAL/se,INFAN
000201459,De brujas caprichosas y hadas desencantadas,"Hepp Castillo, Josefina",Ch863/HEP/de,JUVEN
000201467,Perro y gato,"Poyanco, R",Ch863/POY/pe,JUVEN
000201555,El archivo de Sherlock Holmes,"Doyle, Arthur Conan",823/DOY/ar,JUVEN
000201670,Siete años para pecar,"Day, Sylvia",813/DAY/si,LITGE
000201749,Historias de Paula : antología de reportajes y entrevistas,"Allende, Isabel",Ch868/HIS/pa,LITCH
000201831,La serpiente y el báculo,"Wood, Barbara",823/WOO/se,GENER
000201863,La promesa del fracaso,"Marchant Lazcano, Jorge",Ch863/MAR/pr,LITCH
000201930,Las memorias de Sherlock Holmes,"Doyle, Arthur Conan",823/DOY/me,JUVEN
000201938,La carta número 12,"Deaver, Jeffery",813/DEA/ca,LITGE
000201990,La noche del zelota,"Brodsky B., Camilo",Ch861/BRO/no,LITCH
000201997,Superman,"Siegel, Jerry",741.5973/SIE/su,JUVEN
000202023,Sobre ruedas = On wheels,"Solar, Francisca",Ch863/SOL/so,INFAN
000202027,El gallo loco,"Missana, Sergio",Ch863/MIS/ga,INFAN
000202103,El Cururo incomprendido y otros cuentos,"Morel, Alicia",Ch863/MOR/cu,INFAN
000202285,El arte de leer a García Márquez,"Cobo Borda, Juan Gustavo, comp",C860.4/ART/le,LITGE
000202367,Cruces de la memoria : antología poética,"Ceballos, Jaime",Ch861/CEB/cr,LITCH
000202459,El cuerpo humano,"Giordano, Paolo",853/GIO/cu,LITGE
000202530,Ven al reino de los gnomos,"Drescher, Daniela comp",398.45/DRE/ve,INFAN
000202580,El Rabanito que volvió : anónimo chino,"Carrasco, Marta, il",895.13/RAB/qu,LITGE
000202589,La mujer de los labios rojos,"Peña Muñoz, Manuel",Ch863/PEÑ/mu,LITCH
000202673,Los pingüinos emperadores : llegan al Norte Chico,"Yagnam, Myriam",Ch863/YAG/pi,INFAN
000202700,La abuela de Florencio,"Moreno, Nathalie",Ch863/MOR/ab,INFAN
000202716,Zap,"Cabezas, Esteban",741.5983/CAB/za,INFAN
000202735,Romances populares y vulgares,"Vicuña Cifuentes, Julio",Ch861.008/ROM/po,LITCH
000202742,El Semanario Pro Arte : difusión y crítica cultural (1948-1956),Red Internacional del Libro,Ch860.9/SEM/pr,LITCH
000202800,La calle me distrajo : diarios 2009-2012,"Fernández Chadwick, Patricio",Ch868/FER/ca,LITCH
000202900,El escritor de epitafios,"Rivera Letelier, Hernán",Ch863/RIV/es,LITCH
000202976,Las tumbas de piedra,"Kruger Droguett, Hugo",Ch863/KRU/tu,LITCH
000203053,El arte de la palabra en los canales patagónicos,"Aguilera Faúndez, Oscar E",Ch863/ART/ag,LITCH
000203146,Emily the Strange : un golpe de mente,"Reger, Rob",813/REG/ego,JUVEN
000203192,La bella durmiente [grabación sonora],"Perrault, Charles",843/PER/be,INFAN
000203193,La Quinta pata : antología literaria e informativa para jóvenes,"Aguilera Cabrera, Silvia",808.88/AGU/qu,JUVEN
000203197,Deja que los perros ladren,"Vodanovic, Sergio",Ch862/VOD/de,LITCH
000203217,Trece meses y un otoño,"Decker, Carina",Ch863/DEL/tr,LITCH
000203255,Nicanor Parra y la poesía de lo cotidiano,"Montes, Hugo",Ch861/PAR/mo,LITCH
000203304,Juanito y cachalote = Juanito and Cachalote,"Hanisch, Maya",Ch863/HAN/ju,INFAN
000203401,La Ciudad del Sol,"Fabry, Macarena",Ch863/FAB/ci,JUVEN
000203422,Antología de cuentos juveniles,"Aravena A., Armando",Ch863.008/ANT,LITCH
000203452,Informe de daños : relatos breves,"Solé Órdenes, Pablo",Ch863/SOL/in,LITCH
000203509,Cazadores de sombras,"Clare, Cassandra",813/CLA/ca,JUVEN
000203566,De aquí y de allá,"Hanisch, Maya",Ch863/HAN/de,INFAN
000203576,El mago de Oz,"Baum, Frank",813/BAU/ma,LITGE
000203589,"Ciro, el cigüeño preguntón","Engeler Stetter, Claudia",S833/ENG/ci,INFAN
000203639,Poesía completa : 1961-2012,"Hahn, Óscar",Ch861/HAH/po,LITCH
000203711,El vampiro niño que soñaba con bailar,"Corral Yagnam, Paz",Ch863/COR/va,INFAN
000203712,Cuentos con sal y sol,"Güiraldes, Ana María",Ch863/GUI/cu,INFAN
000203719,De Neftalí a Neruda = From Neftalí to Neruda,Fita Frattini,Ch861/FRA/de,INFAN
000203814,Zahorí,"Valenzuela León, Camila",863/VAL/za,JUVEN
000203845,Bahía de los misterios,"Ampuero, Roberto, -",Ch863/AMP/ba,LITCH
000203846,El Amante,"Duras, Marguerite",843/DUR/am,LITGE
000203927,Veinte mil leguas de viaje submarino,"Verne, Jules",843/VER/ve,JUVEN
000203955,Bajo la misma estrella,"Green, John",813/GRE/ba,LITGE
000203977,Rebeca y Ankalli en busca del agua,"Bohmer Muñoz, Karl-Oswald",Ch863/BOH/re,LITCH
000204029,Trenzas,"Bombal, María Luisa",Ch863/BOM/tr,LITCH
000204032,Los días de la sombra,"Bodoc, Liliana",A863/BOD/di,LITGE
000204066,La montaña rebelde : cuentos,"González Lefno, Rubén",Ch863/GON/mo,LITCH
000204105,Las aventuras de Amanda y el gato del pirata,"Flores Guerra, Lilian",Ch863/FLO/au,LITCH
000204173,Mi vida querida,"Munro, Alice",C813/MUN/mi,LITGE
000204377,Antología de poesía chilena,"Calderón, Teresa",Ch861.008/ANT/po,LITCH
000204417,Betibú,"Piñeiro, Claudia",A863/PIÑ/be,LITGE
000204710,El juego de Ripper,"Allende, Isabel",Ch863/ALL/ju,LITCH
000204719,Martín Rivas,"Blest Gana, Alberto",Ch863/BLE/ma,LITCH
000204851,Teatro I : Amores de cantina ; Informe para nadie,"Radrigán, Juan",Ch862/RAD/te,LITCH
000204866,Croma,"Gordillo, Emilio",Ch863/GOR/cr,LITCH
000204940,Matemos todos a Constance,"Bradbury, Ray",813/BRA/ma,LITGE
000204957,¿Quién mató a la tenquita?,"Schkolnik, Saúl",Ch863/SCh/qu,INFAN
000204973,La liberación,"Rivera Soto, José Antonio",Ch863/RIV/li,LITCH
000205021,El lago de los Cisnes,"Durán, Carolina, il",Ch863/LAG/ci,LITCH
000205033,La madre,"Buck, Pearl S",813/BUC/ma,LITGE
000205062,Lluscuma,"Baradit, Jorge",Ch863/BAR/ll,LITCH
000205180,La reaparición de Sherlock Holmes I,"Doyle, Arthur Conan",823/DOY/re,JUVEN
000205186,El signo de los cuatro,"Doyle, Arthur Conan",823/DOY/si,JUVEN
000205330,Lesath. 2 : el trono vacío,"Calligaris, Tiffany",A863/CAL/let,LITGE
000205345,Nicanor Parra : poemas ilustrados,"Parra, Nicanor",Ch861/PAR/po,LITCH
000205389,Los escualos del invierno : poemas,"Carrizo Olivares, Alberto",Ch861/CAR/es,LITCH
000205409,La bicicleta mágica de Sergio Krumm,"Guajardo Thomas, Marcelo",Ch863/GUA/bi,JUVEN
000205459,Diez pequeñas orugas,"Martin, Bill",813/mar/di,INFAN
000205460,Bajo las lilas,"Alcott, Louisa May",813/ALC/ba,LITGE
000205461,Bobú,"González V., Catalina",Ch863/GON/bo,LITCH
000205627,Mariposa y caracol,"Di Girolamo, Caterina",Ch863/DIG/ma,LITCH
000205671,Maze Runner : virus letal,"Dashner, James",813/DAS/mvl,JUVEN
000205687,Un deseo para Alberto,"Ferrer, María Teresa",Ch863/FER/de,LITCH
000205695,Las crónicas de Meap,"Green, John",741.5973/GRE/cr,INFAN
000205703,La delirante compañía de los sueños,"Flores, José Luis",Ch863/FLO/de,LITCH
000205706,Agentes de A.S.C.O,"Palma, Javiera",Ch863/PAL/ag,JUVEN
000205707,"¡Huy, qué pena!","Milicic, Neva",Ch863/MIL/hu,INFAN
000205747,Los increíbles poderes del señor Tanaka,"Gómez, Sergio",Ch863/GOM/in,JUVEN
000205766,Décimas : autobiografía en verso,"Parra, Violeta",Ch861/PAR/de,LITCH
000205837,Cuentos chilenos : selección y análisis técnico,"Sepúlveda Llanos, Fidel, comp",Ch863/SEP/cu,JUVEN
000205880,En llamas,"Collins, Suzanne",813/COL/en,LITGE
000205979,Namazu,"Ramos Bañados, Rodrigo",Ch863/RAM/na,LITCH
000206171,Didi recorre Nueva York 0 = Didi in New York,"Cordero, Kristina",Ch863/COR/di,INFAN
000206273,La decisión de Ema,"Dossetti, Angélica",Ch863/DOS/de,LITCH
000206348,Un viaje por Solentiname,"Quezada, Jaime",Ch860/QUE/vi,LITGE
000206398,El enigma de los vencidos,"Rodera, Armando",863/ROD/en,LITGE
000206414,Mis vecinos los ogros,"Hepp Castillo, Josefina",Ch863/HEP/mi,JUVEN
000206449,Kamishibai [conjunto],"Jorgensen, Siren",028.534/KAM,INFAN
000206455,Felices los analfabetos,"Molteni, Agostino",Ch868/MOL/fe,LITCH
000206483,The walking dead : La calma previa; Creados para sufrir,"Kirkman, Robert",741.5973/KIR/wal,JUVEN
000206489,Caminando se siembra : prosas inéditas,"Mistral, Gabriela",Ch863/MIS/ca,LITCH
000206563,Sangre en el ojo,"Meruane, Lina",Ch863/MER/sa,LITCH
000206564,Su voz viene en el viento : poesía reunida,"Rojas, Manuel",Ch861/ROJ/su,LITCH
000206565,Soy,"Cané, Raquel",A863/CAN/so,LITGE
000206572,El nuevo circo de diamante,"Carvajal, Victor",Ch863/CAR/nu,LITCH
000206600,Partículas en expansión : antología,"Kozer, José",Cu861/KOZ/pa,LITGE
000206607,La historia de Manú [grabación sonora],"Río, Ana María del",Ch861/PEL/do,INFAN
000206615,Un cuento al día,"Ballcells, Jacqueline, ilustradora",Ch863.008/CUE/al,LITCH
000206649,El idioma secreto,"Ferrada, María José",Ch861/FER/id,INFAN
000206654,La indiferencia,"Orellana, Oscar",Ch861/ORE/in,LITCH
000206663,El paseo Ahumada : -de cuchepos y pingüinos-,Liván,741.5983/LIV/pa,COMIC
000206849,El Gran Hugo,"Maturana, Andrea",Ch863/MAT/gr,LITCH
000206874,Un lector inglés,"Disraeli, Isaac",821.9/DIS/le,LITGE
000206957,Había una vez un pájaro,"Costamagna, Alejandra",Ch863/COS/ha,LITCH
000206979,El profeta,"Gibrán, Kahlil",892.7808/GIB/pr,LITGE
000206980,La bruja de la montaña,"Díaz, Gloria Cecilia",C863/DIA/br,LITGE
000207027,Notas al margen,"Ferrada, María José",Ch863/FER/no,LITCH
000207030,"Merlina, la brujita","Drescher, Daniela",833/DRE/me,INFAN
000207031,Casa de niebla,"Bombal, María Luisa",Ch863/BOM/ca,LITCH
000207176,Aquí hay monstruos,"Emmett, Jonathan",823/EMM/aq,INFAN
000207186,Los años de peregrinación del chico sin color,"Murakami, Haruki",895.63/MUR/añ,LITGE
000207365,Siluetas en la oscuridad,"Valdés Díaz, Gonzalo",Ch863/VAL/si,LITCH
000207370,Judy Moody se declara independiente,"McDonald, Megan",813/MCD/jse,LITGE
000207481,Kamishibai [conjunto]. Dragón de Cracovia,"Burgos, Ana, il",028.534/KAM/dr,INFAN
000207510,El ingenioso hidalgo Don Quijote de la mancha,"Cervantes Saavedra, Miguel de",863/CER/obr,LITGE
000207545,Hipo! el sapo = Hiccups the toad,"Mena, Patricio",Ch863/MEN/hi,INFAN
000207550,Pequeñas alegrías Hermann Hesse,"Hesse, Hermann",838/HES/pe,LITGE
000207710,Déficit atencional : en niños y adolescentes,"Céspedes, Amanda",616.85/CES/de,LITGE
000207787,En medio de ninguna parte,"Coetzee, J. M",S823/COE/en,LITGE
000207808,La lista,"Forsyth, Frederick",823/TOR/li,LITGE
000207885,Concierto barroco,"Carpentier, Alejo",Cu863/CAR/con,LITGE
000207906,La región más transparente,"Fuentes, Carlos",M863/FUE/re,LITGE
000207919,Encontrarnos a nosotros mismos : Un mundo más grande,"Kirkman, Robert",741.5973/KIR/en,COMIC
000208019,Space invaders,"Fernández, Nona",Ch863/FER/sp,LITCH
000208109,"Pídeme lo que quieras, ahora y siempre","Maxwell, Megan",863/MAX/pi,LITGE
000208124,Para Nicanor Parra: Premio Cervantes 2011,Consejo Nacional de la Cultura y las Artes,Ch861/PAR/pa,LITCH
000208150,Ciudad de cristal,"Clare, Cassandra",813/CLA/ci,LITGE
000208152,Ciudad de hueso,"Clare, Cassandra",813/CLA/ci,JUVEN
000208153,La ciudad está triste,"Díaz Eterovic, Ramón",Ch863/DIA/ci,LITCH
000208163,"Dispara, yo ya estoy muerto","Navarro, Julia",863/NAV/di,LITGE
000208205,Ciudad de ceniza,"Clare, Cassandra",813/CLA/ci,LITGE
000208208,Las chicas de alambre,"Sierra i Fabra, Jordi",863/SIE/Ch,JUVEN
000208231,Merci !,Decur,741.5982/DEC/me,COMIC
000208252,El canto del Cuco,"Galbraith, Robert",823/GAL/ca,LITGE
000208255,Crónicas del mago negro,"Canavan, Trudi",A823/CAN/cr,JUVEN
000208367,Ami : 3 : civilizaciones internas,"Barrios, Enrique",Ch863/BAR/am,LITCH
000208413,Circo Máximo : la ira de Trajano,"Posteguillo, S. Santiago",863/POS/ci,LITGE
000208422,El héroe perdido,"Riordan, Rick",813/RIO/he,LITGE
000208465,Hermosas criaturas,"Garcia, Kami",813/GAR/he,LITGE
000208512,El árbol de la vida,"Valenzuela, José Ignacio",Ch863/VAL/ar,LITCH
000208578,Los sinsabores del verdadero policía,"Bolaño, Roberto",Ch863/BOL/si,LITCH
000208580,Cómo domesticar a tus papás,"Paredes, Mauricio",Ch863/PAR/co,INFAN
000208656,Campos de fresas,"Sierra i Fabra, Jordi",863/SIE/ca,LITGE
000208754,Coné,Pepo,741.5983/CONE,COMIC
000208824,Fairy Oak : capitán Grisam y el amor,"Gnone, Elisabetta",853/GNO/fc,JUVEN
000208854,La Sociedad chilena en el nuevo siglo,"Cea Egaña, José Luis",Ch865/SOC/Ch,LITCH
000208899,El hombre se escribe,"Ragal, Jorge",Ch861/RAG/ho,LITCH
000208900,Maze Runner : virus letal,"Dashner, James",813/DAS/ma,JUVEN
000208911,Maze runner : la cura mortal,"Dashner, James",813/DAS/ma,JUVEN
000209059,El socio,"Prieto, Jenaro",Ch863/PRI/so,LITCH
000209137,Non ho intenzione di lamentarmi,"Landa del Río, Luis",Ch863/LAN/no,LITCH
000209162,¡Fué sin querer!,"Milicic, Neva",Ch863/MIL/fu,INFAN
000209188,Corina la gallina submarina,"Reyes, Tamara",Ch863/REY/co,INFAN
000209222,"Un libro, una huella","Echeverría de Cárcer, María del Pilar",809.89282/LIB/hu,LITGE
000209257,Invasion secreta,"Bendis, Brian Michael",741.5973/INV/se,JUVEN
000209310,Soldados perdidos,"Cabrera Olea, Alejandro",Ch863/CAB/so,LITCH
000209372,3l 4s3s1n4to d3l prof3sor d3 m4t3m4t1c4s,"Sierra i Fabra, Jordi",863/SIE/as,LITGE
000209446,El Jardín secreto,"Burnett, Frances Hodgson",823/BUR/ja,JUVEN
000209594,A la sombra del Terevaka,"Dossetti, Angélica",Ch863/DOS/as,LITCH
000209605,Demasiado lejos : sin salida,"Kirkman, Robert",741.5973/KIR/de,COMIC
000209615,De amor y de guerra,"Ponce, Víctor Andrés",Pe863/PON/de,LITGE
000209618,Todo es cancha : antología de cuentos de fútbol,"Sacheri, Eduardo A. Eduardo Alfredo , prologuista",Ch863.008/TOD/es,LITCH
000209659,Después del terremoto,"Murakami, Haruki",895.63/MUR/de,LITGE
000209758,Nostalgia de la Tierra : Antología,"Teillier, Jorge",Ch861/TEI/no,LITCH
000209770,"Hush, hush","Fitzpatrick, Becca",813/FIT/hu,LITGE
000209866,El príncipe cascanueces,"Durán, Carolina, il",Ch863/DUR/pr,LITCH
000209945,Querido Nadie,"Doherty, Berlie",823/DOH/qu,LITGE
000210115,Aqui soy sólo la gata,"Johansen, Hanna",833/JOH/aq,LITGE
000210148,Eclipse,"Meyer, Stephenie",813/MEY/ec,LITGE
000210213,La amante fascista,"Moreno Jashés, Alejandro",Ch862/MOR/am,LITCH
000210226,Antofagasta en 100 palabras : los mejores 100 cuentos III,"García, Carmen",Ch863.008/ANT/ci,LITCH
000210235,La música para Clara,"Subercaseaux, Elizabeth",Ch863/SUB/mu,LITCH
000210239,El jilguero,"Tartt, Donna",813/TAR/ji,LITGE
000210303,Gaturro y la maldición de Tutangatón,Nik,741.5982/NIK/gmt,INFAN
000210431,La Araucana,"Ercilla y Zúñiga, Alonso de",861.03/ERC/ar,JUVEN
000210439,Se vende mamá,"Santos, Care",863/SAN/se,JUVEN
000210505,Sapo y Sepo son amigos,"Lobel, Arnold",813/LOB/sa,INFAN
000210517,La canción de los maoríes,"Lark, Sarah",833/LAR/ca,LITGE
000210529,Maze runner : correr o morir,"Dashner, James",813/DAS/ma,LITGE
000210601,"Juanita, joven patriota","Balcells, Jacqueline",Ch863/BAL/ju,LITCH
000210625,Fablehaven : Los secretos de la reserva de dragones,"Mull, Brandon",813/MUL/fas,LITGE
000210640,Lo que está en mi corazón,"Serrano, Marcela",Ch863/SER/lo,LITCH
000210659,"El burlador de Sevilla; y, Convidado de piedra","Tirso de Molina, -",862/TIR/bu,LITGE
000210698,"Querida Susi, querido Paul","N stlinger, Christine",A833/NOS/qu,LITGE
000210763,Cuentos de mi escritorio,"Tejeda, Juan",Ch863/TEJ/cu,LITCH
000210876,[Antología 2013] : escritura sinfrontera,Ediciones Raíz Alternativa,H863.008/CUA/an,LITGE
000210878,De úteros y copas : cuentos de género y cultura etílica,"Jara Males, Loreto",Ch863/JAR/de,LITCH
000210882,De amores y reflexiones,"Paz Viola, Mirna",U861/PAZ/de,LITGE
000210885,"Uno, ninguno y cien mil","Pirandello, Luigi",853/PIR/un,LITGE
000210886,Ciudad de las almas perdidas,"Clare, Cassandra",813/CLA/ci,LITGE
000210896,Angry Birds : megalibros de actividades,"Paredes, Laura, tr",790.15/ANG/bi,INFAN
000210936,Gothic Doll,"Amkie, Lorena",M863/AMK/go,LITGE
000210944,Canción de olas : Sirenas III,"Hocking, Amanda",813/HOC/si,JUVEN
000210967,"Conan, el bárbaro : novela de la película","Stackpole, Michael A",813/STA/co,JUVEN
000210972,"Profundidades [Texto impreso] Roderick Gordon, Brian Williams","Gordon, Roderick",823/GOR/pr,JUVEN
000211121,Relato de un náufrago,"García Márquez, Gabriel",C863/GAR/re,LITGE
000211193,La escapada de Ema,"Dossetti, Angélica",Ch863/DOS/es,JUVEN
000211201,¿Has visto alguna lágrima de luna?,"Saracino, Luciano",A863/SAR/ha,LITGE
000211205,Mariposa,Anónimo,649.68/MAR,INFAN
000211245,Laura y el ratón,"Muñoz Puelles, Vicente",863/MUÑ/la,LITGE
000211445,El americano tranquilo,"Greene, Graham",823/GRE/am,LITGE
000211455,Caperucita Roja,"Serra, Adolfo",863/SER/ca,INFAN
000211480,El sueño de Victorio,"Scarpelli, Veridiana",B869.3/SCA/su,INFAN
000211776,Y llovieron ranas,"Bertrand Donoso, Sara",Ch863/BER/yl,INFAN
000211791,Jaujachicos : chistes prohibidos para mayores,"Kreo, Johnny T",808.882/KRE/ja,LITGE
000211845,"Li Song, mujer china","Balcells, Jacqueline",Ch863/BAL/li,JUVEN
000211847,Unos robots muy especiales ; el cuerpo humano,"Schkolnik, Saúl",Ch863/SCh/un,JUVEN
000211872,Pepita de oro,"Lafourcade, Enrique",Ch863/LAF/pe,JUVEN
000211873,De miedos y pájaros,"Schkolnik, Saúl",Ch863/SCh/de,LITCH
000211903,Sitio del suceso : cuando las letras son la evidencia,Policía de Investigaciones de Chile,Ch863.008/SIT/su,LITCH
000211911,"El bueno, el feo y la bruja","Harrison, Kim",813/HAR/bu,LITGE
000212114,El leve aliento de la verdad,"Díaz Eterovic, Ramón",Ch863/DIA/le,LITCH
000212255,Mis documentos,"Zambra, Alejandro",Ch863/ZAM/mi,LITCH
000212278,Oscuros,"Kate, Lauren",813/KAT/os,LITGE
000212280,Oscuros : el poder de las sombras,"Kate, Lauren",813/KAT/os,LITGE
000212288,¡Y Comienza la función! : obras de teatro para preadolescentes,"Ward, Guillermo",Ch862/WAR/yc,JUVEN
000212352,Leyendas de los Otori : con la hierba de almohada,"Hearn, Lian",823/HEA/le,LITGE
000212355,La Sombra de la serpiente,"Riordan, Rick",813/RIO/tr,LITGE
000212365,La maldición del Titán,"Riordan, Rick",813/RIO/ma,LITGE
000212389,Año Bi. Si.Esto,"Rodríguez Bravo, Silvia",Ch861/ROD/añ,LITCH
000212396,La piramide roja,"Riordan, Rick",813/RIO/pi,LITGE
000212578,Verónica la niña biónica,"Paredes, Mauricio",Ch863/PAR/ve,LITCH
000212698,Lesath 3: la corte del hechicero,"Calligaris, Tiffany",A863/CAL/lec,JUVEN
000212712,Noticias de Pedro Lastra,"Lastra, Pedro",Ch861/LAS/no,LITCH
000212718,Kid pantera,"Solar, Hernán del",Ch863/SOL/ki,INFAN
000212730,La chacra de don Candelario,"Aguirre, Isidora",Ch863/AGU/Ch,INFAN
000212767,Ruido,"Bisama, Álvaro",Ch863/BIS/ru,LITCH
000212785,Los cuentos de Tocuen,"Güiraldes, Ana María",Ch863/GUI/cu,INFAN
000212808,El libro de los Portales,"Gallego García, Laura",863/GAL/li,LITGE
000212818,Ven a buscarme,"Marias, Javier",863/MAR/ve,INFAN
000212828,Su última reverencia : recuerdos de Sherlock Holmes,"Doyle, Arthur Conan",823/DOY/su,JUVEN
000212854,"Mujeres trabajando, con menos salarios, con menos estabilidad","Díaz, Pamela",331.40983/MUJ/tr,GENER
000212961,Teme a los cazadores : Vivir entre ellos,"Kirkman, Robert",741.50973/KIR/wa,COMIC
000213121,Jirafo : el gato que quería alcanzar la luna,"Yagnam, Myriam",Ch863/YAG/ji,INFAN
000213124,La señora de las mariposas,"Schmidt, Alejandra",Ch863/SCh/se,LITCH
000213308,El oro de la corona,"Bertrand Donoso, Sara",Ch863/BER/or,LITCH
000213557,El loco estero : texto original íntegro,"Blest Gana, Alberto",Ch863/BLE/lo,LITCH
000213627,Adivina quién soy,"Maxwell, Megan",863/MAX/ad,LITGE
000213703,Vampi Vamp y el señor zombi,"Balcells, Jacqueline",Ch863/BAL/va,LITCH
000213722,La isla mágica y otros cuentos,"Morel, Alicia",Ch863/MOR/is,INFAN
000213766,Marcel y sus cuentos,"Schkolnik, Saúl",Ch863/SCh/ma,INFAN
000213804,La isla enamorada,"Balcells, Jacqueline",Ch863/BAL/is,INFAN
000213826,"Cuentacolmos, adivinanzas y frases traviesas","Honores, Paola, il",398.6/CUE/odi,INFAN
000213831,La princesa Isabella,"Funke, Cornelia",823/FUN/la,INFAN
000213850,Maze Runner : prueba de fuego,"Dashner, James",813/DAS/mpr,LITGE
000213950,A tres metros sobre el cielo,"Moccia, Federico",853/MOC/at,LITGE
000213979,Bioética,"Lolas Stepke, Fernando",174.2/LOL/bi,LITGE
000214030,Lazos de familia,"Steel, Danielle",813/STE/la,JUVEN
000214119,Los enigmas de Shavi : (una historia de alquimia),"Téllez, Claudio",Ch863/TEL/en,JUVEN
000214121,Rimas cantarinas,"Concha, Beatriz",Ch861/CON/ri,INFAN
000214268,La redención de Gabriel,"Reynard, Sylvain",C813/REY/re,LITGE
000214292,Siddhartha,"Hesse, Hermann",833/HES/si,LITGE
000214310,Leyendas de los Otori : la red del cielo es amplia,"Hearn, Lian",823/HEA/le,JUVEN
000214495,Por si Ud. quiere brindar,"Beltrán Echeverría, Lilia",Ch861/BEL/po,LITCH
000214506,Si tú me escuchas,"Márquez Colodro, Daniela",Ch863/MAR/si,LITCH
000214533,El aprendiz de sonrisas : proceso de un montaje teatral inclusivo,"Ward, Guillermo",Ch862/WAR/ap,LITCH
000214707,Camanchaca,"Zúñiga, Diego",Ch863/ZUÑ/ca,JUVEN
000214757,La adivina,"Wood, Barbara",823/WOO/ad,LITGE
000214780,Cuando éramos jóvenes,"Díaz Klaassen, Francisco",Ch863/DIA/cu,LITCH
000214816,"Judy Moody & Stink : la loca, loca búsqueda del tesoro","McDonald, Megan",813/MCD/jst,LITGE
000214952,La ascensión,"Hocking, Amanda",813/HOC/as,LITGE
000214982,Cinco semanas en globo,"Verne, Jules",843/VER/ci,INFAN
000215044,Jardín,"Simonetti, Pablo",Ch863/SIM/ja,LITCH
000215045,Nicolás tiene 2 papás,"Nicholls, Leslie",Ch863/NIC/ni,INFAN
000215097,El año que nos volvimos todos un poco locos,"Parra, Marco Antonio de la",Ch863/PAR/añ,LITCH
000215170,El genio del lavabo,"Tremblay, Carole",C813/TRE/ge,INFAN
000215188,Demasiada felicidad,"Munro, Alice",C843/MUN/to,LITGE
000215190,Tito,"Simonetti, Marcelo",Ch863/SIM/ti,JUVEN
000215203,Dorotea : la vaca viajera-- y el misterio de la nube,"Saracino, Luciano",A863/SAR/do,LITGE
000215244,El reyno : poesía,"Rocha, Ángeles",Ch861/ROC/re,LITCH
000215258,Mi hermana Gabriela,"Olaizola, José Luis",863/OLA/mi,LITGE
000215299,La niña azul,"Rosasco, José Luis",Ch863/ROS/ni,LITCH
000215332,Teatro escolar representable 1,"Unda, Rubén compilador",862/TEA/es,LITGE
000215370,Yo aquí sólo soy el perro,"Richter, Jutta",833/MUL/yo,LITGE
000215405,"Samuel, buscador de oro en California","Balcells, Jacqueline",Ch863/BAL/sa,INFAN
000215425,Concepción en 100 palabras,Concurso Concepción en Palabras,Ch863.008/CON/en,LITCH
000215440,Policarpo en Manhattan,"Délano, Poli",Ch863/DEL/po,INFAN
000215443,Doctor sueño,"King, Stephen",813/KIN/do,LITGE
000215454,Cazadores de sombras : Los orígenes: Príncipe mecánico,"Clare, Cassandra",813/CLA/pr,LITGE
000215509,Al compás de la rueda,"Colil Abricot, Juan Ignacio",Ch863/COL/co,LITCH
000215539,Día de pesca,"Moreau, Laurent",843/MOR/ju,INFAN
000215578,Demián ; La leyenda del rey indio,"Hesse, Hermann",833/HES/de,LITGE
000215582,Adivinación : biografía de un poema visual,"Rosenmann Taub, Mauricio",Ch861/ROS/ad,LITCH
000215606,El pirata Garrapata en China,"Muñoz Martín, Juan",863/MUÑ/pi,INFAN
000215621,Un oso eno joso,"Milicic, Neva",Ch863/MIL/os,LITCH
000215661,"Lugar incómodo : poesía y sociedad en Parra, Lihn y Martínez","Ayala, Matías",Ch861/PAR/ay,LITCH
000215669,Bandido 1,"Vásquez Pastene, Juan",741.5983/VAS/ba,COMIC
000215681,¡Berta no quiere dormir!,"Ojeda, Bernardita",Ch863/OJE/be,INFAN
000215710,Madre - tiniebla,"Gómez-Correa, Enrique",Ch861/GOM/ma,LITCH
000215725,Santiago: fragmentos y naufragios,"Eguiluz, Luisa",Ch863/EGU/sa,LITGE
000215767,Todos piensan que soy un faquir,"Apablaza, Claudia",Ch863/APA/to,LITGE
000215772,Maze Runner : expedientes secretos,"Dashner, James",813/DAS/ma,JUVEN
000215777,Lugares comunes,"Varas, José Miguel",Ch863/VAR/lu,LITCH
000215793,"Tiempo, medida imaginaria","Díaz Varín, Stella",Ch861/DIA/ti,LITCH
000215813,Ojos de perro azul,"García Márquez, Gabriel",C863/GAR/oj,LITGE
000215831,Cazadores de sombras : Los orígenes: Princesa mecánica,"Clare, Cassandra",813/CLA/pr,LITGE
000215852,La hierba de las noches,"Modiano, Patrick",843/MOD/hi,LITGE
000215968,El castigo de la Bella Durmiente,"Rice, Anne",813/RIC/ca,LITGE
000216026,Niños,"Ferrada, María José",Ch861/FER/ni,LITCH
000216047,Phoenix : lo más peligroso es que te roben-- el corazón,"Stirling, Joss",823/STI/ph,JUVEN
000216104,Arkanus : el señor del abismo,"Miranda Muñoz, Carlos",Ch863/MIR/ar,JUVEN
000216168,El hijo de Neptuno,"Riordan, Rick",813/RIO/hi,LITGE
000216221,La fuga de Los Cisnes,"Winter, Augusto",Ch861/WIN/fu,LITCH
000216239,El fantasista,"Rivera Letelier, Hernán",Ch863/RIV/fa,LITCH
000216268,La casa de la playa,"Roberts, Nora",813/ROB/ca,LITGE
000216343,El club de los que sobran,"Guzmán, Luis Emilio",Ch863/GUZ/cl,LITCH
000216410,Historias clandestinas,"Rojas Lizana, Sol",741.5983/ROJ/hi,COMIC
000216437,Las noticias que siempre seran noticia,"Warnken Lihn, Cristian",Ch868/WAR/not,LITCH
000216574,Los ojos de mi princesa 2 : fuerte por amor,"Sánchez, Carlos Cuauhtémoc",M863/SAN/oj,LITGE
000216715,Háblame de amores,"Lemebel, Pedro",Ch868/LEM/ha,LITCH
000216723,Skulduggery pleasant,"Landy, Derek",I823/LAN/sk,JUVEN
000216727,Don Macanudo,"Paredes, Mauricio",Ch863/PAR/do,INFAN
000216792,La guitarra tropical chilena,"Cordero Riquelme, Gonzalo",781.87/COR/gu,LITGE
000216793,¿Puedo soñar contigo?,Blue Jeans,863/BLU/pu,LITGE
000216820,La biblioteca de los libros vacíos,"Sierra i Fabra, Jordi",863/SIE/bi,LITGE
000216839,Lazos de sangre: designio,"Hocking, Amanda",813/HOC/la,JUVEN
000216883,El diario fantasma de Julito Cabello,"Cabezas, Esteban",Ch863/CAB/di,LITCH
000217015,Trilogía de la ocupación,"Modiano, Patrick",843/MOD/tr,LITGE
000217017,La edad del perro,"Sanhueza, Leonardo",Ch863/SAN/ed,LITCH
000217064,Taxidermia,"Bisama, Álvaro",Ch863/BIS/ta,LITCH
000217069,Eslovenia,"Catalán, Esteban",Ch863/CAT/es,LITCH
000217077,Amor,"Emar, Juan",Ch863/EMA/am,LITCH
000217098,Cosas simples,"Hernández, Raúl",Ch861/HER/co,LITCH
000217103,El polizón de la Santa María,"Balcells, Jacqueline",Ch863/BAL/po,INFAN
000217112,Cercada,"Meruane, Lina",Ch868/MER/ce,LITCH
000217116,La chica que soñaba con una cerilla y un bidón de gasolina,"Larsson, Stieg",839.73/LAR/Ch,LITGE
000217140,El umbral de la eternidad,"Follett, Ken",823/FOL/um,LITGE
000217176,Judy Moody salva el planeta,"McDonald, Megan",813/MCD/jsa,LITGE
000217231,Fangirl,"Rowell, Rainbow",813/ROW/fa,JUVEN
000217232,Ciudades de papel,"Green, John",813/GRE/ci,JUVEN
000217233,Luces del sur,"Steel, Danielle",813/STE/lu,LITGE
000217287,Tú y yo,"Maino, Maggie",Ch863/MAI/tu,INFAN
000217302,Yin-Yin ; Tiki y la orquídea,"Yagnam, Myriam",Ch863/YAG/yi,INFAN
000217373,Niños futbolistas,"Meneses, Juan Pablo",796.334/MEN/ni,LITGE
000217380,En el nombre del padre : historia íntima de una búsqueda,"Villagrán, Fernando",364/VIL/en,LITGE
000217385,Un cuento de navidad,"Sanfuentes, Olaya",Ch863/SAN/cu,INFAN
000217400,Dos más dos son 4,"Pinochet, María Angélica",Ch863/PIN/do,LITCH
000217436,El zen surado : 1965-1972,"Vicuña, Cecilia",Ch861/VIC/ze,LITCH
000217454,Palomita blanca,"Lafourcade, Enrique",Ch863/LAF/pa,JUVEN
000217459,Querido fantasma : (once casos para resolver),"Balcells, Jacqueline",Ch863/BAL/qu,LITCH
000217471,Tantos a quienes querer,"Milicic, Neva",Ch863/MIL/ta,INFAN
000217485,Las aventuras de Sherlock Holmes,"Doyle, Arthur Conan",823/DOY/av,JUVEN
000217698,Qué tal sí---?,"Browne, Anthony",823/BRO/qu,INFAN
000217727,¿Yo y mi gato?,"Kitamura, Satoshi",895.63/KIT/yo,INFAN
000217761,El intenso calor de la luna,"Belli, Gioconda",N863/BEL/in,LITGE
000217794,Poema de Chile,"Mistral, Gabriela",Ch863/MIS/po,LITCH
000217810,La belleza de pensar,"Anguita, Eduardo",Ch868.08/ANG/be,LITCH
000217815,The blessed,"Hurley, Tonya",813/HUR/bl,JUVEN
000217845,Gonzalo Rojas : poemas ilustrados,"Rojas, Gonzalo",Ch861/ROJ/po,LITCH
000217871,El pudor del pornógrafo,"Pauls, Alan",A863/PAU/pu,LITGE
000217888,Swingers,"Collyer, Jaime",Ch863/COL/sw,LITCH
000218011,Reconexion,"Shusterman, Neal",813/SHU/re,JUVEN
000218194,Relatos satíricos,"Bulgakov, Mikhail Afanasévich",891.77/BUL/re,LITGE
000218234,Capitalismo tardío,"Cuevas E., José Ángel",Ch861/CUE/ca,LITCH
000218312,¡Soy una biblioteca!,"Flores, José Luis",Ch863/FLO/so,INFAN
000218327,Érase una vez un hermoso planeta llamado tierra,"Schkolnik, Saúl",Ch863/SCh/er,LITCH
000218332,"Dónde estás, Constanza","Rosasco, José Luis",Ch863/ROS/do,LITCH
000218352,Sky : Encontrar a tu alma gemela puede ser muy peligroso,"Stirling, Joss",823/STI/sk,JUVEN
000218385,Buscando a Alaska,"Green, John",813/GRE/bu,JUVEN
000218434,Los dolores del miembro fantasma : antología poética,"Manns, Patricio",Ch861/MAN/do,LITCH
000218449,La princesa que coleccionaba sapos,"Beuchat, Cecilia",Ch863/BEU/pr,INFAN
000218452,La mandolina y otros cuentos con música,"Machado de Assis, Joaquim Maria",B869.3/MAC/ma,LITGE
000218455,El cielo con las manos,"Giardinelli, Mempo",A863/GIA/ci,LITGE
000218493,Judas Iscariote y otros relatos,"Andreyev, Leonid",891.73/AND/ju,LITGE
000218496,La música de la soledad,"Díaz Eterovic, Ramón",Ch863/DIA/mu,LITCH
000218554,Viaje al centro de la tierra,"Verne, Jules",843/VER/vi,LITGE
000218612,La cocinera de Himmler,"Giesbert, Franz-Olivier",813/GIE/co,LITGE
000218648,La corrupción de un ángel : El mar de la fertilidad (4),"Mishima, Yukio",895.63/MIS/co,LITGE
000218699,Pan y circo : las desventuras de la fauna política chilena,Malaimagen Chile,741.50983/MAL/pa,COMIC
000218705,Allá sopla! : los balleneros I,"Lobos, Themo",741.5973/LOB/al,JUVEN
000218838,Poemas de un bárbaro : 1987-2013,"Sepúlveda, Jesús",Ch861/SEP/po,LITCH
000218921,"Duerme, niño, duerme","Herrera, Laura",Ch863/HER/du,INFAN
000218954,Travesías por el cine chileno y latinoamericano,"Villarroel M., Mónica Villarroel Márquez Coordinadora",791.430983/VIL/tr,LITGE
000218961,La casa del sordo,"Espinosa, Simón Pablo",Ch862/ESP/ca,LITCH
000218967,En medio de ninguna parte,"Coetzee, J. M",S823/COE/en,LITGE
000218970,Sin decir nada,"Ishikawa, Takuboku, o",895.61/ISH/si,LITGE
000218971,Antología de Spoon River,"Masters, Edgar Lee",811/MAS/an,LITGE
000218975,Una ciudad de estatuas y perros María del Carmen Pérez Cuadra,"Pérez Cuadra, María del Carmen",N863/PER/ci,LITGE
000218979,Piratas a babor! : los piratas I,"Lobos, Themo",741.5983/LOB/pi,COMIC
000219023,Te lo dije,"Maxwell, Megan",863/MAX/te,JUVEN
000219184,Autoayuda,"Correa Molina, Matías I",Ch863/COR/au,LITCH
000219195,Lacra : tres recorridos y un destino en torno al capital,"Leonart, Marcelo",Ch863/LEO/la,LITCH
000219196,Racimo,"Zúñiga, Diego",Ch863/ZUÑ/ra,LITCH
000219229,Escondido,"Ferrada, María José",Ch861/FER/es,LITCH
000219267,A la sombra del árbol Kauri,"Lark, Sarah",833/LAR/ka,LITGE
000219298,El viaje del tren amarillo,"Barnes, Kay",625.1/BAR/vi,INFAN
000219324,El camión rojo presta ayuda,"Barnes, Kay",388.41324/BAR/ca,INFAN
000219327,El coche verde está preparado,"Barnes, Kay",388/BAR/co,INFAN
000219394,Insomnia,"Johansson, J. R",813/JOH/in,LITGE
000219401,El resplandor,"King, Stephen",813/KIN/re,JUVEN
000219408,Confieso que he vivido : memorias,"Neruda, Pablo",928.61/NER/co,LITCH
000219432,Vacaciones en el mar,"Flores, Alejandra",A863/FLO/va,INFAN
000219443,Canción de cuna : Sirenas,"Hocking, Amanda",813/HOC/cs,JUVEN
000219445,Fuera de mí,"Draper, Sharon M",813/DRA/fu,LITGE
000219474,Cartas de amor a los muertos,"Dellaira, Ava",813/DEL/ca,JUVEN
000219481,"Mamá, ¿qué es estar enamorada?","Prieto, Verónica",Ch863/PRI/ma,INFAN
000219498,Demian ; La leyenda del rey indio,"Hesse, Hermann",833/HES/de,LITGE
000219523,Código tributario : edición oficial,Chile,343/COD,LITGE
000219571,En llamas,"Collins, Suzanne",813/COL/en,LITGE
000219575,Facsímil : libro de ejercicios,"Zambra, Alejandro",Ch868/ZAM/fa,LITCH
000219595,Solos en la noche : Zamudio y sus asesinos,"Fluxá, Rodrigo",305.90/FLU/so,LITGE
000219656,El éxtasis de Gabriel,"Reynard, Sylvain",C813/REY/ex,LITCH
000219726,Juventud en éxtasis 2,"Sánchez, Carlos Cuauhtémoc",M863/SAN/ju,JUVEN
000219750,Judy Moody : la vuelta al mundo en ocho días y medio,"McDonald, Megan",813/MCD/jvu,LITGE
000219751,Judy Moody es detective,"McDonald, Megan",813/MCD/ju,LITGE
000219926,Seguridad tras las rejas : el deseo del corazón,"Kirkman, Robert",741.5973/KIR/se,COMIC
000219927,Días pasados : dejando todo atrás,"Kirkman, Robert",741.5973/KIR/di,COMIC
000219929,Tierra de magia : La caída,"Hocking, Amanda",813/HOC/ti,JUVEN
000219930,El chico sobre la caja de madera,"Leyson, Leon",940/LEY/Ch,LITGE
000219988,La minga,"Corvalán, Loreto",398.260983/COR/mi,INFAN
000220126,Cuentos clásicos de Perrault,"Perrault, Charles",843/PER/cu,INFAN
000220135,La muerte es una vieja historia,"Rivera Letelier, Hernán",Ch863/RIV/mu,LITCH
000220147,Obra Narrativa : Novelas,"Brunet, Marta",Ch863/BRU/ob,LITCH
000220184,Un viaje inesperado,"Dossetti, Angélica",Ch863/DOS/vi,JUVEN
000220186,Un secreto en mi colegio,"Dossetti, Angélica",Ch863/DOS/se,JUVEN
000220198,El hacedor de juguetes y otros cuentos,"Peña Muñoz, Manuel",Ch863/PEÑ/ha,INFAN
000220200,Florencia en su parque de diversiones,"Pélissier, Claudia",Ch863/PEL/fl,INFAN
000220269,Cómo atrapar una estrella,"Jeffers, Oliver",I823/JEF/co,INFAN
000220415,La ciudad de los césares,"Rojas, Manuel",Ch863/ROJ/ci,JUVEN
000220418,Poema de Mío Cid,Cantar de Mío Cid,861.03/POE/mi,JUVEN
000220478,Días de sangre y resplandor,"Taylor, Laini",813/TAY/di,JUVEN
000220479,Jardín,"Simonetti, Pablo",Ch863/SIM/ja,LITCH
000220652,La máquina del tiempo : [novela gráfica] H. G. Wells,"Davis, Terry",741.5/DAV/ma,JUVEN
000220730,¡Gol!: ¡empieza el campeonato!,"Garlando, Luigi",853/GAR/go,INFAN
000220784,La delicadeza,"Foenkinos, David",843/FOE//de,LITGE
000220835,"Moby Dick, o, La ballena blanca","Melville, Herman",813/MEL/mo,LITGE
000220927,Jacky,"Paz, Marcela",Ch863/PAZ/ja,INFAN
000221007,Humillaciones : cuentos,"Mellado, Marcelo",Ch863/MEL/hu,LITCH
000221032,Los restos,"Keizman, Betina",A863/KEI/re,LITGE
000221057,Muy temprano para Santiago,"Palazuelos, Juan-Agustín",Ch863/PAL/mu,LITCH
000221063,El legado,"Steel, Danielle",813/STE/le,LITGE
000221128,Juntos y solos : antología arbitraria,"Fuguet, Alberto",Ch863/FUG/ju,LITCH
000221146,El Aleph,"Borges, Jorge Luis",A863/BOR/al,LITGE
000221252,Un jardín en Badalpur,"Mourad, Kenizé",843/MOU/ja,LITGE
000221275,El rey Solito,"Estrada, Rafael",863/EST/re,INFAN
000221326,La herencia,"Grisham, John",813/GRI/he,LITGE
000221362,Amor,"Allende, Isabel",Ch863/ALL/am,LITCH
000221472,El pirata Barbasverdes,"Elizalde, Rosario",Ch863/ELI/pi,INFAN
000221517,Requiem,"Oliver, Lauren",813/OLI/re,JUVEN
000221577,El infierno de Gabriel,"Reynard, Sylvain",C813/REY/in,JUVEN
000221660,Una estrella que no se apaga,"Earl, Esther",818/EAR/es,JUVEN
000221671,El pantano de las mariposas,"Axat, Federico",A863/AXA/pa,LITGE
000221705,Cenicienta,Anónimo,863/CEN,INFAN
000221767,Diario de Nikki : una estrella del pop muy poco brillante,"Russell, Rachel Renée",813/RUS/di,JUVEN
000221774,La chica dragón : La herencia de Thuban,"Troisi, Licia",853/TRO/Ch,JUVEN
000221852,Cuentos de los derechos del niño,"Schkolnik, Saúl",Ch863/SCh/cu,JUVEN
000221857,Thor : dioses errantes,"Straczynski, J. Michael",741.5973/STR/tdi,JUVEN
000221867,El vendedor de pájaros,"Rivera Letelier, Hernán",Ch863/RIV/ve,LITCH
000221870,La última lágrima,"Kate, Lauren",813/KAT/ul,JUVEN
000221998,Leal,"Roth, Veronica",813/ROT/le,LITGE
000222004,"El cartero de Neruda, (Ardiente paciencia)","Skármeta, Antonio",Ch863/SKA/ca,LITCH
000222145,El placer del viajero,"McEwan, Ian",823/MCE/pl,LITGE
000222216,Huellas peligrosas,"Hunter, Erin",813/HUN/ga,LITGE
000222234,La increíble historia de Lavinia,"Pitzorno, Bianca",853/PIT/in,JUVEN
000222283,El secreto del fuego,"Mankell, Henning",839.73/MAN/se,LITGE
000222303,Las formas,"Vera, Paula",516.15/VER/fo,INFAN
000222336,QP (éramos nosotros),Power Paola,741.5986/POW/qp,COMIC
000222345,La mala hora,"García Márquez, Gabriel",C863/GAR/ma,LITGE
000222447,Sobre héroes y tumbas,"Sábato, Ernesto R",A863/SAB/so,LITGE
000222492,Defensa del ídolo,"Cáceres, Omar",Ch861/CAC/de,LITCH
000222508,Los raros y otros raros,"Darío, Rubén",809.034/DAR/ra,LITGE
000222534,Calle de las tiendas oscuras,"Modiano, Patrick",843/MOD/ca,LITGE
000222550,En territorio salvaje,"Hunter, Erin",813/HUN/ga,JUVEN
000222644,Fuego de invierno,"Beverley, Jo",823/BEV/fu,LITGE
000222673,Remedios Mágicos y otras aventuras,"Thomson, Emma",823/THO/re,INFAN
000222895,Ciudades de papel,"Green, John",813/GRE/ci,JUVEN
000222959,La música para Clara,"Subercaseaux, Elizabeth",Ch863/SUB/mu,LITCH
000223021,Nostalgia de la Tierra : antología,"Teillier, Jorge",Ch861/TEI/no,LITCH
000223024,Ana : reimaginando el diario de Ana Frank,"Agosín, Marjorie",920.72/FRA/ag,INFAN
000223125,Luchín,"Jara, Víctor",Ch863/JAR/lu,INFAN
000223126,Los surcos inundados,"Rosenmann Taub, David",Ch861/ROS/su,LITCH
000223127,Animalarte,"Ferrada, María José",758.30983/ANI/ar,INFAN
000223128,"Tren de lectura, un viaje, una aventura","Uribe, Verónica, compiladora",808.8/TRE/le,INFAN
000223171,La elegida,"Cass, Kiera",813/CAS/el,JUVEN
000223189,El veraneo y otros horrores,"Lafourcade, Enrique",Ch868/LAF/ve,LITCH
000223321,Incompetentes,"Gutiérrez, Constanza",Ch863/GUT/in,LITCH
000223324,El amante japonés,"Allende, Isabel",Ch863/ALL/am,LITCH
000223329,La señora,"Matus Acuña, Alejandra",Ch863/MAT/se,LITCH
000223478,Una fortuna peligrosa,"Follett, Ken",823/FOL/fo,LITGE
000223524,Precaria : huellas de campamento,"Alcayaga Motta, Francisco Javier",779.0983/ALC/pr,LITCH
000223533,La soberbia juventud,"Simonetti, Pablo",Ch863/SIM/so,LITCH
000223545,El príncipe y el mendigo,"Twain, Mark",813/TWA/pr,LITGE
000223550,Casimir,"Silva Barandica, Juan Manuel",Ch861/SIL/ca,LITCH
000223563,El bulto,"López-Aliaga, Luis",Ch863/LOP/bu,LITCH
000223571,Las nuevas aventuras de super-fideos,"Cuevas Montenegro, Nicolás",741.5983/CUE/nu,COMIC
000223583,"¡Hey, hagamos fanzines!","Cuevas Montenegro, Nicolás",741.652/CUE/he,INFAN
000223657,Alí Babá y los 40 ladrones,"Manning, Matthew K",791.5973/MAN/al,JUVEN
000223672,Diario de Nikki : Una sabelotodo no tan lista,"Russell, Rachel Renée",813/RUS/dsa,JUVEN
000223675,Viaje al centro de la tierra : novela gráfica,"Verne, Jules",843/VER/vi,LITGE
000223781,¿Dónde están mis patatillas?,"Cabezas, Esteban",Ch863/CAB/do,INFAN
000223786,De a dos,"Ferrer, María Teresa",Ch863/FER/de,LITCH
000223851,"¡Papá, tengo miedo!","Geluck, Philippe",843/GEL/pa,LITGE
000223856,El fabricante de risas,"Morel, Alicia",Ch863/MOR/fa,JUVEN
000223866,La nave espacial de Alek,"Marcone, María",853/MAR/na,JUVEN
000223872,La llamada de la selva,"London, Jack",813/LON/ll,LITGE
000223876,"¡Arturo, ordena tu cuarto!",Barroux,843/BAR/aro,LITGE
000223897,El sentido de la vida,"Brenifier, Óscar",155.4/BRE/se,COMIC
000223910,En un rincón del alma,"Corrales, Antonia J",863/COR/as,LITGE
000223970,Los trenes se van al purgatorio,"Rivera Letelier, Hernán",Ch863/LET/tr,LITCH
000224039,Azabache,"Sewell, Anne",823/SEW/az,LITGE
000224047,Cien años de soledad,"García Márquez, Gabriel",C863/GAR/ci,LITGE
000224068,Sumisión,"Houellebecq, Michel",843/HOU/su,LITGE
000224089,Barbie : Una aventura de sirenas 2,"Tillworth, Mary adap",863/BAR/av,INFAN
000224104,Dragoncito y sus amigos,"Repún, Graciela",A863/REP/dr,INFAN
000224126,Sombra de luna,"Hawthorne, Rachel",813/HAW/so,JUVEN
000224151,Colmillo blanco,"London, Jack",813/LON/co,JUVEN
000224183,Amor y otras palabras extrañas,"Mc Cahan, Erin",813/MCC/am,JUVEN
000224218,Ada y su varita,"Pelayo P., Pepe",Cu863/PEL/ad,JUVEN
000224332,Alias el rucio,"Ríos, Mónica",Ch863/RIO/al,LITCH
000224381,Pacha Pulai,"Silva, Hugo",Ch863/SIL/pa,LITCH
000224402,Abuso de sustancias,"Bernstein, Charles",811/BER/ab,LITGE
000224457,Al paraíso le faltas tú!,"Klutier, Gam",741.5/KLU/al,INFAN
000224474,La isla del tesoro,"Stevenson, Robert Louis",823/STE/is,JUVEN
000224524,"Adiós, Mr. Chips!","Hilton, James",823/HIL/ad|,LITGE
000224594,Sitio del suceso II : cuando las letras son la evidencia,"Concurso de Cuentos Policiales o. Santaigo, Chile",Ch863/CON/si,LITCH
000224605,Canto General : manuscritos originales,"Neruda, Pablo",Ch861/NER/ca,LITCH
000224608,"Te cuento mi cuento : 12 ganadores, 88 menciones honrosas",Concurso Te Cuento mi Cuento Chile,Ch863.008/CON/te,INFAN
000224708,¡Hay que salvar a Sole!,"Dossetti, Angélica",Ch863/DOS/ha,LITCH
000224747,El castillo negro en el desierto,"Güiraldes, Ana María",Ch863/GUI/ca,JUVEN
000224798,Las aventuras de Totora,"Solar, Hernán del",Ch863/SOL/av,JUVEN
000224810,El pez dragón,"Buck, Pearl S",813/BUC/pe,LITGE
000224859,Playlist,"González Barnert, Ernesto",Ch861/GON/pl,LITCH
000224865,Gallo de Sócrates,"Yanko, José",Ch861/YAN/ga,LITCH
000224869,Te daría el mundo,"Nelson, Jandy",813/NEL/te,JUVEN
000225069,"Cielo, mar y tierra : poesía y prosa","Mistral, Gabriela",Ch860/MIS/ci,LITCH
000225211,Los miserables de Víctor Hugo : novela gráfica,"Saracino, Luciano",741.5982/HUG/ki,COMIC
000225215,Reino animal: prosa de la tierra,"Mistral, Gabriela",Ch863/MIS/re,LITCH
000225338,El pirata Garrapata,"Muñoz Martín, Juan",863/MUÑ/pij,LITGE
000225348,El fantasma de palacio,"Lobe, Mira",A833/LOB/fa,LITGE
000225377,El jajilé azul,"W lfel, Ursula",833/WOL/ja,INFAN
000225461,La fábrica de nubes,"Sierra i Fabra, Jordi",863/SIE/fa,INFAN
000225484,El ladrón de mentiras,"Santiago, Roberto",863/SAN/la,INFAN
000225684,El disco de Newton,"Simonetti, Marcelo",Ch863/SIM/di,LITCH
000225852,Libertad de movimiento,"Skármeta, Antonio",Ch863/SKA/li,LITCH
000225996,El gran gigante bonachón,"Dahl, Roald",823/DAN/gr,LITGE
000226036,Detras del muro Irma Bettancourt Siggelkow,"Bettancourt Siggelkow, Irma",Ch861/BET/de,LITCH
000226045,Bitácora planetaria : cazadores de eclipses,"Pérez Márquez, Sebastián Ricardo",Ch863/PER/bi,JUVEN
000226127,Fantasmas en la casa rodante,"Silva, María Luisa",Ch863/SIL/fa,LITCH
000226129,Lucía moñitos corazón de melón,"Pelayo P., Pepe",CU863/PEL/lu,INFAN
000226136,Bartolo y los cocodrilos mágicos,"Paredes, Mauricio",Ch863/PAR/bco,INFAN
000226198,La tregua,"Benedetti, Mario",U863/BEN/tr,LITGE
000226199,Santa María 1907 la marcha ha comenzado,"Prado, Pedro",741.5983/PRA/sa,JUVEN
000226205,Adulterio,"Coelho, Paulo",B869.3/COE/ad,LITGE
000226236,Hombres buenos,"Pérez-Reverte, Arturo",863/PER/ho,LITGE
000226303,El chucao,"Willson, Mary",598.8/WIL/Ch,INFAN
000226311,El príncipe cascanueces,"Durán, Carolina, ilustrador",Ch863/DUR/pr,LITCH
000226347,Me miran a la cara,"Sánchez Peláez, Juan",V861/SAN/me,LITGE
000226393,Viaje de Antón Páez a la Ciudad de Los Césares y otros textos,"Prado, Pedro",Ch863/PRA/vi,LITCH
000226405,Teillier crítico,"Fernández Biggs, Braulio",Ch861.09/TEI/cr,LITCH
000226412,Mandalas mapuche : laberintos del cosmos,"Bazzano, Nancy",291.37/BAZ/ma,INFAN
000226425,Décimas a nuestra tierra : un canto campesino,INDAP Chile,Ch861/DEC/an,LITCH
000226470,Alegría y Sofía 3,"Thiers, Daniela",741.5983/THI/al,JUVEN
000226490,"Will Grayson, Will Grayson","Green, John",813/GRA/wi,JUVEN
000226505,Locke & Key : las llaves del reino,"Hill, Joe",741.5973/HIL/la,JUVEN
000226571,Malicia,"Shepard, Sara",813/SHE/ma,JUVEN
000226578,La inteligencia maternal : manual para apoyar la crianza,"Barudy, Jorge",155.6463/BAR/in,LITGE
000226581,El Cuento tradicional chileno : estudio estético y antropológico,"Sepúlveda Llanos, Fidel, compilador",Ch863.008/CUE/tr,LITCH
000226601,Bebés nocturnos,Luna Lockheart,808/BEB/se,INFAN
000226604,Bebés mágicos,Luna Lockheart,808/BEB/ma,INFAN
000226606,"Abecedario : abrir, bailar, comer y otras palabras importantes","Kaufman, Ruth",372.41/KAU/ab,INFAN
000226611,No hay que mirar a los muertos,"Electorat, Mauricio",Ch863/ELE/no,LITCH
000226615,El diablo en el cuerpo,"Radiguet, Raymond",843/RAD/di,LITGE
000226616,El río,"Gómez Morel, Alfredo",Ch863/GOM/ri,LITCH
000226617,Código Chile,"Basso, Carlos",Ch863/BAS/co,LITCH
000226628,Según el orden del tiempo,"Palazuelos, Juan-Agustín",Ch863/PAL7se,LITCH
000226636,Futuro imperfecto,"Fenieux, Alicia",Ch863/FEN/fu,LITCH
000226640,En la luna : pequeño guiñol en cuatro actos y trece cuadros,"Huidobro, Vicente",Ch862/HUI/en,LITCH
000226646,Bonsái,"Nettel, Guadalupe",M863/NET/bo,LITGE
000226655,El palacio de la risa,"Marín, Germán",Ch863/MAR/pa,LITCH
000226681,Virtual hero,El Rubius,741.5946/RUB/vi,JUVEN
000226691,Ropa usada,"Barros, Pía",Ch863/BAR/ro,LITCH
000226693,"Octavio Paz : viajero del presente, otra vuelta","Hozven, Roberto",M860/HOZ/oc,LITGE
000226701,El Caso P,"Gai, José",Ch863/GAI/ca,LITCH
000226705,Nuevas obras de Egon Wolff : 1995-2012,"Wolff, Egon",Ch862/WOL/nu,LITCH
000226716,Bar abierto : antología,"Miranda, Hernán",Ch861/MIR/ba,LITCH
000226719,Insignia,"Kincaid, S. J",813/KIN/in,LITGE
000226723,Felices por siempre jamás,"Perkins, Stephanie",813/PER/fe,LITGE
000226724,Sanctum,"Roux, Madeleine",813/ROU/as,LITGE
000226742,La resta,"Trabucco Zerán, Alia",Ch863/TRA/re,LITCH
000226747,Una especie de espejo : Swift: cuatro ensayos y una nota,"Oyarzún Robles, Pablo",823/SWI/oy,LITGE
000226750,"Charles Street, n.° 44","Steel, Danielle",813/STE/Ch,LITGE
000226758,Los años de Allende : novela gráfica,"Reyes, Carlos",741.5973/REY/añ,JUVEN
000226767,Diccionario de movimientos y grupos literarios chilenos,"Muñoz González, Luis",Ch860.9/MUÑ/di,LITCH
000226768,Luz adjunta : (homenaje a Vicente Huidobro),"Arenas, Braulio",Ch861/ARE/lu,LITCH
000226769,Noche de reyes,"Shakespeare, William",822.33/SHA/no,LITGE
000226777,Concepción en 100 palabras,Concurso Concepción en Palabras,Ch863.008/CON/en,LITCH
000226790,Chile es mar : guía para aprender,"Droguett, Daniela",551.460983/ChI/ma,INFAN
000226794,Reino Animal : poesía,"Mistral, Gabriela",Ch861/MIS/re,INFAN
000226797,El árbol de la memoria,"Teckentrup, Britta",833/TEC/ar,INFAN
000226805,Revistas y publicaciones literarias en dictadura (1973-1990),"Eloy, Horacio",Ch860.5/ELO/re,LITCH
000226833,"(Matilde), la niña invisible","Paredes, Mauricio",Ch863/PAR/ma,INFAN
000226844,Un deseo para Alberto,"Ferrer, María Teresa",Ch863/FER/de,INFAN
000226854,Ingo y Drago,"Lobe, Mira",A833/LOB/in,LITGE
000226887,2011: testimonios de una lucha,"Rojas Varas, Pablo",371/ROJ/do,LITGE
000226899,"Vanguardistas, críticos y experimentales","Galende, Federico",709/GAL/va,LITGE
000226909,Crónicas reunidas (V) : 1936-1937,"Edwards Bello, Joaquín",Ch868/EDW/cr,LITCH
000226913,Misty : la verdad puede resultar inesperadamente peligrosa --,"Stirling, Joss",823/STI/mi,JUVEN
000226914,Mr Mercedes,"King, Stephen",813/KIN/mr,LITGE
000226942,Maze Runner : virus letal,"Dashner, James",813/DAS/mvi,LITGE
000226989,"El mundo del 1%, 0,1% y 0,01%","Fazio Rigazzi, Hugo",339/FAS/mu,LITGE
000226992,Cocoronó kikirisí,"Güiraldes, Ana María",Ch863/GUI/co,LITCH
000226999,La razón de los amantes,"Simonetti, Pablo",Ch863/SIM/ra,LITCH
000227010,Obras Completas,"Bombal, María Luisa",Ch860/BOM/ob,LITCH
000227034,Los increíbles poderes del señor Tanaka,"Gómez, Sergio",Ch863/GOM/in,LITCH
000227070,Barcos que vuelan,"Carrasco B., Paula",Ch863/CAR/ba,INFAN
000227079,Crystal : las almas gemelas pueden ser peligrosamente explosivas,"Stirling, Joss",823/STI/fl,LITGE
000227100,Logia : el enigma de la cuarta carabela,"Ortega, Francisco",Ch863/ORT/lo,LITCH
000227111,Partials : La conexión,"Wells, Dan",813/WEL/pa,LITGE
000227140,Padres e hijos,"Merino, Roberto",Ch864/MER/pa,LITCH
000227197,La maravillosa macedonia,"Cortés Guarachi, Francisca",Ch863/COR/ma,LITCH
000227274,Qué vergüenza,"Flores, Paulina",Ch863/FLO/qu,LITCH
000227296,Amadeo no está solo,"Beuchat Reichardt, Cecilia",Ch863/BEU/am,LITCH
000227313,Blackbird : perseguida,"Carey, Anna",813/CAR/bl,LITGE
000227324,La historia viaja en el metro,"Ulloa Ascencio, Carlos",Ch863/ULL/hi,LITCH
000227340,El hogar de Miss Peregrine para niños peculiares,"Riggs, Ransom",813/RIG/ho,LITGE
000227349,Historia secreta de Chile,"Baradit, Jorge",983/BAR/hi,LITCH
000227400,El nacimiento de las Tribrujas,"Villalón Fuentes, Maga",Ch863/VIL/na,JUVEN
000227406,"""R y M"" investigadores","Díaz Eterovic, Ramón",Ch863/DIA/ry,LITCH
000227434,Bartolo y los cocodrilos mágicos,"Paredes, Mauricio",Ch863/PAR/bco,INFAN
000227480,Tengo un secreto : el diario de Meri,Blue Jeans,863/BLU/te,LITGE
000227506,El tesoro del cementerio,"Pavanello, Roberto",853/PAV/te,JUVEN
000227538,No ficción,"Fuguet, Alberto",Ch863/FUG/no,LITCH
000227539,Virtual hero,El Rubius,741.5946/RUB/vi,COMIC
000227567,La niña de los caracoles,"Rodríguez, Mónica",863/ROD/ni,JUVEN
000227656,Milagro en Haití,"Gumucio Araya, Rafael",Ch863/GUM/mi,LITCH
000227657,El Impostor,"Cercas, Javier",863/CER/im,LITGE
000227731,¿Qué es esto que me pasa?,"Rizzi, Florencia",612.661/RIZ/qu,INFAN
000227747,Ejercicio de supervivencia,"Bertrand Donoso, Sara",Ch863/BER/ej,LITCH
000227748,Neoliberalismo con rostro humano : veinte años después,"Atria Lema tre, Fernando",320.983/ATR/ne,LITGE
000227785,Una mujer sola siempre llama la atención en un pueblo,"Figueroa, Natalia",Ch861/FIG/mu,LITCH
000227792,Cuentan que en el reino de los animales,"Valdivieso, Carolina, compiladora",808.83/CUE/qu,INFAN
000227868,Champion,"Lu, Marie",813/LU/le,JUVEN
000228027,Mala Madre,"Rodríguez, María Paz",Ch863/ROD/ma,LITCH
000228098,Sueño de dioses y monstruos,"Taylor, Laini",813/TAY/su,JUVEN
000228302,Lanchas en la bahía,"Rojas, Manuel",Ch863/ROJ/la,LITCH
000228334,Jinete en la niebla,"Barros, Cristián",Ch863/BAR/ji,LITCH
000228413,En nombre del amor,Sparks Nicholas,813/SPA/no,LITGE
000228423,Lucinda y el inspector Vinagre,"Núñez, Marisa",869/NUN/lu,INFAN
000228514,Lola y el chico de al lado,"Perkins, Stephanie",813/PER/lo,LITGE
000228602,Como agua para chocolate,"Esquivel, Laura",M863/ESQ/co,LITGE
000228663,Sinsajo,"Collins, Suzanne",813/COL/si,LITGE
000228685,Del amor y todo eso,"Villegas, Fernando",Ch864/VIL/de,LITCH
000228779,Población Esperanza,"Aguirre, Isidora",Ch861/AGU/po,LITCH
000228848,Los héroes de verdad andan en micro : hazañas cobardes,"Escudero, Fabián",Ch863/ESC/he,LITCH
000228892,Horizonte vertical : ascensión al Everest,"Jordan Fuchs, Rodrigo",Ch863/JOR/ho,LITCH
000228982,Carrie,"King, Stephen",813/KIN/ca,LITGE
000229049,Genio del pueblo,"Rokha, Pablo de",Ch861/ROK/ge,LITCH
000229066,El país nocturno y enemigo,"Cabello Salazar, César",Ch861/CAB/pa,LITCH
000229075,Justo : una espada contra el imperio,"Bernier, Ángel",741.5983/BER/ju,COMIC
000229471,Jane Eyre,"Bront , Charlotte",823/BRO/ja,INFAN
000229499,Dracula,"Stoker, Bram",I823/STO/dra,LITGE
000229507,Lira popular : Antología,Garceta Ediciones,Ch861/LIR/po,LITCH
000229510,Brindis de la Lira Popular,"Jiménez, Verónica, prologuista",Ch861/BRI/de,LITCH
000229917,Augusto y su sonrisa,"Rayner, Catherine",823/RAY/au,INFAN
000230074,De a dos,"Ferrer, María Teresa",Ch863/FER/de,LITCH
000230153,El corsario negro,"Salgari, Emilio",853/SAL/co,INFAN
000230156,Una joven a la antigua,"Alcott, Louisa May",813/ALC/jo,JUVEN
000230230,El espantapajaros con corazon,"Alegría Ramírez, Gloria A",Ch863/ALE/es,INFAN
000230259,El club de los corazones solitarios,"Eulberg, Elizabeth",813/EUL/cl,JUVEN
000230311,Manual para robar en el supermercado,"Hidalgo, Daniel",Ch863/HID/ma,LITCH
000230342,Hombrecitos,"Alcott, Louisa May",813/ALC/ho,LITGE
000230369,La mujer infinita,"Valenzuela, José Ignacio",Ch863/VAL/mu,LITCH
000230374,Franny K. Stein : el tiempo todo lo-cura,"Benton, Jim -",813/BEN/fr,LITCH
000230379,El metrogoldin,"Rosasco, José Luis",Ch863/ROS/me,LITCH
000230405,Un embrujo de siglos,"Güiraldes, Ana María",Ch863/GUI/em,LITCH
000230481,"Mi abuela, la loca","Valenzuela, José Ignacio",Ch863/VAL/mi,LITCH
000230487,Bodas de sangre ; Romancero gitano : textos íntegros,"García Lorca, Federico",862/GAR/bo,LITGE
000230513,Cuentos chilenos,"Santa Cruz Ossa, Blanca, m",Ch863/SAN/cu,JUVEN
000230556,Eres un vampiro y otros cuentos,"Herbas, Alejandra",Ch863/HER/er,LITCH
000230576,Las mil y una noche,Prólogo Teresa Rhode,892.73/MIL/no,LITGE
000230608,Por la razón o la fuerza : nuestra historia con Star Wars,"Ortega, Francisco",Ch863/ORT/po,LITCH
000230609,Malaluna,"Valenzuela, José Ignacio",Ch863/VAL/ma,JUVEN
000230747,Lucila Gabriela : La voz de la maestra,"Orellana Rivera, María Isabel",Ch861.09/MIS/or,LITCH
000230766,Triage,"Alvarado Barría, Patricio",Ch868/ALV/tr,LITCH
000230939,Obra completa,"Shakespeare, William",822.33/SHA/obtr,LITGE
000230982,Poesía,"Vega, Garcilaso de la",861/VEG/po,LITGE
000231007,Antes de volver a caer,"Valenzuela León, Camila",Ch863/VAL/an,LITCH
000231008,100writingdays = Cien días escribiendo,"Solar, Francisca",Ch863/SOL/on,LITCH
000231040,Diez negritos,"Christie, Agatha",823/ChR/di,LITGE
000231113,No te ama,"Gutiérrez, Camila",Ch863/GUT/no,JUVEN
000231126,Tu vida rompiéndose,"Zurita, Raúl, prol",Ch861.0/ZUR/tu,LITCH
000231145,El secreto de Gray Mountain,"Grisham, John",813/GRI/se,LITGE
000231166,Tierra del Fuego,"Coloane, Francisco",Ch863/COL/ti,LITCH
000231172,El dios del desierto,"Smith, Wilbur",823/SMI/di,LITGE
000231399,Mujer busca mujer,"Godoy Fuenzalida, Constanza Eugenia",Ch863/GOD/mu,LITCH
000231402,De familia en familia,"Nesis, José",306.85/NES/de,INFAN
000231445,Chilean electric,"Fernández, Nona",Ch863/FER/Ch,LITCH
000231556,Las cosas que pasan por el corazón,"Kirby, Jessi",813/KIR/co,LITGE
000231649,Pánico,"Oliver, Lauren",813/OLI/pa,LITGE
000231686,Diario de Greg : carretera y manta,"Kinney, Jeff",813/KIN/di,JUVEN
000231688,Diario de Greg : vieja escuela,"Kinney, Jeff",813/KIN/di,JUVEN
000231758,Cuentos mapuches del lago Escondido,"Gallegos Abarca, Manuel, compilador",898.3/CUE/ma,JUVEN
000231791,Yatagán,"Dünkler, Gloria",Ch861/DUN/ya,LITCH
000231858,Little Nemo : regreso al país de los sueños,"Shanower, Eric",741.5973/SHA/li,COMIC
000231869,El abrazo de las tinieblas,"Rhodes, Morgan",C813/RHO/ab,LITGE
000231944,Retrocometa,"Montealegre Latorre, Pedro",Ch861/MON/re,LITCH
000231952,Desconexión,"Shusterman, Neal",813/SHU/de,JUVEN
000232006,Sudor,"Fuguet, Alberto",Ch863/FUG/su,LITCH
000232019,Joyland,"King, Stephen",813/KIN/jo,LITGE
000232066,El castillo negro en el desierto,"Güiraldes, Ana María",Ch863/GUI/ca,LITCH
000232205,El delfín chileno,"García J., Bernardita",599.53/GAR/de,INFAN
000232253,Ámbar quiere buenas notas,"Danziger, Paula",813/DAN/am,LITGE
000232433,Cuartos oscuros,"Marchant Lazcano, Jorge",Ch863/MAR/cu,LITCH
000232535,Química hasta en la sopa,"Fucito, Silvana",540.054/FUC/qu,JUVEN
000232590,El juego infinito,"Dashner, James",813/DAS/ju,JUVEN
000232679,Tierras blancas : la civilización perdida,"Vilches A., Alejandro",Ch863/VIL/ti,LITCH
000232694,Huáscar,"Tromben, Carlos",Ch863/TRO/hu,LITCH
000232836,Revival,"King, Stephen",813/KIN/re,LITGE
000232842,Bajo la luna de Hawai,"Wood, Barbara",823/WOO/ba,LITGE
000232855,La niña que contaba,"Romanyshyn, Romana",891.73/ROM/ni,INFAN
000232914,En Jauja la Megistrú,"Blanco, Guillermo",Ch863/BLA/en,LITCH
000232916,Edipo Rey ; Antígona ; Electra,"Sófocles, - a. C",882/SOF/ed,JUVEN
000233022,Invierno en Madrid,"Sansom, C. J",823/SAN/in,LITGE
000233041,La bruja aguja y más historias,"Güiraldes, Ana María",Ch863/GUI/br,LITCH
000233042,Más fábulas,Esopo,398.245/MAS/fa,INFAN
000233048,Jirafo : el gato que quería alcanzar la luna,"Yagnam, Myriam",Ch863/YAG/ji,LITCH
000233058,Caco y la turu,"Carvajal, Víctor",Ch863/CAR/ca,LITCH
000233075,La bruja bella y el solitario,"Río, Ana María del",Ch863/RIO/br,LITCH
000233078,Ay cuánto me vuelvo a querer!,"Paredes, Mauricio",Ch863/PAR/ay,INFAN
000233089,Finis Mundi,"Gallego García, Laura",863/GAL/fi,LITGE
000233128,Hijo de ladrón : la novela gráfica,"Morales, Christian",741.5983/MOR/hi,COMIC
000233144,Fuga del paraíso,"Cardoch Zedán, Branny",Ch863/CAR/fu,LITCH
000233151,Antología de las obras completas de Pablo de Rokha,"Rokha, Pablo de",Ch861/ROK/an,LITCH
000233153,Veinte poemas de amor y una canción desesperada,"Neruda, Pablo",Ch861/NER/ve,LITCH
000233184,Ay cuánto me quiero!,"Paredes, Mauricio",Ch863/PAR/ay,INFAN
000233351,El último adiós,"Morton, Kate",A823/MOR/ul,LITGE
000233356,En los zapatos de Valeria,"Benavent, Elísabet",863/BEN/za,LITGE
000233386,El taller de las ilusiones,"Tong Cuong, Valerie",843/TON/ta,LITGE
000233474,Historia con dos gatas y otras historias,"Brunet, Marta",Ch863/BRU/hi,INFAN
000233547,"Assassin's creed : la cruzada secreta : la historia jamás contada de Altair, el maestro asesino","Bowden, Oliver",823/BOW/as,JUVEN
000233551,Assassin's creed : renaissance,"Bowden, Oliver",823/BOW/as,JUVEN
000233555,Assassin's creed : la hermandad,"Bowden, Oliver",823/BOW/as,JUVEN
000233593,El misterioso caso de los Juegos Olimpicos,"Stilton, Geronimo",853/MIS/ca,JUVEN
000233602,Mateo y el miedo a la oscuridad,"Bernárdez, Andrea",A863/BER/ma,INFAN
000233684,Siddhartha ; Alma de niño,"Hesse, Hermann",833/HES/si,JUVEN
000233690,#Chupaelperro : uno que otro consejo,"Garmendia, Germán",Ch868/GAR/Ch,JUVEN
000233691,Los tres mosqueteros,"Dumas, Alexandre",843/DUM/tr,LITGE
000233738,Subterra : Carlitos,"Lillo, Baldomero",Ch863/LIL/su,LITCH
000233758,Partials : Ruinas,"Wells, Dan",813WEL/pa,LITGE
000233763,El crimen de la calle Bambi,"Solar, Hernán del",Ch863/SOL/cr,JUVEN
000233788,Emilia y la aguja envenenada,"Balcells, Jacqueline",Ch863/BAL/ema,INFAN
000233935,En busca de un amiguito,Anónimo,591.73/ENB/am,INFAN
000233957,El caso del futbolista enmascarado,"Schlaen, Carlos",A863/SCh/ca,JUVEN
000233959,Nunca seremos estrellas del rock,"Sierra i Fabra, Jordi",863/SIE/nu,JUVEN
000233966,El Caleuche,"Petit, Magdalena",Ch863/PET/ca,JUVEN
000233981,El regreso a la Maravillosa Macedonia,"Cortés Guarachi, Francisca",Ch863/COR/re,LITCH
000233993,La confianza es -- contar contigo,"Schulz, Charles M., Charlie Brown",808.882/SCh/co,INFAN
000234042,Kylie Jean : reina del baile,"Peschke, Marci",813/PES/kba,INFAN
000234043,Un esqueleto en vacaciones,"Río, Ana María del",Ch863/RIO/es,INFAN
000234044,Kylie Jean : reina de los cupcakes,"Peschke, Marci",813/PES/kcu,INFAN
000234048,Colmillo blanco,"London, Jack",813/LON/co,JUVEN
000234079,Sabor a Ti,"Roberts, Nora",813/ROB/sa,LITGE
000234102,El retrato de Dorian Gray : [novela gráfica],"Morhain, Jorge C",741.5973/MOR/re,INFAN
000234135,Inmuebles : obra reunida [2000-2011],"Barrera Calderón, Gustavo",Ch861/BAR/in,LITCH
000234148,El teorema Katherine,"Green, John",813/GRE/te,JUVEN
000234149,El secreto de la cueva negra,"Pelayo P., Pepe",Cu863/PEL/se,LITGE
000234170,Mantra de remos,"Carrasco, Germán",Ch861/CAR/ma,LITCH
000234181,Rebeldes,"Hinton, Susan E",813/HIN/re,JUVEN
000234184,Pensando a Chile : una visión esencial sobre nuestra identidad,"Mistral, Gabriela",Ch868/MIS/pe,LITCH
000234198,Mago y cristal : La torre oscura IV,"King, Stephen",813/KIN/to,LITGE
000234205,Los dominios de Venus : antología de novelas eróticas,"Latouche, Gervaise de",843/DOM/ve,LITGE
000234209,Las tres tragedias del lamparero alucinado!,"Remenyik, Zsigmond",894.511/REM/tr,LITGE
000234260,La muerte tiene olor a pachulí,"Rivera Letelier, Hernán",Ch863/RIV/mu,LITCH
000234285,"Odette, hija de la Revolución Francesa","Balcells, Jacqueline",Ch863/BAL/od,INFAN
000234298,El lugar más bonito del mundo,"Cameron, Ann",813/CAM/lu,INFAN
000234299,Otto es un rinoceronte,"Lund Kirkegaard, Ole",839.713/LUN/ot,LITGE
000234326,La cama mágica de Bartolo,"Paredes, Mauricio",Ch863/PAR/ca,INFAN
000234327,El cuaderno de Mayra,"Parra, Marco Antonio de la",Ch863/PAR/cu,LITCH
000234385,Discursos desde la juventud contemporánea,"Bley, Álvaro",Ch863/BLE/di,LITCH
000234408,Judy Moody es doctora!,"McDonald, Megan",813/MCD/ju,LITGE
000234494,Vegetales divertidos : canapés de vegetales combinados,"Stepanova, Iryna",641.5622/STE/ve,INFAN
000234510,Silabario hispano americano,"Dufflocq Galdames, Adrián",372.41/DUF/si,INFAN
000234513,Maravilloso error,"McGuire, Jamie",813/MCG/ma,LITGE
000234620,Masones & Libertadores : el amanecer de la república,"Parra, Waldo L",Ch863/PAR/ma,LITCH
000234628,Álbum familiar,"Bertrand Donoso, Sara",Ch863/BER/al,LITCH
000234633,Un mundo feliz,"Huxley, Aldous",823/HUX/mu,LITGE
000234644,Scarlets,"Roux, Madeleine",813/ROU/as,LITGE
000234655,Asylum,"Roux, Madeleine",813/ROU/as,JUVEN
000234663,El asesinato de la profesora de lengua,"Sierra i Fabra, Jordi",863/SIE/asl,JUVEN
000234680,3l 4s3s1n4to d3l prof3sor d3 m4t3m4t1c4s,"Sierra i Fabra, Jordi",863/SIE/as,JUVEN
000234688,El libro de la selva [novela gráfica],"Bowen, Carl",741.5973/BOW/li,JUVEN
000234694,Viaje al centro de la tierra,"Worth Miller, Davis",741.5973/WOR/vi,COMIC
000234698,Teseo y el Minotauro [novela gráfica],"Yomtov, Nel",741.5973/YOM/te,INFAN
000234732,Cuentos eróticos,"Sade, Marquis de",843/SAD/cu,LITGE
000234765,Sandokán [novela gráfica],"Morini, Manuel",741.5982/MOR/sa,JUVEN
000234768,Por amor a la pelota : once cracks de la ficción futbolera,"Almada, Selva",H863.008/POR/am,LITGE
000234891,La contadora de películas,"Rivera Letelier, Hernán",Ch863/RIV/co,LITCH
000234916,Entremareas : la cueca larga del litoral de Chile,"Carmona Fontaine, María José",Ch861/CAR/en,INFAN
000235040,La sangre del olimpo,"Riordan, Rick",813/RIO/sa,JUVEN
000235050,Posdata: te quiero,"Ahern, Cecelia",I823/AHE/po,LITGE
000235061,Robbie y otros relatos,"Asimov, Isaac",813/ASI/ro,LITGE
000235077,La vida de los elfos,"Barbery, Muriel",843/BAR/vi,LITGE
000235105,Cuentos de animales contentos,"Güiraldes, Ana María",Ch863/GUI/cu,LITCH
000235121,El club del arco iris,"Aubrey, Annette",813/AUB/cl,INFAN
000235125,Condorito,Pepo,741.5983/PEP/co,COMIC
000235133,René o la mecánica celeste,"Cáceres, Jorge",Ch861/CAC/re,LITCH
000235139,La abuela,"H rtling, Peter",833/HAR/ab,LITGE
000235227,"Chile Gay : testimonios de vida, amor y dolor","Hoz, Juan Pablo de la",306.7660983/DEL/Ch,GENER
000235237,Algo tan sencillo como tuitear te quiero,Blue Jeans,863/BLU/al,LITGE
000235247,Recado confidencial a los chilenos,"Chihuailaf, Elicura",980.43/ChI/re,LITCH
000235261,Deva : los dioses de Tiamat,"Pellizzari, Salvatore",Ch863/PEL/de,LITCH
000235277,La barrera del pudor,"Simonetti, Pablo",Ch863/SIM/ba,LITCH
000235408,Batman : Batman inc,"Morrison, Grant",741.59411/MOR/ba,JUVEN
000235414,Batman : una muerte en la familia,"Starlin, Jim",741.5973/STA/ba,JUVEN
000235428,Kaap hoorn,"Coloane, Francisco",Ch863/COL/ka,LITCH
000235443,Afuera es noche,"Délano, Poli",Ch863/DEL/af,LITCH
000235467,Valeria en el espejo,"Benavent, Elísabet",863/BEN/va,LITGE
000235475,La borra del café,"Benedetti, Mario",U863/BEN/bo,LITGE
000235491,Chile : plantas alimentarias prehispánicas,"Pardo B., Oriana",581/PAR/Ch,LITGE
000235512,A esta altura de la bajeza : humor,"Josseau, Fernando",Ch863/JOS/ae,LITCH
000235531,Gracia y el forastero,"Blanco, Guillermo",Ch863/BLA/gr,JUVEN
000235540,Cuando te encuentre,Sparks Nicholas,813/SPA/cu,LITGE
000235573,El profeta rojo,"Card, Orson Scott",813/CAR/pr,LITGE
000235578,El día de Manuel,"Ferrada, María José",Ch863/FER/di,INFAN
000235584,Hija de la fortuna,"Allende, Isabel",Ch863/ALL/hi,LITCH
000235609,Ciudad del fuego celestial,"Clare, Cassandra",813/CLA/ci,LITGE
000235627,"Dos novelas : El que merodea en la lluvia, Los ojos del diablo","Correa, Hugo",Ch863/COR/do,LITCH
000235695,"Adivinanzas : colmos, juegos, trabalenguas","Rutschi, Nenina",796.734/RUT/ad,INFAN
000235742,Cinco esquinas,"Vargas Llosa, Mario",Pe863/VAR/ci,LITGE
000235745,Pinocho [novela gráfica],"Powell, Martin",741.5973/POW/pi,INFAN
000235813,Los que están en peligro,"Smith, Wilbur",823/SMI/lo,LITGE
000235831,Locke & Key : engranajes,"Hill, Joe",741.5973/HIL/len,COMIC
000235834,La polilla del baúl,"Carvajal, Mario",Ch861/CAR/pol,INFAN
000235960,El nacimiento de la hebra,"Marchant, Julieta",Ch861/MAR/na,LITCH
000235968,Caballo de Troya 1: Jerusalén,"Benítez, J. J",863/BEN/ca,LITGE
000236062,Un mal nombre,"Ferrante, Elena",853/FER/ma,LITGE
000236079,Los miserables,"Hugo, Víctor",843/HUG/mi,LITGE
000236099,El matón que soñaba con un lugar en el paraíso,"Jonasson, Jonas",649.51/VAL/ja,INFAN
000236205,Confesiones de una máscara,"Mishima, Yukio",895.63/MIS/co,LITGE
000236221,Mi hermano árbol,"Gómez, Sergio",Ch863/GOM/mi,INFAN
000236272,Las ballenas cautivas,"Villanes Cairo, Carlos",Pe863/VIL/ba,INFAN
000236326,Juventud en éxtasis,"Sánchez, Carlos Cuauhtémoc",M863/SAN/ju,LITGE
000236431,Tal como somos,"Sparks, Nicholas",813/SPA/ta,LITGE
000236444,Andinia : la catedral antártica,"Ortega, Francisco",Ch863/ORT/an,LITCH
000236456,El silencio del asesino,"López Narváez, Concha",863/LOP/si,LITGE
000236463,Huida a Canadá,"Smucker, Barbara",813/SMU/hu,INFAN
000236472,El segundo piso : un ejercicio de memoria,"Ottone F., Ernesto",335.50983/OTT/se,JUVEN
000236473,Mi diario : todos mis secretos y mis sueños,Editorial Planeta,Ch863/BIS/br,LITCH
000236560,Edipo Rey ; Antígona ; Electra,Sófocles,882/SOF/ed,LITGE
000236799,La cabaña en el árbol,"Cross, Gillian",823/CRO/ca,LITGE
000236856,El terrible problema de Murciélago,"Crespo, Elsa María",E863/CRE/te,LITGE
000236956,Mi hermano gigante,"Paredes, Mauricio",Ch863/PAR/mi,INFAN
000237106,La mentira,"Roberts, Nora",813/ROB/me,JUVEN
000237113,Barcos que vuelan,"Carrasco B., Paula",Ch863/CAR/ba,LITCH
000237131,Adverbios terminados en mente,"Anwandter, Andrés",Ch861/ANW/ad,LITGE
000237173,Ay cuánto me vuelvo a querer!,"Paredes, Mauricio",Ch863/PAR/ay,INFAN
000237233,Zombie,"Wilson Reginato, Mike",A863/WIL/zo,JUVEN
000237417,Poesía reunida,"Lavín, Alejandro",Ch861/LAV/po,LITCH
000237419,Leopoldo Flores Lastra : la vida... un tiempo para crear y reír,"Flores Lastra, Leopoldo",Ch862/FLO/le,LITCH
000237435,Trilogía dramática : dramaturgia tarapaqueña,"Ward, Guillermo",Ch862/WAR/tr,LITCH
000237441,"Sembradores de letras : poesía, cuentos y tradiciones",Sociedad de Escritores de SanClemente,Ch863/SOC/se,LITCH
000237475,No toques a mi madre,"Mestron, Hervé",843/MES/no,JUVEN
000237483,El peregrino de la gran ansia,"Serrano, Miguel",Ch864/SER/pe,LITCH
000237490,Días eternos : Libro I de la reina vampira,"Maizel, Rebecca",813/MAI/di,LITGE
000237508,Oscuridad inmortal,"Tiernan, Cate",813/TIE/os,LITGE
000237510,Amor inmortal,"Tiernan, Cate",813/TIE/am,LITGE
000237513,Lolita Butterfly : Alérgica al campo,"Iribertegui, Idoia",863/IRI/al,JUVEN
000237517,Max Flash misión 4 : peligro extremo,"Zucker, Jonny",823/ZUC/ma,JUVEN
000237575,Cuentos para la hora de soñar con la pandilla selvática,"Cinetto, Liliana",A863/CIN/cu,LITGE
000237577,El infierno de las muñecas,"Valenzuela, José Ignacio",Ch863/VAL/in,LITCH
000237598,El pájaro de fuego,"Bertrand Donoso, Sara",Ch863/BER/pa,LITCH
000237606,Relatos de una mujer borracha,"Cañas, Martina",Ch863/CAÑ/re,JUVEN
000237683,A sol y a sombra : selección antológica (1967-2015),"Silva Acevedo, Manuel",Ch861/SIL/so,LITCH
000237689,El principito,"Saint-Exupéry, Antoine de",843/SAI/pr,INFAN
000237719,El hombre lobo de Quilicura,"Pelayo P., Pepe",Cu863/PEL/ho,INFAN
000237749,Quién soy yo para juzgar?,"Río Mena, Carolina del",261.835766/RIO/qu,GENER
000237758,Los saqueadores de sueños,"Stiefvater, Maggie",813/STI/ra,LITGE
000237762,El tercer durmiente,"Stiefvater, Maggie",813/STI/ra,JUVEN
000237769,La selección,"Cass, Kiera",813/CAS/se,LITGE
000237770,El diario secreto de Lucas,"Díaz, Jorge",Ch863/DIA/di,LITCH
000237806,Prosas infiltradas,"Edwards, Jorge",Ch864/EDW/pr,LITCH
000237870,El dedo mágico,"Dahl, Roald",823/DAH/de,INFAN
000237876,La tierra hundida,"Truffello, Patricia",Ch863/TRU/ti,LITCH
000237879,Rompecabezas,"Maquieira, María Fernanda",A863/MAQ/ro,JUVEN
000237883,El pajarico de San Nicolás y más des-cuentos,"Freire, Antonio",Ch863/FRE/pa,LITCH
000237897,Sueños y bombones y otras aventuras,"Thomson, Emma",823/THO/va,INFAN
000237901,Segundo curso en Santa Clara,"Blyton, Enid",823/BLY/se,LITGE
000237944,Los cretinos,"Dahl, Roald",823/DAH/cr,LITGE
000237970,El misterio del loro rapero,"Sierra i Fabra, Jordi",863/SIE/mi,JUVEN
000237972,El misterio del videojuego asesino,"Sierra i Fabra, Jordi",863/SIE/mis,JUVEN
000237979,Trilogía africana,"Achebe, Chinua",813/ACh/tr,LITGE
000238055,Odas elementales,"Neruda, Pablo",Ch861/NER/od,LITCH
000238092,Agu trot,"Dahl, Roald",823/DAH/ag,LITGE
000238110,Amadeo va al colegio,"Beuchat, Cecilia",Ch863/BEU/am,LITCH
000238126,La leyenda del rey errante,"Gallego García, Laura",863/GAL/le,LITGE
000238211,El príncipe y el mendigo,"Twain, Mark",813/TWA/pr,JUVEN
000238224,El misterio de la cañada,"Jordán Jiménez, Felipe",Ch863/JOR/mi,INFAN
000238247,Autopsia : ¿de qué se murió la elite chilena?,"Mayol, Alberto",303.30983/MAY/au,JUVEN
000238249,Sueño de una noche de verano,"Shakespeare, William",822.33/SHA/su,LITGE
000238388,"Quidora, joven mapuche","Balcells, Jacqueline",Ch863/BAL/qu,JUVEN
000238424,El guardián entre el centeno,"Salinger, Jerome David",813/SAL/gu,JUVEN
000238430,El mar de los monstruos,"Riordan, Rick",813/RIO/ma,JUVEN
000238479,Fangirl,"Rowell, Rainbow",813/ROW/fa,JUVEN
000238484,El jardín olvidado,"Morton, Kate",A823/MOR/ja,LITGE
000238505,El psicoanalista,"Katzenbach, John",813/KAT/ps,LITGE
000238519,Cress : crónicas lunares : Libro tres,"Meyer, Marissa",813/MEY/cr,JUVEN
000238547,Deadfall : atrapada,"Carey, Anna",813/CAR/de,LITGE
000238651,La tregua,"Benedetti, Mario",U863/BER/tr,LITGE
000238663,El fantasma del doctor Tufo,"Pavanello, Roberto",853/PAV/fa,LITGE
000238692,El hogar de Miss Peregrine para niños peculiares,"Riggs, Ransom",813/RIG/ho,LITGE
000238700,Año uno,"Miller, Frank",741.50983/MIL/ba,JUVEN
000238851,Juana y la cibernética : Elena Aldunate,"Aldunate, María Elena",Ch863/ALD/ju,LITCH
000238873,La heredera,"Cass, Kiera",813/CAS/he,JUVEN
000238878,Yo estuve aquí,"Forman, Gayle",813/FOR/yo,JUVEN
000238900,El hilo rojo,"Halvorsen, Erika",A863/HAL/hi,LITGE
000238941,Antes de perder la memoria,"Jiménez, Ana María",Ch866/JIM/an,LITCH
000239000,La barcarola,"Neruda, Pablo",Ch861/NER/ba,LITCH
000239015,Símón,"Álvarez Rivera, Verónica",A863/ALV/si,INFAN
000239121,La reina roja,"Aveyard, Victoria",813/AVE/re,JUVEN
000239134,La viuda,"Barton, Fiona",823/BAR/vi,LITGE
000239138,"Se busca! : Lili la liebre, ladrona de libros","MacKenzie, Emily",823/MAC/se,INFAN
000239141,Play,"Ruescas, Javier",863/RUE/pl,LITGE
000239155,Manía,"Johansson, J. R",813/JOH/ma,LITGE
000239157,Como pez en el árbol,"Mullaly Hunt, Lynda",813/MUL/co,JUVEN
000239175,Nerve : un juego sin reglas,"Ryan, Jeanne",813/RYA/ne,JUVEN
000239181,Cuando Hitler robó el conejo rosa,"Kerr, Judith",833/KER/cu,LITGE
000239186,Nancy,"Lloret, Bruno",Ch863/LLO/na,LITCH
000239206,Daringham Hall,"Taylor, Kathryn",833/TAY/da,JUVEN
000239215,"Gabriela Mistral : 70 años del Nobel, antología ciudadana","Acosta, Alejandra",Ch861/MIS/se,LITCH
000239239,El punto ciego,"Cercas, Javier",868/CER/pu,LITGE
000239245,Mi primer atlas ilustrado de Chile,"Carvajal, Victor",912.63/CAR/mi,INFAN
000239271,No quiero crecer : cómo superar el miedo a ser grande,"Sordo, Pilar",155.5/SOR/no,GENER
000239325,"Quique Hache, detective : el misterio de Santiago","Martínez, Gonzalo",741.5983/GOM/qu,COMIC
000239349,"Quique Hache, detective : el misterio del arquero desaparecido","Gómez, Sergio",741.5983/GOM/qm,COMIC
000239443,Assassin's creed: Black flag,"Bowden, Oliver",823/BOW/as,LITGE
000239453,No abuses de este libro,Natichuleta,741.50983/NAT/no,COMIC
000239490,Memoria de la carne,"Ayenao Lagos, Pablo",Ch863/AYE/me,LITCH
000239511,Por los puntos,"Sanchez, Fernando",A863/SAN/po,INFAN
000239519,Kylie Jean: reina del canto,"Peschke, Marci",813/PES/krc,INFAN
000239584,Novela,"Sauré Costa, Pierre",Ch862/SAU/no,LITCH
000239633,Domingo,"Berbelagua, Natalia",Ch863/BER/do,LITCH
000239637,Esta parcela,"Santa Cruz, Guadalupe",Ch863/SAN/es,LITCH
000239651,Obituario,"Gallardo, Andrés",Ch868/GAL/ob,LITCH
000239662,País insomnio,"Véjar, Francisco",Ch861/VEJ/pa,LITCH
000239663,La Manoseada,"Parra, Sergio",Ch861/PAR/ma,LITCH
000239665,El frío e impersonal mundo de la poesía,"Contreras, Gonzalo",Ch861/CON/fr,LITCH
000239668,Thomas el impostor,"Cocteau, Jean",843/COC/th,LITGE
000239681,En la casa del lado,"Covacevich, Catalina",Ch863/COV/en,INFAN
000239682,Si decido quedarme,"Forman, Gayle",813/FOR/si,LITGE
000239704,Vida pasión y muerte de Violeta Parra,"Parra, Roberto",Ch861/PAR/vi 2014,LITCH
000239731,Las deudas del cuerpo,"Ferrante, Elena",853/FER/de,LITGE
000239748,Aislados : una historia en el mundo de Partials,"Wells, Dan",813/WEL/pa,LITGE
000239770,Rebelión en la granja,"Orwell, George",823/ORW/re,JUVEN
000239800,Querido fantasma : (once casos para resolver),"Balcells, Jacqueline",Ch863/BAL/qu,INFAN
000239876,La Reina Isabel cantaba rancheras,"Rivera Letelier, Hernán",Ch863/RIV/re,LITCH
000239922,Fantasmas de día,"Baquedano, Lucía",863/BAQ/fa,JUVEN
000239933,El traductor,"Martínez Wilson, Guillermo",Ch863/MAR/tr,LITCH
000239952,Falso positivo,"Kalawski, Andrés",Ch861/KAL/fa,LITCH
000239957,1985,"Fariña, Soledad",Ch861/FAR/mi,LITGE
000240058,Las ventajas de ser invisible : [somos infinitos],"Chbosky, Stephen",813/ChB/ve,JUVEN
000240062,León y el carnaval de la vida,"Rojas García, Beatriz",Ch863/ROJ/le,LITCH
000240065,Poesía reunida,"Calderón, Boris",809.1/CAL/po,LITGE
000240071,Legend,"Lu, Marie",813/LU/le,JUVEN
000240074,El chiflón del diablo y otros cuentos,"Lillo, Baldomero",Ch863/LIL/Ch,LITCH
000240079,El imperio de los sentimientos : obra reunida,"Silva, Antonio",Ch861/SIL/im,LITCH
000240091,Antología inicial,"Elytes, Odysseas",889.1/ELY/an,LITGE
000240094,Nada más que nostalgia,"Riveros, Jaime",Ch863/RIV/na,LITCH
000240095,Ni tallo ni renuevo,"Rubio, Alberto",Ch861/RUB/ni,LITCH
000240170,Yin Yin : (Juan Miguel Godoy Mendoza),"Zegers Blachet, Pedro Pablo",Ch861/YIN/yi,LITCH
000240172,Pascua : siete círculos para una genealogía de la violencia,"Leonart, Marcelo",Ch863/LEO/pa,LITCH
000240174,Locke & Key : alfa & omega,"Hill, Joe",741.5973/HIL/lal,COMIC
000240183,"Pedro Ivanovic, terrorista","Rivano, Luis",Ch863/RIV/pe,LITCH
000240185,La forma de los muros,"Harris, Thomas",Ch861/HAR/fo,LITCH
000240194,Viajes a la belleza del espíritu,"Matamala Elorz, Roberto",Ch862/MAT/vi,LITCH
000240216,Assassin's creed : 2 : Aquilus,Corbeyran,741.5944/COR/asa,JUVEN
000240222,Assassin's creed : 1 : Desmond,Corbeyran,741.5944/COR/asd,JUVEN
000240225,"De Chile al mundo, 70 años del Premio Nobel de Gabriela Mistral","Agosín, Marjorie",Ch861/DEC/m,LITCH
000240226,Corazón de obsidiana : libro 1 : aire,"Barros, María José",741.5983/BAR/co,COMIC
000240233,La destrucción del mundo interior,"Santander Leal, Juan",Ch861/SAN/de,LITCH
000240236,Fractal,"Lacroix, Pablo",Ch861/LAC/fr,LITCH
000240247,Neruda : memoria crepitante,"Vidal, Virginia",Ch861/NER/vi,LITCH
000240256,Crítica literaria y teoría cultural en América Latina,"Parra Triana, Clara María compiladora",H860.9/CRI/li,LITGE
000240279,Historia del uno,"Uribe, María de la Luz",Ch863//URI/hi,INFAN
000240281,Alabama,"Cruz P., Fernando",Ch863/CRU/al,LITCH
000240282,Los príncipes del Antigua Corte,"Caragiale, Mateiu",859.3/CAR/pr,LITGE
000240289,Los mejores relatos de terror llevados al cine : antología,"Stevenson, Robert Louis",808.83/MEJ/re,LITGE
000240310,"José Donoso : paisajes, rutas y fugas","Schoennenbeck, Sebastián",Ch860.9/DON/sc,LITCH
000240337,Cántico del sol : antología,"Pound, Ezra",811/POU/ca,LITGE
000240339,Berthold,"Hesse, Hermann",833/HES/be,LITGE
000240349,Lengua de señas,"Winter, Enrique",Ch861/WIN/le,LITCH
000240350,La nueva provincia,"Gallardo, Andrés",Ch863/GAL/nu,LITCH
000240352,Carahue es China,"Herrera Alarcón, Ricardo",Ch861/HER/ca,LITCH
000240356,Pablo Neruda : breve antología,"Neruda, Pablo",Ch861/NER/pa,INFAN
000240360,El club de los juguetes perdidos,"Peirano, Pedro",741.5983/PEI/cca,COMIC
000240402,Longotoma : fragmentos de una novela imposible,"Boldrini, Gustavo",Ch863/BOL/lo,LITCH
000240404,Tiempo irremediable,"Rojas, Manuel",Ch863/ROJ/ti,LITCH
000240406,El que se ríe se va al cuartel!,"Salinas Campos, Maximiliano A",Ch867/SAL/qu,LITCH
000240416,La filosofía de la decoración,"Poe, Edgar Allan",814/POE/fi,LITGE
000240432,Chiki Jet : memorias de una infancia ochentera,"Valdés, Margarita",741.59/VAL/Ch,COMIC
000240550,Un beso en París,"Perkins, Stephanie",813/PER/be,LITGE
000240583,Origin,"Armentrout, Jennifer L",813/ARM/sl,LITGE
000240593,El cuaderno de Maya,"Allende, Isabel",Ch863/ALL/cu,LITCH
000240678,El túnel,"Sábato, Ernesto R",A863/SAB/ty,JUVEN
000240694,Emilia en Chiloé,"Balcells, Jacqueline",Ch863/BAL/em,LITCH
000240716,Los altísimos,"Correa, Hugo",Ch863/COR/al,LITCH
000240751,Leamos un cuento,"Beuchat Reichardt, Cecilia",Ch863/BEU/le,LITCH
000240788,Calíope : agente de Nunca Jamás,"Flores, José Luis",Ch863/FLO/ca,LITGE
000240867,Corazón y otros cuentos,"De Amicis, Edmondo",853/DEA/co,LITGE
000240919,¿Dónde está ? ¡ Acá está!,"Stamponi, Florencia",808.3/STA/do,INFAN
000240928,Un quijote en bicicleta,"Lluch, Enric",863/LLU/qu,INFAN
000241037,Despertar en tus ojos,"Olave, Christian",Ch863/OLA/de,LITCH
000241057,Gay gigante : [una historia sobre el miedo],"Ebensperger, Gabriel",741.5983/EBE/ga,COMIC
000241154,El arenque rojo,"Moure Trenor, Gonzalo",863/MOU/ar,INFAN
000241183,Como se canta la poesía popular,"Lizana Droguett, Desiderio, M",Ch861.009/LIZ/co,LITCH
000241189,La marea de hielo,"Rhodes, Morgan",C813/RHO/ma,LITGE
000241202,El elefante desaparece,"Murakami, Haruki",895.63/MUR/el,LITGE
000241226,Vampi Vamp y el señor zombi,"Balcells, Jacqueline",Ch863/BAL/va,LITCH
000241227,El hombre semen,"Ailhaud, Violette",848/AIL/ho,LITGE
000241228,La novena,"Serrano, Marcela",863/SER/no,LITGE
000241237,El interior de los colores,"Ferrada, María José",649.68/FER/in,INFAN
000241241,Von Pilsener : primer personaje de la historieta chilena,"Montealegre, Jorge",741.5983/MON/vo,COMIC
000241284,Poecia sivil,"Sánchez, Manuel",Ch861/SAN/po,LITCH
000241296,El arte de contar cuentos,"Ledesma, Claudio",808.543/LED/ar,LITGE
000241313,Otro país,"Ferrada, María José",Ch863/FER/ot,INFAN
000241329,Tú,"Benoit, Charles",813/BEN/tu,LITGE
000241340,El soldado y la niña,"Sierra i Fabra, Jordi",863/SIE/so,LITGE
000241350,El terrible problema de Murciélago,"Crespo, Elsa María",E863/CRE/te,INFAN
000241353,"Florín y Cepillo, detectives del mundillo","Villar Liébana, Luisa",863/VIL/fl,INFAN
000241390,La niña perdida,"Ferrante, Elena",853/FER/ni,LITGE
000241400,Cómo cazamos al hombre del saco,"Martín, Andreu",849.93/MAR/co,INFAN
000241403,Un jardín,"Ferrer, Isidro",861/FER/ja,INFAN
000241415,Fragmentaciones de la memoria,"Lagos, Antonio",Ch861/LAG/fr,LITCH
000241443,La espía,"Coelho, Paulo",B869.3/COE/es,LITGE
000241501,Cuentos reunidos,"Correa, Hugo",Ch863/COR/cu,LITCH
000241542,Poemas infantiles,"Barquero, Efraín",Ch861/BAR/po,LITCH
000241560,Kong Yiji y otros cuentos,"Lu, Xun",895.13/LU/ko,LITGE
000241564,Jaramagos,"Prado, Nadia",Ch861/PRI/ja,LITCH
000241578,Scarlet,"Meyer, Marissa",813/MEY/sc,JUVEN
000241592,Assassin's creed : 3 : Accipiter,Corbeyran,741.5944/COR/acc,JUVEN
000241593,El día que los crayones renunciaron,"Daywalt, Drew",813/DAY/di,INFAN
000241613,Misterio en la Cueva del Milodón,"Díaz Eterovic, Ramón",Ch863/DIA/mi,JUVEN
000241633,¿Qué es el hombre?,"Krahn, Fernando",Ch863/KRA/qu,LITCH
000241675,Aníbal : nubes de guerra,"Kane, Ben",I823/KAN/an,LITGE
000241677,Cuando decide el corazón,"Bowman, Elizabeth",863/BOW/cu,LITGE
000241717,Uno más uno,"Moyes, Jojo",823/MOY/ma,LITGE
000241738,El gato que venía del cielo,"Hiraide, Takashi",895.63/HIR/ga,LITGE
000241785,Maze runner : la cura mortal,"Dashner, James",813/DAS/mcu,JUVEN
000241811,De amor no se muere,"Montoya, David",Ch863/MON/de,GENER
000241815,El atelier de los deseos,"Martin-Lugand, Agnès",843/MAR/at,LITGE
000241910,¡Fué sin querer!,"Milicic, Neva",Ch863/MIL/fu,LITCH
000241917,Lucy es pecosa,"Arciniegas, Triunfo",C862/ARC/lu,INFAN
000241982,Ánimas de día claro ; Parecido a la felicidad,"Sieveking, Alejandro",Ch862/SIE/an,LITCH
000242003,Insurgente,"Roth, Veronica",813/ROT/in,JUVEN
000242039,Aprendiz de detective ; un robo muy costoso,"Irish, William",813/IRI/ap,JUVEN
000242040,Harry Potter y el legado maldito : partes uno y dos,"Rowling, J. K",822/ROW/ha,JUVEN
000242135,Sprinters : los niños de Colonia Dignidad,"Larra, Lola",Ch863/LAR/sp,LITCH
000242184,Elmer y el gran pájaro,"McKee, David",823/MCK/egp,INFAN
000242198,El hogar de Miss Peregrine para niños peculiares,"Riggs, Ransom",813/RIG/ho,JUVEN
000242402,Una nueva vida,"Gómez León, Soledad",Ch863/GOM/nu,LITCH
000242424,No soy el señor Monstruo,"Wells, Dan",813/WEL/no,LITGE
000242480,Misterio en Los Piñones,"García Huidobro, Beatriz",Ch863/GAR/mi,LITCH
000242526,Susurros,"Howard, A. G. Anita Grace",813/HOW/su,LITGE
000242640,George,"Gino, Alex",813/GIN/ge,JUVEN
000242647,Matar a Leonardo Da Vinci,"Gálvez, Christian",863/GAL/ma,LITGE
000242652,En busca de la ardilla perdida,"Oro, Begoña",649.68/BUS/ar,INFAN
000242672,Las vacaciones atómicas de Julito Cabello,"Cabezas, Esteban",Ch863/CAB/va,JUVEN
000242711,Bartolo y los enfermos mágicos,"Paredes, Mauricio",Ch863/PAR/ben,LITCH
000242778,Sandokan,"Salgari, Emilio",853/SAL/sa,JUVEN
000242852,Ecopreguntas : para niños curiosos,"Oppliger, Luz Valeria",577.5/OPP/ec,INFAN
000243014,Ritalinda,"Rojas García, Beatriz",Ch863/ROJ/ri,INFAN
000243047,Canción de Marcela : mujer y cultura en el mundo hispano,"Valjalo, David",809.89287/CAN/ma,GENER
000243100,Mil grullas,"Kawabata, Yasunari",895.3/KAW/mi,LITGE
000243176,Traicionada,"Steel, Danielle",813/STE/tr,LITGE
000243199,Antología 2015 : Concurso Historias de Nuestra Tierra 23 años,Concurso Historias de Nuestra Tierra o,Ch860.008/HIS/nu,LITCH
000243444,Balmaceda : la guerra entre chilenos,"Tromben Corbalán, Carlos",Ch863/TRO/ba,LITCH
000243458,Poesía,"Parra, Violeta",Ch861/PAR/po,LITCH
000243476,Química y nicotina,"Pérez, Maori",Ch863/PER/qu,LITCH
000243477,La experiencia formativa,"Díaz Oliva, Antonio",Ch863/DIA/ex,LITCH
000243482,Terror bajo tierra,"Balcells, Jacqueline",Ch863/BAL7te,LITCH
000243548,"Wismichu : si te rindes, pierdes","Prego, Ismael",863/PRE/wi,LITGE
000243794,Cartas de amor : Selección Concursos 2009-2016,Concurso de escritura Santiago,Ch866/CON/ca,LITCH
000243841,"Ángel e Inés, las chinches","Krings, Antoon",843/KRI/an,INFAN
000243859,Perro muerto,"Quercia, Boris",Ch863/QUE/pe,LITCH
000243883,El principito,"Saint-Exupéry, Antoine de",843/SAI/pr,INFAN
000243948,La fantasmal aventura del niño semihuérfano,"Cabezas, Esteban",Ch863/CAB/fa,INFAN
000243949,El fabuloso mundo de las letras,"Sierra i Fabra, Jordi",863/SIE/fa,JUVEN
000244114,Blast,"Larcenet, Manu",741.5944/LAR/bl,COMIC
000244141,Óyeme con los ojos,"Díaz, Gloria Cecilia",C863/DIA/oy,LITGE
000244154,Palomita blanca,"Lafourcade, Enrique",Ch863/LAF/pa,JUVEN
000244160,Qué es el paraíso,"Zurita, Raúl",Ch861.008/ZUR/qu,LITCH
000244191,Trece casos misteriosos,"Balcells, Jacqueline",Ch863/BAL/tr,JUVEN
000244200,Odio todo,Puklin,741.5983/PUK/od,COMIC
000244251,Tony Ninguno,"Montero, Andrés",Ch863/MON/to,LITCH
000244425,Carry on : tienes lo mejor de mí,"Rowell, Rainbow",813/ROW/ca,LITGE
000244428,La razón de estar contigo,"Cameron, William Bruce",813/CAM/ra,LITGE
000244429,La espera,"Valenzuela, Camila",Ch863/VAL/es,LITCH
000244433,Imposible salir de la tierra,"Costamagna, Alejandra",C863/COS/im,LITCH
000244461,El amor en los tiempos del cólera,"García Márquez, Gabriel",C863/GAR/am,LITGE
000244488,"Mamire, el último niño","Carvajal, Víctor",Ch863/CAR/ma,LITCH
000244525,Masones & Libertadores 2 : el secreto de la logia,"Parra, Waldo L",Ch863/PAR/ma,LITCH
000244630,Superman no es judio,"Bemon, Jimmy",741.5944/BEM/su,COMIC
000244640,Las cenizas del juramento,"Brennan, Michael Joseph",Ch863/BRE/ce,LITCH
000244647,"Pipo, el oso de la vitrina","Alegría Ramírez, Gloria A",Ch863/ALE/pi,LITCH
000244705,Mi planta de naranja-lima,"Vasconcelos, José Mauro de",B869.3/VAS/mi,JUVEN
000244714,Las pruebas de Apolo : el oráculo oculto,"Riordan, Rick",813/RIO/pr,LITGE
000244730,La muerte es una vieja historia,"Rivera Letelier, Hernán",Ch863/RIV/mu,LITCH
000244731,El vendedor de pájaros,"Rivera Letelier, Hernán",Ch863/RIV/ve,LITCH
000244735,Ladrona de libros,"Zusak, Markus",A823/ZUS/la,LITGE
000244749,"Toki Janekeo : ""la Juana de Arco de la Araucanía...""","Aguilera Oliva, Marco",Ch862/AGU/to,LITCH
000244755,Maze Runner : código C.R.U.E.L,"Dashner, James",813/DAS/mco,JUVEN
000244819,El coronel no tiene quien le escriba,"García Márquez, Gabriel",C863/GAR/co,LITGE
000244877,La tierra del sol poniente,"Wood, Barbara",823/WOO/ti,LITGE
000244935,Azul,"Murillo, José Andrés",Ch863/MUR/az,JUVEN
000244959,Jardín de Chile : la vida en común de las plantas y animales,"Moya, Carolina",895.63/MUR/mu,LITGE
000244999,Maze Runner : prueba de fuego,"Dashner, James",813/DAS/mpr,JUVEN
000245061,El secuestro de la bibliotecaria,"Mahy, Margaret",823/MAH/se,INFAN
000245065,La historia de Manú,"Río, Ana María del",Ch863/RIO/hi,LITCH
000245209,Claro de luna,"Hunter, Erin",813/HUN/cl,JUVEN
000245259,La llamada de la selva,"London, Jack",813/LON/ll,LITGE
000245263,"Marta Jara Hantke, una pluma que emerge del trueno","Barraza Pizarro, Lilian",928.983/JAR/ba,LITGE
000245287,El chico de las estrellas,Chris Pueyo,863/PUE/Ch,JUVEN
000245288,El viaje de la marmota,"Rojas García, Beatriz",Ch863/ROJ/vi,LITCH
000245294,Antología del amor de Claudia Schvartz,"Ide Wolleter, Francisco",Ch861/IDE/an,LITCH
000245311,"La jirafa, el pelícano y el mono","Dahl, Roald",823/DAH/ji,LITGE
000245313,Diez pájaros en mi ventana,"Munita, Felipe",Ch861/MUN/di,JUVEN
000245354,Gracias a Winn-Dixie,"Dicamillo, Kate",813/DIC/gr,INFAN
000245371,Fairest : la historia de Levana,"Meyer, Marissa",813/MEY/fa,LITGE
000245386,"Contigo, siempre","Aubrey, Annette",813/AUB/co,INFAN
000245395,Verónica la niña biónica,"Paredes, Mauricio",Ch863/PAR/ve,LITCH
000245424,Héroes por casualidad,"Gallego García, Laura",863/GAR/he,LITGE
000245451,Quiero ser flaca y feliz,"Lama, Karolina",616.398/LAM/que,GENER
000245546,Logia : el enigma de La cuarta carabela,"Ortega, Francisco",Ch863/ORT/lo,LITCH
000245585,Antología : Poesía Chilena Viva,"Valdés, Adriana",Ch861.008/ANT/po,LITCH
000245586,Matar al mandinga,"Ghigliotto, Galo",Ch863/GHI/ma,LITCH
000245843,Sobredosis : (deambulando por la orilla oscura),"Fuguet, Alberto",Ch863/FUG/so,LITCH
000245919,Falco : se ofrece monologuista,"Pimienta, Patricio",Ch863/PIM/fa,INFAN
000245941,Código Chile,"Basso, Carlos",Ch863/BAS/co,LITCH
000245960,La leyenda de María Carlota y Millaqueo,"Peña Muñoz, Manuel",Ch863/PEÑ/le,LITCH
000245970,Quiltras,"Uribe, Arelis",Ch863/URI/qu,LITCH
000245974,El intruso,"Forsyth, Frederick",823/FOR/in,LITGE
000246013,Un puente hacia Terabithia,"Paterson, Katherine",813/PAT/pu,LITGE
000246097,El obsceno pájaro de la noche,"Donoso, José",C863/DON/ob,LITCH
000246122,El patito que nunca llegó a ser cisne,"Calvo, David",861/CAL/pa,JUVEN
000246154,El buen Flannery y los molestos boggarts de su establo,"Saracino, Luciano",A863/SAR/bu,INFAN
000246164,Compro fierro,"Carreño, Juan",Ch861/CAR/co,LITCH
000246165,Los trabajos y los días : antología,"Hernández, Elvira",Ch861/HER/tr,LITCH
000246166,La muerte de Virgilio,"Amira, Sergio Alejandro",Ch863/AMI/mu,LITCH
000246168,Al mundo niño le canto,"Parra, Ángel",781.620/PAR/al,INFAN
000246172,Imagen y semejanza : antología,"Carrasco, Germán",Ch861/CAR/im,LITCH
000246194,Incorruptos,"Melys, Carolina",Ch863/MEL/in,LITCH
000246217,El diario fantasma de Julito Cabello,"Cabezas, Esteban",Ch863/CAB/di,JUVEN
000246256,El chupacabras de Pirque,"Pelayo P., Pepe",Cu863/PEL/Ch,JUVEN
000246272,Ritalinda es Ritasan,"Rojas García, Beatriz",Ch863/ROJ/ri,INFAN
000246279,La leyenda de los dinosaurios,"Oliveira, Anderson de",B869/OLI/le,INFAN
000246315,Desastres naturales,"Simonetti, Pablo",Ch863/SIM/de,GENER
000246319,Tres veces tú,"Moccia, Federico",853/MOC/tr,LITGE
000246373,Cuántas veces puede morir un hombre?,"Terraza González, Alejandro",Ch863/TER/cu,LITCH
000246428,De animales a dioses : breve historia de la humanidad,"Harari, Yuval N",909/HAR/de,LITGE
000246429,Masones & Libertadores : el amanecer de la república,"Parra, Waldo L",Ch863/PAR/ma,LITCH
000246501,Franny K. Stein : el monstruo de calabaza,"Benton, Jim -",813/BEN/fr,INFAN
000246612,Kalfukura : el corazón de la Tierra,"Baradit, Jorge",Ch863/BAR/ka,JUVEN
000246618,La patria de cristal,"Subercaseaux, Elizabeth",Ch863/SUB/pa,LITCH
000246667,Septiembre,"García Huidobro, Beatriz",Ch863/GAR/se,LITCH
000246668,"Corazonadas : [en cada historia, siempre hay dos versiones]","Taibo, Benito",M863/TAI/co,LITGE
000246673,Una corte de niebla y furia,"Maas, Sarah J",813/MAA/co,LITGE
000246715,Super Violeta,"Ferrer, María Teresa",Ch863/FER/su,LITCH
000246716,El otoño del patriarca,"García Márquez, Gabriel",C863/GAR/ot,LITGE
000246739,El libro de los bolsillos,"Maier, Gonzalo",Ch861/MAI/li,LITGE
000246760,Mucho más que un club de chicas,"Eulberg, Elizabeth",813/EUL/mu,JUVEN
000246768,La familia Guácatela,"Paredes, Mauricio",Ch863/PAR/fa,LITCH
000246946,Los mitos de Cthulhu. Volumen II,"Lovecraft, H. P",813/LOV/mi,LITGE
000247062,La vida es sueño,"Calderón de la Barca, Pedro",862/CAL/vi,LITGE
000247074,El monarca de las sombras,"Cercas, Javier",863/CER/mo,LITGE
000247103,No funciona la tele!,"McCoy, Glenn",813/MCC/no,LITGE
000247148,Stars Above,"Meyer, Marissa",813/MEY/st,JUVEN
000247162,Asesinato en el Orient Express,"Christie, Agatha",823/ChR/as,LITGE
000247484,Humberto,"Vásquez, Paula",Ch863/VAS/hu,LITCH
000247613,Cinder,"Meyer, Marissa",813/MEY/ci,LITGE
000247630,Más allá del invierno,"Allende, Isabel",Ch863/ALL/ma,LITCH
000247643,Angel,"Stirling, Joss",823/STI/fl,LITGE
000247688,No quiero matarte,"Wells, Dan",813/WEL/no,LITGE
000247698,Siempre amigos,"Steel, Danielle",813/STE/si,LITGE
000247706,El asesinato del profesor de música,"Sierra i Fabra, Jordi",863//SIE/as,INFAN
000247813,Medianoche,"Hunter, Erin",813/HUN/np,LITGE
000247820,"Yo, celoso?","Corral Yagnam, Paz",Ch863/COR/yo,LITGE
000247824,Aquiles y la Guerra de Troya,"Edwards Valdés, Angélica",883.01/EDW/aq,LITGE
000247870,Dragones revueltos,"Levin, Darío",A863/LEV/dr,INFAN
000247880,XV Concurso Literario : mi vida y mi trabajo,Concurso Literario Mi Vida y Mi Trabajo,Ch863.008/CON/tr,REGIO
000247897,Manual práctico del alumno,"Corral Talciani, Hernán Felipe",808.066/COR/ma,LITGE
000247904,Monstruos fritos,"Schuff, Nicolás",A863/SCh/mo,INFAN
000247949,Grandes amigos,"Sarah, Linda",823/SAR/gr,LITGE
000247977,Ensalada de princesas,"Fondevila, Fabiana",A863/FON/en,INFAN
000247980,Guiso de brujas,"Suárez, Patricia",A863/SUA/gu,INFAN
000247990,La razón de estar contigo,"Cameron, William Bruce",813/CAM/ra,LITGE
000247994,Pepi la fea 3,"Wallace, Josefa",Ch863/WAL/pe,LITCH
000247999,Alguien toca la puerta : leyendas chilenas,"Montero, Andrés",Ch863/MON/al,LITCH
000248008,Historia gráfica de Chile para pequeños ciudadanos,"Cáceres, Alfredo",983/CAC/hi,INFAN
000248053,Por trece razones,"Asher, Jay",813/ASH/po,JUVEN
000248072,Las raíces del odio : mi verdad sobre el islam,"Fallaci, Oriana",854/FAL/ra,LITGE
000248118,Rendición,"Loriga, Ray",863/LOR/re,LITGE
000248169,Diccionario crítico etimológico castellano e hispánico,"Coromines, Joan",813/LOW/da,LITGE
000248306,Amares : (antologia de relatos),"Galeano, Eduardo",U863/GAL/am,LITGE
000248341,En pana,"Cinzano, Martín",E863/CIN/en,LITGE
000248355,500 preguntas sobre el jardín,"Silva Vargas, Raúl",635.9/SIL/qu,GENER
000248357,Cincuenta sombras más oscuras,"James, E. L",823/JAM/ci,LITGE
000248360,Historia de un perro llamado Leal,"Sepúlveda, Luis",Ch863/SEP/hi,LITCH
000248444,De carta en carta,"Machado, Ana Maria",B869.3/MAL/de,LITGE
000248447,La guerra interior,"Baradit, Jorge",Ch863/BAR/gu,JUVEN
000248491,Contra mosco,"Joannon, Cristóbal",Ch861/JOA/co,LITCH
000248507,El perfume : historia de un asesino,"Süskind, Patrick",833/SUS/pe,LITGE
000248522,Otelo y el hombre de piel azul,"Bertrand Donoso, Sara",Ch863/BER/ot,LITCH
000248578,El viejo y el mar,"Hemingway, Ernest",813/HEM/vi,LITGE
000248593,Perro tiene sed,"Kitamura, Satoshi",895.63/KIT/pe,LITGE
000248600,Antología : (1973-2014),"Bertoni Lemus, Claudio",Ch861.008/BER/an,LITCH
000248624,El cálculo mental es un juego,"Rougier, Roger",372.7/ROU/ca,INFAN
000248637,Kylie Jean : reina del campamento,"Peschke, Marci",813/PES/kyc,INFAN
000248658,Temudjin : I-La muerte dulce,"Ozanam, Antoine",741.5952/OZA/tmu,COMIC
000248660,El gigante enterrado,"Ishiguro, Kazuo",823/ISH/gi,LITGE
000248718,El reino de las almas robadas,"Risley, Alexandra",V863/RIS/re,JUVEN
000248756,Lili Lana,"Vásquez, Paula",Ch863/VAS/li,LITCH
000248769,El dador de recuerdos,"Lowry, Lois",813/LOW/da,JUVEN
000248772,Si te vieras con mis ojos,"Franz, Carlos",Ch863/FRA/si,LITCH
000248779,Fugitivos en el tiempo,"Review, Dalas",863/REV/fu,JUVEN
000248780,Luz Acuosa,"Rodríguez, Reina María",Cu861/ROD/lu,LITGE
000248792,El último apaga la luz : obra selecta,"Parra, Nicanor",Ch861/PAR/ul,LITCH
000248799,Amadeo y el abuelo,"Beuchat, Cecilia",Ch863/BEU/am,LITCH
000248814,Junkopia,"Opazo, Jonnathan",Ch861/OPA/ju,LITCH
000248817,Neruda y yo ; Tercetos dantescos a Casiano Basualto,"Rokha, Pablo de",Ch61/NER/ro,LITCH
000248819,Macbeth,"Shakespeare, William",822.33/SHA/ma,LITGE
000248937,Libro,"Naranjo, Miguel",Ch861/NAR/li,LITCH
000248939,Historia descabellada de la peluca,"Amara, Luigi",M864/AMA/hi,LITGE
000248977,La sombra del viento,"Ruiz Zafón, Carlos",863/RUI/so,LITGE
000249022,De la poesía a la revolución,"Rojas, Manuel",Ch808.1/ROJ/de,LITCH
000249041,Wigetta : en el planeta mimisikú,"Martínez, Víctor Manuel",863/MAR/wi,LITGE
000249065,Lucas y el secreto del abuelo,"Ampuero, Roberto",Ch863/AMP/lu,LITCH
000249076,Salisbury,"Ortega, Francisco",Ch863/ORT/sa,LITCH
000249080,Opposition,"Armentrout, Jennifer L",813/ARM/sl,LITGE
000249081,La razón de estar contigo : un nuevo viaje,"Cameron, William Bruce",813/CAM/ran,LITGE
000249084,Rompiendo tus reglas,"Boyd, Violeta",Ch863/BOY/ro,LITCH
000249087,Maze Runner : correr o morir,"Dashner, James",813/DAS/mac,JUVEN
000249089,Mestiza,"Cerda, Patricia",Ch863/CER/me,LITCH
000249102,El cazador de historias,"Galeano, Eduardo",U863/GAL/ca,LITGE
000249121,Estuve allá afuera,"Brito, Ronaldo Correia de",B869.3/BRI/es,LITGE
000249133,Catacomb,"Roux, Madeleine",813/ROU/as,LITGE
000249149,A todos nos falta algo : antología del cuento croata,"Simi Bodro i , Roman, compilador",891.823/ATO/no,LITGE
000249160,AE,"Ajens, Andrés",Ch861/AJE/ae,LITCH
000249287,Aquí veo,"Uribe, Verónica",649.68/URI/aq,INFAN
000249343,No somos irrompibles : (12 cuentos de chicos enamorados),"Bornemann, Elsa",A863/BOR/no,LITGE
000249380,Días de playa,"Mainé, Margarita",A863/MAI/di,INFAN
000249390,El arte de Assassin's Creed IV : black flag,"Davies, P. C. W",794.8/DAV/ar,JUVEN
000249469,Vamos a buscar un tesoro,Janosch,833/JAN/va,INFAN
000249492,El estilo de mis matemáticas : antología,"Redolés, Mauricio",Ch861/RED/es,LITCH
000249512,Cochrane vs Cthulhu,"Villarroel, Gilberto",Ch863/VIL/co,LITCH
000249517,La biblioteca de los libros rechazados,"Foenkinos, David",843/FOE/bi,LITGE
000249526,El juego de Christopher,"Palacio, R. J",813/PAL/ju,JUVEN
000249551,Heartless,"Meyer, Marissa",813/MEY/he,JUVEN
000249559,El libro que quería volar,Beda,Ch863/BED/li,INFAN
000249565,Dori fantasmagori,"Hanlon, Abby",813/HAN/do,LITGE
000249602,Küyen,"Fuentes, Roberto",Ch863/FUE/kü,LITCH
000249634,Alumbrado por el relámpago,"Rojas, Gonzalo",Ch861/ROJ/al,LITCH
000249652,Mocha Dick : la leyenda de la ballena blanca,"Ortega, Francisco",741.5983/ORT/mo,COMIC
000249722,El predador,"Smith, Wilbur",823/SMI/pr,LITGE
000249740,Verás,"Zurita, Raúl",Ch861/ZUR/ve,LITCH
000249759,Bluescreen,"Wells, Dan",813/WEL/bl,LITGE
000249772,Diario de viaje de(s)madre Italia,"Luongo, Gilda",Ch863/LUO/di,LITCH
000249773,Hermanos de sangre,"Scarrow, Simon",823/SCA/he,LITGE
000249787,Un monstruo viene a verme,"Ness, Patrick",813/NES/mo,JUVEN
000249825,Aldabas,"García M., Macarena",Ch861/GAR/al,LITCH
000249838,Pinochet boy,"Ramos Bañados, Rodrigo",Ch863/RAM/pi,LITCH
000249840,Job-Boj,"Guzmán, Jorge",Ch863/GUZ/jo,LITCH
000249847,Un secreto en mi colegio,"Dossetti, Angélica",Ch863/DOS/se,JUVEN
000249853,Noche de luz,"Asher, Jay",813/ASH/no,JUVEN
000249884,Shaken,"Stirling, Joss",823/STI/st,LITGE
000249900,Cuentos secretos de la Historia de Chile,"Balcells, Jacqueline",Ch863/BAL/cu,INFAN
000249917,Una cama para tres,"Reyes, Yolanda",C863/REY/ca,LITGE
000249923,Todos deberíamos ser feministas,"Adichie, Chimamanda Ngozi",305.42/ADI/to,GENER
000249934,Rito de viento y de madera : antología poética [1954-1988],"Vulliamy, Luis",Ch861/VUL/ri,LITCH
000249945,Pájaros,"Ferrada, María José",Ch861/FER/pa,LITCH
000249987,El rumor de la caracola,"Lark, Sarah",833/LAR/fu,LITGE
000249989,Grey,"James, E. L",823/JAM/gr,LITGE
000249990,Río herido,"Catrileo, Daniela",Ch861/CAT/ri,LITGE
000250006,El gran libro de los bichos,"Zommer, Yuval",595.7/ZOM/gr,INFAN
000250030,El hombre que trasladaba las ciudades,"Droguett, Carlos",Ch863/DRO/ho,LITCH
000250031,El verbo Kaifman,"Ortega, Francisco",Ch863/ORT/ve,LITCH
000250070,Las sílabas,"Rojas, Gonzalo",Ch861/ROJ/si,LITCH
000250077,La ciudad desolada: el hogar Miss Peregrine,"Riggs, Ransom",813/RIG/ci,JUVEN
000250085,La chica que dejaste atrás,"Moyes, Jojo",823/MOY/Ch,JUVEN
000250128,Curly está en peligro,Fernanfloo,741.597284/FER/cu,JUVEN
000250132,Sepulcros de vaqueros,"Bolaño, Roberto",Ch863/BOL/se,LITCH
000250167,Son tumikes,"Vargas, Sebastián",A863/VAR/so,LITGE
000250177,Monroe,"Mellado, Marcelo",Ch863/MEL/mo,LITCH
000250199,Árboles sin sombra,"Pino Gaete, Graciela",Ch863/PIN/ar,LITCH
000250221,Ritalinda vegetariana,"Rojas García, Beatriz",Ch863/ROJ/riv,INFAN
000250252,El prisionero del cielo,"Ruiz Zafón, Carlos",863/RUI/pr,LITGE
000250313,"Dos cuentos, cinco voces","Rojas, Manuel",Ch863/ROJ/do,LITCH
000250325,Los pingüinos emperadores : llegan al Norte Chico,"Yagnam, Myriam",Ch863/YAG/pi,INFAN
000250375,"(Matilde), la niña invisible","Paredes, Mauricio",Ch863/PAR/ma,INFAN
000250393,Epu Zuam,"Lienlaf, Leonel",Ch898.1/LIE/ep,LITCH
000250398,El infiel,"Ball, David W",813/BAL/in,LITGE
000250439,"Cielo, mar y tierra : poesía y prosa","Mistral, Gabriela",Ch860/MIS/ci,LITCH
000250472,Teutoburgo,"Manfredi, Valerio",853/MAN/te,LITGE
000250584,El horroroso monstruo lindo,"Cabezas, Esteban",Ch863/CAB/ho,INFAN
000250586,Manual para mujeres de la limpieza,"Berlin, Lucia",813/BER/ma,LITGE
000250811,Elmer y la tía Zelda,"McKee, David",823/MCK/eti,INFAN
000250844,Volver a casa,"Gyasi, Yaa",813/GYA/vo,LITGE
000250912,Una promesa en el fin del mundo,"Lark, Sarah",833/LAR/pr,LITGE
000250976,Gatos ilustres,"Lessing, Doris May",823/LES/ga,LITGE
000251030,Días de montaña : Las aventuras de Fernán,"Mainé, Margarita",A863/MAI/mo,INFAN
000251041,Páramo salvaje,"Gertner, María Elena",Ch863/GER/pa,LITCH
000251051,Días de campamento : Las aventuras de Fernán,"Mainé, Margarita",A863/MAI/ca,INFAN
000251093,Días de campo : Las aventuras de Fernán,"Mainé, Margarita",A863/MAI/ca,INFAN
000251140,Castaño Pino Naranjo,"Güiraldes, Ana María",Ch863/GUI/ca,LITCH
000251161,Mi vida feliz,"Lagercrantz, Rose",839.73/LAR/vi,LITGE
000251198,El monstruo del arroyo,"Méndez, Mario",A863/MEN/mo,JUVEN
000251206,La momia del salar,"Bertrand Donoso, Sara",Ch863/BER/mo,LITCH
000251209,Lirio : un revés y un derecho,"Ortega Levia, Ignacio",Ch863/ORT/li,LITCH
000251223,Piquero,"Fernández Rojas, Pablo",Ch863/FER/pi,LITCH
000251349,Cosa de niñas,"Ferrari, Pri",869.3/FER/co,GENER
000251387,Los miserables : [novela gráfica],"Saracino, Luciano",741.5982/SAR/mi,COMIC
000251467,Un libro,Ingesman,741.60983/ING/li,INFAN
000251468,"Tú & yo, aquí, ahora","Asher, Jay",813/ASH/tu,JUVEN
000251512,El gran gigante bonachón,"Dahl, Roald",823/DAH/gr,LITGE
000251659,Los viajeros del puerto,"Rodríguez Kittsteiner, Lorena",Ch863/ROD/vi,JUVEN
000251761,Un misterio en Toledo,"Perry, Anne",823/PER/mi,LITGE
000251785,Ramiro mirón o el ratón espía,"Bertrand Donoso, Sara",Ch863/BER/ra,LITCH
000251799,Mitos de Memoria del fuego,"Galeano, Eduardo",398.2098/GAL/mi,JUVEN
000251847,Los extrañamientos,"Blasco, Martín",A863/BLA/ex,INFAN
000251848,Marón americano,"Quezada, Víctor",Ch861/QUE/ma,LITCH
000251852,Los Rolling Stones son mejores,"García Cid, Alfredo",Ch863/GAR/ro,LITCH
000251875,La muerte se desnuda en La Habana,"Rivera Letelier, Hernán",Ch863/RIV/mu,LITCH
000251898,Origen,"Brown, Dan",813/BRO/or,LITGE
000251910,Atardecer,"Hunter, Erin",823/HUN/np,LITGE
000251997,Calamity,"Sanderson, Brandon",813/SAN/ca,LITGE
000252034,Estepa,"Valenzuela, Andrés",Ch863/VAL/es,LITCH
000252194,El otro tiempo,"Acosta, Daniela",Ch863/ACO/ot,LITCH
000252254,Santa María de las flores negras,"Rivera Letelier, Hernán",Ch863/RIV/sa,LITCH
000252257,El secreto de Gray Mountain,"Grisham, John",813/GRI/se,LITGE
000252307,Acerca de personas,"Silva Barandica, Juan Manuel",Ch861/SIL/ac,LITCH
000252312,Los inutiles,"Valenzuela P., Luis",Ch863/VAL/in,LITCH
000252427,Semillas Mapuche,"Salazar, Magdalena",Ch863/SAL/se,LITCH
000252501,"Auxilio, Socorro : historia de un malentendido","Hepp, Josefina",Ch863/HEP/au,LITCH
000252509,Robert Smithson & Robert Smith,"Verdugo Arellano, Mario",Ch861/VER/ro,LITCH
000252513,La guía DC Comics de la creación de cómics,"Potts, Carl",741.5973/POT/gu,JUVEN
000252529,Supervillanos : la guía visual completa,"Wallace, Daniel",741.5973/WAL/su,JUVEN
000252553,Las aventuras de Sofía : el secreto de los padres,"Carrasco, Ignacio",741.5983/CAR/av,JUVEN
000252607,Los futbolísimos : el misterio de los árbitros dormidos,"Santiago, Roberto",863/SAN/fu,INFAN
000252613,Ocho lugares que me recuerdan a ti,"Villarreal, Alberto",M863/VIL/oc,LITGE
000252691,Ráfaga y latidos,"Milfuegos, Neftalí",839.73/MIL/ra,LITGE
000252693,El árbol de la vida,"Ortúzar, Matías",Ch863/ORT/ar,LITCH
000252694,Hacia otra orilla,"Gré, Catalina",Ch861/GRE/ha,LITCH
000252697,Una tierra sin mapas,"Rojas, Beatriz",Ch863/ROJ/ti,LITCH
000252701,Ya no somos vírgenes,"Odgers Toloza, Ingrid",Ch863/ODG/ya,LITCH
000252711,El hombre que perseguía su sombra,"Lagercrantz, David",839.73/LAG/ho,LITGE
000252715,Pequeña historia de un desacuerdo : ciudadanía para niños,"Fuentes S., Claudio",320.4983/FUE/pe,JUVEN
000252768,La última ceniza,"Martorell, Montserrat",Ch863/MAR/ul,LITCH
000252769,El pasado nunca termina de ocurrir,"Ricci, Anìbal",Ch863/RIC/pa,LITCH
000252770,Tiempo quebrado,"Staiger, Pedro",Ch863/STA/ti,LITCH
000252771,Canciones espectrales : la muerte de los Monroy's Destruction,"Rosales, Christopher",Ch863/ROS/ca,LITCH
000252774,Tierra de aves acuáticas,"Ergas, Simón",Ch863/ERG/ti,LITCH
000252775,Seferis íntegro,"Seferis, George",889.1/SEF/se,LITGE
000252777,Y va a caer-- como decíamos ayer,"Baño, Rodrigo",320.983/BAÑ/va,LITCH
000252780,Los visitantes,"Fuentes, Freddy",Ch863/FUE/vi,LITCH
000252783,Hogar,"Mena, Fernando",Ch863/MEN/ho,LITCH
000252785,"El Faro, quirófano al noreste","Fugellie, Astrid",Ch861/FUG/fa,LITCH
000252786,Poéticas del devenir : Lispector y Valenzuela,"Nogueira, Fátima R",B869.8/NOG/po,LITGE
000252787,Un ángel de abrigo azul : (novela),"Délano, Poli",Ch863/DEL/an,LITCH
000252791,Terrolirismo,"Arancibia, Marcelo",H861/ARA/te,LITGE
000252792,"Frankenstein, o, : el moderno Prometeo : novela","Shelley, Mary Wollstonecraft",823/SHE/fr,LITGE
000252793,Las palabras : apuntes satíricos,"Ramírez L., Ramiro",Ch863/RAM/pa,LITCH
000252795,En tiempo fugitivo : narrativas latinoamericanas contemporáneas,"Noemi Voionmaa, Daniel",H868.0/NOE/en,LITGE
000252796,Máquina para hablar con los muertos,"García, Carmen",Ch861/GAR/ma,LITCH
000252797,La voluntad de los muertos,"Banderas Grandela, Felipe",Ch863/BAN/vo,LITCH
000252798,Zona de extinción,"Inostroza Bidart, Alvaro",Ch861/INO/zo,LITCH
000252799,Liceo de Niñas,"Fernández, Nona",Ch862/FER/li,LITCH
000252835,Tan linda y tan solita : el libro del fin del patriarcado,"Araos, Josefa",305.43/ARA/ta,JUVEN
000252837,Condorito,Pepo,741.59/PEP/co,COMIC
000252853,Romeo y Julieta,"Shakespeare, William",822.33/SHA/ro,JUVEN
000252905,Condenados,"Cooper, Glenn",813/COO/co,LITGE
000252916,Mil veces hasta siempre,"Green, John",813/GRE/mi,LITGE
000252963,Los amantes de Praga,"Richman, Alyson",813/RIC/am,LITGE
000253058,Santa María de Iquique : la muerte de la República,"Tromben, Carlos",Ch863/TRO/sa,LITCH
000253068,"Papelucho, Romelio y el castillo","Paz, Marcela",Ch863/PAZ/pro,LITCH
000253095,Gallinas supergallinas,"King-Smith, Dick",823/KIN/ga,LITGE
000253265,La historia del espacio : mi primer libro sobre el universo,"Barr, Catherine",523.1/BAR/hi,JUVEN
000253284,El planeta sin nombre,"Jordán Jiménez, Felipe",Ch863/JOR/pl,LITCH
000253287,La pequeña bruja,"Preussler, Otfried",833/PRE/pe,INFAN
000253301,7 veces Lucero + versión original,"Castro, Oscar",Ch863/SIE/ve,LITCH
000253325,La tristeza de las cosas,"Ferrada, María José",Ch861/FER/tr,JUVEN
000253327,La biblioteca secreta,"Murakami, Haruki",895.63/MUR/bi,LITGE
000253400,Antología errante : (1954-2016),"Uribe, Armando",Ch861/URI/an,LITCH
000253454,Atlas Americano,"Vega, Alejandra",912.8/VEG/at,INFAN
000253718,Los niños del fin del mundo : pequeña gran historia Selk'nam,"Peris, Alex",Ch863/PER/ni,INFAN
000253932,El reparto del olvido,"Colil, Juan Ignacio",Ch863/COL/re,LITCH
000253934,Cuenta regresiva : antología de poemas 1978-2010,"Montealegre, Jorge",Ch861/MON/cu,LITCH
000253940,Donde vuelan los cóndores : dolor y esperanza,"Bastías Guzmán, Eduardo",Ch863/BAS/do,LITCH
000253975,La lengua de Martí y otros motivos cubanos,"Mistral, Gabriela",Ch864MIS/le,LITCH
000253980,El fuego invisible,"Sierra, Javier",863/SIE/fu,LITGE
000253981,Escrito está,"Barquero, Efraín",Ch861/BAR/es,LITCH
000254047,Los cuentos de Tocuen,"Güiraldes, Ana María",Ch863/GUI/cu,INFAN
000254063,Steelheart,"Sanderson, Brandon",813/SAN/st,LITGE
000254086,La casa muerta,"Ritsos, Giannes",889.1/RIT/ca,LITGE
000254091,Huerta : cosecha lo que siembras,"Martín, Mónica",634/MAR/hu,JUVEN
000254153,Solo tres segundos,"Bombara, Paula",A863/BOM/so,JUVEN
000254232,Bajo la misma estrella,"Green, John",813/GRE/ba,JUVEN
000254366,Los intrusos,"Cáceres, Alfredo",Ch863/CAC/in,INFAN
000254444,Más allá del invierno,"Allende, Isabel",Ch863/ALL/ma,LITCH
000254465,La trágica agonía de un pájaro azul,"Zuñiga M., Carla",Ch862/ZUÑ/tr,LITCH
000254467,Inteligencia sexual : el instinto no basta,"Uribarri Guzmán, Karen",155.31/URI/in,GENER
000254679,Aventuras de los trillizos ABC,"K hler-Timm, Hilde",833/KAH/av,INFAN
000254838,Besos de sangre,"Frost, Jeaniene",813/FRO/be,JUVEN
000254864,La razón de estar contigo : el regreso a casa,"Cameron, William Bruce",813/CAM/rar,LITGE
000254913,Ídolos maulinos : grandes del deporte,"Prieto Valenzuela, Pablo",796.0983/PRI/id,REGIO
000254917,La ciudad a oscuras,"Lagos, Antonio",Ch861/LAG/ci,REGIO
000255025,Casi me olvido de ti,"McMillan, Terry",813/MCM/ca,LITGE
000255049,Despertando las leyendas de Pencahue,"Bernal González, Patricia",398.098333/BER/de,REGIO
000255051,La boina del padre: cuentos,"Améstica, Adriano",Ch863/AME/bo,REGIO
000255053,Huilquilemu : relatos de nuestros abuelos,"Hernández Anguita, Horacio",983.332/HER/hu,REGIO
000255107,La estación de las flores en llamas,"Lark, Sarah",833/LAR/fu,LITGE
000255116,La profecía del águila,"Scarrow, Simon",823/SCA/pr,LITGE
000255324,Lazos de familia,"Steel, Danielle",813/STE/la,LITGE
000255336,53 experiencias pedagógicas innovadoras,"Ferrer, Rosario",372.218/CIN/ex,INFAN
000255342,La casa vieja,"Sierra i Fabra, Jordi",863/SIE/ca,LITGE
000255360,Juegos florales,"Rivera Órdenes, Vladimir",Ch863/RIV/ju,LITCH
000255363,La broma de una mantis religiosa (novela),"Délano, Poli",Ch863/DEL/br,LITCH
000255404,Desastres naturales,"Simonetti, Pablo",Ch863/SIM/de,LITCH
000255416,El poder y la palabra : 10 ensayos sobre lenguaje,"Orwell, George",824/ORW/po,LITGE
000255492,El Cardenal,"Carvajal, Kóte",741.5983/CAR/ca,COMIC
000255502,Lenguaviaje : antología,"Campos, Augusto de",B869.1/CAM/le,LITGE
000255557,"Adiós planeta, por Papelucho","Paz, Marcela",Ch863/PAZ/pad,LITCH
000255636,Cuentos secretos de la Historia de Chile,"Balcells, Jacqueline",Ch863/BAL/cu,LITCH
000255639,El Cururo incomprendido y otros cuentos,"Morel, Alicia",Ch863/MOR/cu,INFAN
000255664,Cuero de diablo : cuentos,"Blanco, Guillermo",Ch863/BLA/cu,LITCH
000255676,Gracia y el forastero,"Blanco, Guillermo",Ch863/BLA/gr,LITCH
000255755,Crónica del pájaro que da cuerda al mundo,"Murakami, Haruki",895.63/MUR/cr,LITGE
000255761,Emilia : Cuatro enigmas de verano,"Balcells, Jacqueline",Ch863/BAL/emc,LITCH
000255779,Mala onda,"Fuguet, Alberto",Ch863/FUG/ma,JUVEN
000255780,La hojarasca,"García Márquez, Gabriel",C863/GAR/ho,LITGE
000255793,Los ojos del perro siberiano,"Santa Ana, Antonio",A863/SAN/oj,LITGE
000255934,El secreto del Dresden,"Rojas M., Alberto",Ch863/ROJ/se,LITCH
000255936,El topo,"Le Carré, John",823/LEC/to,LITGE
000255943,"Conversaciones con Nicanor Parra : Chicago, 1987","Costa, René de",Ch861/PAR/co,LITCH
000255966,El ferrocarril subterráneo,"Whitehead, Colson",813/WHI/fe,LITGE
000255993,Los magnates de la prensa,"Monckeberg, María Olivia",302.230983/MON/ma,GENER
000256020,Rescate mortal : la última salida,"Venegas Sepúlveda, Eduardo",Ch863/VEN/ul,LITCH
000256058,Sin recreo,"Márquez Colodro, Daniela",Ch863/MAR/si,JUVEN
000256078,"Tal vez sí, tal vez no","Marín, Germán",Ch863/MAR/ta,LITCH
000256097,El sol de Adela,"Arce, María José",Ch863/ARC/so,LITCH
000256098,Juguemos a hacer yoga,"Pajalunga, Lorena V",613.7046/PAJ/ju,INFAN
000256099,Hija de las tinieblas : reclama el trono,"White, Kiersten",813/WHI/hi,LITGE
000256118,Zahorí II : revelaciones,"Valenzuela León, Camila",Ch863/VAL/zre,JUVEN
000256130,Christine,"King, Stephen",813/KIN/Ch,LITGE
000256251,Lo que fue de ella,"Forman, Gayle",813/FOR/lo,LITGE
000256364,La caída de un libertino,"Miller, Raine",813/MIL/ca,LITGE
000256516,Blue,"Steel, Danielle",813/STE/bl,LITGE
000256549,Iquique en 100 palabras,Concurso de Cuentos Breves,Ch863.008/CON/iq,LITCH
000256842,El Capitán Calzoncillos,"Pilkey, Dav",813/PIL/ca,JUVEN
000257142,Cuentos del mundo en décimas chilenas,"Pérez, Eustaquio",Ch861/PER/cu,INFAN
000257330,Me han dicho que la luna,"Codina, Conce",843/JAR/me,INFAN
000257480,Hispanoamérica en diez novelas,"Sepúlveda Llanos, Fidel",H863.09/SEP/hi,LITGE
000257498,El corazon de Marion,"Kogan, Mariela",A863/KOG/co,INFAN
000257551,Libro de mal amor,"Iwasaki Cauti, Fernando",Pe863/IWA/hi,LITGE
000257631,Llévame al cielo,"Guelfenbein, Carla",Ch863/GUE/ll,LITCH
000257730,Romance del duende que me escribe las novelas,"Rivera Letelier, Hernán",Ch863/RIV/ro,LITCH
000257731,Sin tolerancia 2,Malaimagen,741.5983/MAL/si,COMIC
000257746,El despertar de la señorita Prim,"Sanmartin Fenollera, Natalia",863/SAN/de,LITGE
000257767,El superzorro,"Dahl, Roald",823/DAH/su,LITGE
000257847,"Rafaela y Héctor, mellizos de cauquenes : región del Maule","Maldonado, Emma",305.23098335/MAL/ra,INFAN
000257948,Robin Hood,"Pyle, Howard",813/PYL/ro,LITGE
000257964,Asesinato en el Canadian Express,"Wilson, Eric",C813/WIL/as,JUVEN
000258033,Max Urdemales en la recta provincia,"Ortega, Francisco",Ch863/ORT/ma,INFAN
000258116,Canción para caminar sobre las aguas,"Rivera Letelier, Hernán",Ch863/RIV/ca,LITCH
000258119,Donde mueren los valientes,"Rivera Letelier, Hernán",Ch863/RIV/do,LITCH
000258125,Historia de amor con hombre bailando,"Rivera Letelier, Hernán",Ch863/RIV/hi,LITCH
000258160,Juan Buscamares,"Vega, Félix",741.5983/VEG/ju,COMIC
000258221,Coco : la novela,"Cervantes, Ángela adaptadora",813/CER/co,JUVEN
000258516,La contadora de películas,"Rivera Letelier, Hernán",Ch863/RIV/co,LITCH
000259004,Hijos de la ira,"Urrutia Ruiz, Andrés",Ch863/URR/hi,LITCH
000259176,El hijo del jugador,"Allard, Sergio",Ch863/ALL/hi,LITCH
000259179,El hombre que miraba al cielo,"Rivera Letelier, Hernán",Ch863/RIV/ho,LITCH
000259183,El silencio de los malditos,"Pinto, Carlos",Ch863/PIN/si,LITGE
000259186,Magnus Chase y los dioses de Asgard lll : el barco de los muertos,"Riordan, Rick",813/RIO/mab,LITGE
000259276,Chile soy yo : historias de nuestra tierra,"Montt, Sara, coordinadora",Ch860/ChI/so,LITCH
000259519,Emigrantes,"Tan, Shaun",A823/TAN/em,JUVEN
000259527,Guía para la elaboración de proyectos con perspectiva de género,Comunidad Mujer,305.4/GUI/pa,GENER
000259555,Liga de la justicia : origen,"Johns, Geoff",741.5973/JOH/li,COMIC
000259558,"John Constantine, Hellblazer : vertigo : pecados originales","Délano, Jamie",741.5973/DEL/jo,COMIC
000259568,Superman : hijo rojo,"Millar, Mark",741.5973/MIL/su,COMIC
000259570,Superman : all star,"Morrison, Grant",741.5973/MOR/sal,COMIC
000259571,Sin city : el duro adiós,"Miller, Frank",741.5973/MIL/si,COMIC
000259643,Batman : año uno,"Miller, Frank",741.5973/MIL/bañ,COMIC
000259648,"La canción de la espada : sajones, vikingos y normandos","Cornwell, Bernard",823/COR/ca,LITGE
000259649,Territorios invisibles : imaginarios de la poesía en provincia,"Moncada Mijic, Felipe",Ch860.9/MON/te,LITCH
000259668,Capitán América : la muerte del Capitán América,"Brubaker, Ed",741.5973/BRU/cmu,COMIC
000259670,Alhué y otras prosas,"González Vera, José Santos",Ch860/CON/al,LITCH
000259677,El topo de Alejandro Jodorowsky,"Plaza Santibáñez, Vicente",741.5983/PLA/to,COMIC
000259717,La conspiración de Babel,"Goles, Eric",Ch863/GOL/co,LITCH
000259724,"Lita, la niña del fin del mundo","Río, Ana María del",Ch863/RIO/li,LITGE
000259732,La poesía terminó conmigo : vida de Rodrigo Lira,"Careaga C., Roberto",928.61/LIR/ca,LITGE
000259747,La cuenta mundo,"Mistral, Gabriela",Ch861/MIS/cu,LITCH
000259749,Zapatitos con sangre : 66 poetas del fútbol,"Munita Fritis, Víctor",Ch861/MUN/za,LITCH
000259905,Teatro escolar representable 4 : Teatro chileno,"Piña, Juan Andrés",Ch862/TEA/te,LITCH
000259977,La momia del salar,"Bertrand Donoso, Sara",Ch863/BER/mo,LITGE
000259985,Cómo domesticar a tus papás,"Paredes, Mauricio",Ch863/PAR/co,LITCH
000260029,Concurso Historias de nuestra tierra,Fundación Comunicaciones,Ch863/HIS/nu,LITCH
000260058,Los mejores amigos,"Anderson, Rachel",823/AND/me,LITGE
000260062,Inferno,"Brown, Dan",813/BRO/in,LITGE
000260081,El ascenso de la Torre Oscura,"Dahl, Michael",813/DAH/as,JUVEN
000260255,"El caso de la máscara de Jade : serie policial ""Cuatro Ojos""","Valenzuela, José Ignacio",Ch863/VAL/ca,LITCH
000260256,Las estrellas de Simona = Simona's stars,"García C., Amparo",Ch863/GAR/es,INFAN
000260259,9 months after,"Farías, Coke",741.5983/FAR/ni,COMIC
000260264,Cianuro espumoso,"Christie, Agatha",823/ChR/ci,LITGE
000260285,R y Julie,"Marion, Isaac",813/MAR/ry,JUVEN
000260394,Elige tu pasado,"Oses, Darío",Ch863/OSE/el,LITCH
000260397,Los pecosos,"Paz, Marcela",Ch863/PAZ/pe,JUVEN
000260400,Líneas de fuga,"Gutiérrez, Oscar",741.5983/GUT/li,LITGE
000260403,Escritores en el zaguán,"Valdivia, Rosa, compiladora",Ch861.008/ESC/za,LITCH
000260404,Desde Liverpool : entre puertos y estaciones,"Gaete, Rosa",Ch863/GAE/de,LITCH
000260405,Adiciones palermitanas,"Marín, Germán",Ch863/MAR/ad,LITCH
000260406,"Los Lagos, imaginario sur","Andrade-Cantero, Paola compiladora",Ch861/LOS/la,LITCH
000260407,Esto es,"Abalo, Milagros",Ch861/ABA/es,LITCH
000260448,Mujeres al fin del mundo,Ediciones Orlando,Ch861/MUJ7fi,LITCH
000260449,La lluvia lenta : letras de Gabriela Mistral,"Mistral, Gabriela",Ch861/MIS/ll,LITGE
000260453,Bajo el cerezo en flor : antología de haikus,"Ferrada, María José, compiladora",895.61/BAJ/ce,LITGE
000260459,Coplas a la muerte de su padre,"Manrique, Jorge, -",861/MAN/co,LITGE
000260465,Video killed the radio star,"Rojas Pachas, Daniel",Ch863/ROJ/vi,LITCH
000260486,"Patria negra, patria roja","Rodríguez Saavedra, Sergio",Ch861/ROD/pa,LITCH
000260487,Inevitable desastre,"McGuire, Jamie",813/MCG/in,LITGE
000260490,El tigre en la casa : una historia cultural del gato,"Van Vechten, Carl",814/VAN/ti,LITGE
000260509,La vida doméstica,"Rioseco, Marcelo",Ch861/RIO/vi,LITCH
000260516,El primer libro y otros poemas,"Fariña, Soledad",Ch861/FAR/pr,LITCH
000260518,Remedios caseros : poesía completa,"Rivera, Raúl",Ch861/RIV/re,LITCH
000260527,Diario de la renuncia,"Pesce, Franco",Ch863/PES/di,LITCH
000260554,Emilia y la dama negra,"Balcells, Jacqueline",Ch863/BAL/em,LITCH
000260555,El vampiro vegetariano,"Frabetti, Carlo",863/FRA/va,INFAN
000260575,Fatamorgana de amor con banda de música,"Rivera Letelier, Hernán",Ch863/RIV/fa,LITCH
000260811,Carmen : una adaptación de la ópera de Georges Bizet,"Ferrer, María Teresa adaptadora",Ch863/FER/ca,LITCH
000260881,La cabeza de Elena,"Aguilera Álvarez, Claudio",Ch863/AGU/ca,LITCH
000261021,Arte Mapuche,"Becco, Alejandra",709.0983/BEC/ar,LITGE
000261041,Lamentables datos animales,"Barker, Brooke",591/BAR/la,INFAN
000261105,Supertata vs. Míster Vil,"Paredes, Mauricio",Ch863/PAR/su,INFAN
000261141,Señal de abandono,"Tacla, Jorge",759.983/TAC/ca,LITGE
000261163,Del grito a la creación,"Castillo Salazar, Rayén",Ch862/CAS/del,LITCH
000261308,"Djadi, el niño refugiado","H rtling, Peter",833/HAR/di,LITGE
000261346,Con mirada de mujer,"Reyes Medina, Sofía",305.42/CON/mi,GENER
000261382,La ratoncita y la muralla roja,"Teckentrup, Britta",833/TEC/ra,INFAN
000261415,Estrella caída,"Dahl, Michael",813/DAH/es,JUVEN
000261417,La corona de lava,"Dahl, Michael",813/DAH/co,JUVEN
000261420,Lo que cayó del cielo,"Dahl, Michael",813/DAH/lo,JUVEN
000261431,Niños con cuento : antología literaria universal ilustrada,"Morales Ebner, Carla",808.88/NIÑ/cu,LITGE
000261442,Revista le trans,"Jeréz, Camilo",306.768/REV/le,GENER
000261446,Dios nos odia a todos : una historia de la peste,"Jara, Patricio",Ch863/JAR/di,LITCH
000261519,Ciudades de papel,"Green, John",813/GRE/ci,JUVEN
000261527,"Cuentos tuyos, cuentos mios, ... cuentos nuestros","Brown, Maite",Ch863/BRO/cu,LITCH
000261545,"Svein, el del caballo blanco","Cornwell, Bernard",823/COR/su,LITGE
000261562,Ratita Marita,"Güiraldes, Ana María",Ch863/GUI/ra,LITCH
000261568,Cómo leemos el mundo : antología literaria universal ilustrada,"Morales Ebner, Carla",808.88/COM/le,LITGE
000261590,Tres escenas en la vida de Alicia(s),"Neira Muñoz, Ángela",Ch862/NEL/tr,LITCH
000261652,Mujeres en tierra de hombres,"Haurie, Virginia",918.270082/HAU/mu,GENER
000261674,Estrella,"Fuentes, Roberto",Ch863/FUE/es,LITCH
000261695,Las chicas son de ciencias,"Cívico, Irene",925/CIV/Ch,JUVEN
000261839,"clickable poem@s, the hyper love-songs of lcd,deferentially","Correa-Díaz, Luis",Ch861/COR/cl,LITCH
000261881,Papelucho,"Paz, Marcela",Ch863/PAZ/pa,JUVEN
000261912,Terriers,"Gutiérrez, Constanza",Ch863/GUT/te,LITCH
000262022,Rana & sombra,"Poulsen, Birde",839.813/POU/ra,INFAN
000262032,Mataría por ella,"Miller, Frank",741.5973/MIL/ma,COMIC
000262088,La espada de cristal,"Aveyard, Victoria",813/AUE/es,LITGE
000262124,Soldados de honor,"Goldsworthy, Adrian Keith",Ch863/BAL/cu,LITCH
000262267,Cielografía de Chile,"Pérez, Floridor",Ch861/PER/ci,LITCH
000262375,Las carreras de escorpio,"Stiefvater, Maggie",813/STI/ca,LITGE
000262435,Veinte poemas de amor y una canción desesperada,"Neruda, Pablo",Ch861/NER/ve,LITCH
000262496,Cosas que piensas cuando te muerdes las uñas,"Andrade, Amalia",808.87/AND/co,JUVEN
000262498,Niebla,"Unamuno, Miguel de",863/UNA/ni,JUVEN
000262521,Emilia : intriga en Quintay,"Balcells, Jacqueline",Ch863/BAL/emq,INFAN
000262620,Iris : flores de ceniza,"Temporin, Maurizio xD xD xD",853/TEM/ir,LITGE
000262785,Sumar,"Eltit, Diamela",Ch863/ELT/su,LITCH
000262810,Assassin's creed : 4 : Hawk,Corbeyran,741.5944/COR/aCh,JUVEN
000262811,Assassin's creed : 5: El Cakr,Corbeyran,741.5944/COR/acc,JUVEN
000262813,Empatía : guía para padres e hijos,"Fernández Bieberach, Patricia",152.41/FER/em,INFAN
000262815,Almácigo : poemas inéditos de Gabriela Mistral,"Mistral, Gabriela",Ch861/MIS/al,LITCH
000262845,Historia de un oso,"Herrera, Antonia",Ch863/HER/hi,INFAN
000262935,La dama de las camelias,"Dumas, Alexandre, escritor",843/DUM/da,LITGE
000262998,Patria,"Aramburu, Fernando",863/ARA/pa,LITGE
000263008,Cuentos,"Rojas, Manuel",Ch863/ROJ/cu,LITCH
000263032,La vida simplemente,"Castro, Oscar",Ch863/CAS/vi,LITCH
000263080,La cruz ardiente,"Gabaldon, Diana",813/GAB/cr,LITGE
000263129,Matadero Franklin : La leyenda del cabro,"Soto, Simón",Ch863/SOT/ma,LITCH
000263144,La torre oscura : El nacimiento del pistolero,"David, Peter",741.5973/DAV/tna,JUVEN
000263198,Pulsaciones,"Ruescas, Javier",863/RUE/pu,LITGE
000263200,"La selección, historias : la reina y la favorita","Cass, Kiera",813/CAS/ser,JUVEN
000263204,Por una rosa,"Gallego García, Laura",863/GAL/po,LITGE
000263210,"Francisca, yo te amo","Rosasco, José Luis",Ch863/ROS/fr,JUVEN
000263265,La luz cae vertical : antología bilingüe,"Lienlaf, Leonel",Ch861/LIE/lu,LITCH
000263274,El visitante extranjero,"Rojas Muñoz, Julio",Ch863/ROJ/vi,LITCH
000263392,Álbum de toda especie de poemas : antología personal,"Lihn, Enrique",Ch861/LIH/al,LITCH
000263571,Asteroides,"González, Pedro Antonio",Ch861/GON/as,LITCH
000263601,Las ovejas negras también tienen su lado bueno,"Serres, Alain",843/SER/ov,INFAN
000263617,Ciudad de ceniza,"Clare, Cassandra",813/CLA/ca,LITGE
000263648,El lobo hambriento : cuento de norteamérica,"Don, Lari",398.20973/DON/lo,INFAN
000263666,Pikinini,"Varas Calvo, José Miguel",Ch863/VAR/pi,JUVEN
000263751,Sueño de una noche de verano ; El mercader de Venecia,"Shakespeare, William",822.33/SHA/su,LITGE
000263809,Las aventuras de Cecilia : odio el colegio,"Trastos, Juan",741.5983/TRA/av,COMIC
000263942,El tatuador de Auschwitz,"Morris, Heather",A823/MOR/ta,LITGE
000263967,Varazones y naufragios,"Montealegre, Jorge",Ch861/MON/va,LITCH
000264027,La brecha,"Valdivieso, Mercedes",Ch863/VAL/br,LITCH
000264028,Las parejas hétero del siglo veinte,"Verdugo Arellano, Mario",Ch861/VER/pa,LITCH
000264029,El tiempo del ogro : cuentos,"Muñoz Valenzuela, Diego",Ch863/MUÑ/ti,LITCH
000264038,Dile que la amas : la pasión no tiene barreras,Carla y Cynthia,Ch863/CAR/di,LITCH
000264040,Las aventuras del Capitán Calzoncillos,"Pilkey, Dav",813/PIL/av,INFAN
000264041,El diario fantasma de Julito Cabello,"Cabezas, Esteban",Ch863/CAB/di,LITCH
000264042,El gran forastero,"González M., Mauricio",Ch863/GON/gr,LITCH
000264046,Ámbar en cuarto y sin su amigo,"Danziger, Paula",813/DAN/acu,LITGE
000264058,La vida secreta de los números,"Rivera, Vladimir",Ch863/RIV/vi,INFAN
000264067,Cuentos de buenas noches para niñas rebeldes,"Favilli, Elena",920.72/FAV/cu,INFAN
000264078,Maratón,"García Moggia, Macarena",Ch863/GAR/ma,LITCH
000264206,Pena de extrañamiento,"Lihn, Enrique",Ch861/LIH/pe,LITCH
000264216,La visión comunicable,"Valle, Rosamel del",Ch861/VAL/vi,LITCH
000264231,Origen,"Brown, Dan",813/BRO/or,LITGE
000264245,Renace de las sombras,"White, Kiersten",813/WHI/re,LITGE
000264265,Morirás en La Frontera : Capitán Garra 2 : novela gráfica,"Gai, José",741.5983/GAI/mo,LITGE
000264269,Quita y pon : [con un hilo de voz],"Uribe, María de la Luz",Ch863/URI/qu,LITCH
000264314,Fuentealba 1973,"Fuentealba, Ricardo",741.5983/FUE/fu,COMIC
000264315,Tomasito,"Cabal, Graciela",A863/CAB/to,INFAN
000264318,Cuaderno esclavo,"Olavarría, Rodrigo",Ch863/OLA/cu,LITCH
000264324,Lazarillo,"Cabrera Olea, Alejandro",Ch863/CAB/la,LITCH
000264329,Sábados,"Ferrada, María José",Ch863/FER/sa,INFAN
000264335,Estallidos en mi cabeza,"Colastica, Roland",839.313/COL/es,LITGE
000264405,Todos somos arquitectos,"Sahady, Antonio",720.1/SAH/to,INFAN
000264407,Ciencia en décimas para Violeta,"Guerrero Chinga, Alex",Ch861.008//CIE/de,LITCH
000264410,Tañi wüne chillkatupeyüm re mapudungun mew,"Garmendia, Nieves",498.361/GAR/ta,INFAN
000264413,Nunca os fiéis de los tigres : cuento de Corea,"Don, Lari",398.209519/DON/nu,INFAN
000264419,Leyendas americanas de la tierra,"Zeballos, Dorys recopiladora",398.2097/LEY/am,JUVEN
000264467,Las hijas del capitán,"Dueñas, María",863/DUE/h,LITGE
000264516,Batichino,"Fuentes, Roberto",Ch863/FUE/ba,INFAN
000264557,Assassin's creed : 6: Leila,Corbeyran,741.5944/COR/asl,JUVEN
000264641,La quinta estación,"Jemisin, NK",813/JEM/qu,LITGE
000264644,El portal de los obeliscos,"Jemisin, NK",813/JEM/po,LITGE
000264667,El pánico sexual de la muerte,"Sánchez, Rodrigo",Ch863/SAN/pa,LITCH
000264672,Ícaro en el corazón de Dédalo,"Lossani, Chiara",292.13/LOS/ic,JUVEN
000264673,La escapada de Ema,"Dossetti, Angélica",Ch863/DOS/es,INFAN
000264839,Ya nadie llora por mí,"Ramírez, Sergio",N863/RAM/ya,LITGE
000264905,Élmer y el clima,"McKee, David",823/MCK/el,INFAN
000264916,La gente opina,Oyemathias,741.5983/OYE/ge,COMIC
000264955,El coronel no tiene quien le escriba,"García Márquez, Gabriel",C863/GAR/co,LITGE
000264958,Tú no matarás,"Navarro, Julia",863/NAV/tu,LITGE
000264974,"Mi nombre es Stilton, Geronimo Stilton","Keys, Larry, ilustrador",853/MIN/st,LITGE
000265006,Aquí estamos : notas para vivir en el planeta Tierra,"Jeffers, Oliver",I823/JEF/aq,INFAN
000265033,El Estado y las mujeres,"Arce Riffo, Javiera",305.420983/EST/mu,GENER
000265035,Cuentos con sal y sol,"Güiraldes, Ana María",Ch863/GUI/cu,LITCH
000265045,Cecilia de Marsilly,"Dumas, Alexandre",843/DUM/ce,LITGE
000265084,Relatos de diez mundos,"Clarke, Arthur Charles",823/CLA/re,LITGE
000265125,Matilde,"Martinez Arroyo, Carola",Ch863/MAR/ma,JUVEN
000265213,Coyhaiqueer : una novela,"Coñuecar, Ivonne",Ch863/COÑ/co,LITCH
000265226,Los saberes de mi abuela,"Santa Cruz, Paola",Ch863/SAN/sa,INFAN
000265228,Historias del reino vigilado : primera antología poética 1964-1980,"Nómez, Naín",Ch861.008/NOM/hi,LITCH
000265232,Sobreruedas,"Frankel, Yael",649.68/FRA/so,INFAN
000265240,Elmer y Rosa,"McKee, David",823/MCK/ero,INFAN
000265243,La caída de Roma,"Carson, Anne",C811/CAR/ca,LITGE
000265263,Abuelo,"Scherfig, Lilja",839.813/SCh/ab,INFAN
000265321,Javiera ñi kimal wallmapu,"Vásquez Vásquez, Nadia",980.43/VAS/ja,INFAN
000265381,La noche de los Invunches,"Benavides, Felipe",741.5983/BEN/no,COMIC
000265409,El príncipe de los cuatro vientos,"Brennan, Michael Joseph",Ch863/BRE/pr,LITCH
000265460,Leo - León : las asombrosas aventuras de un perro campeón,"Cruz Valdivieso, Nicolás",Ch863/CRU/le,INFAN
000265569,Los sueños mágicos de Bartolo,"Paredes, Mauricio",Ch863/PAR/su,INFAN
000265614,Relatos populares,"Lillo, Baldomero",Ch863/LIL/re,LITCH
000265653,Lucila a través del río,"Villalobos, Camila",Ch863/VIL/lu,LITCH
000265707,Las noches de mi vida,"Mesa Salgado, Mónica",Ch861/MES/no,LITCH
000265724,Crónicas de Équilas : la Doncella del Corazón Negro,"D'Alessandri, Alejandro S",Ch863/DAL/cdo,LITCH
000265757,Fuera de lugar,"Contardo, Óscar",Ch868/CON/fu,LITCH
000265759,Fuego y sangre,"Martin, George R. R",813/MAR/fu,LITGE
000265764,La venganza de las cautivas,"López, Carmen Gloria",Ch863/LOP/ve,LITCH
000265778,Hermoso caos,"García, Kami",813/GAR/he,LITGE
000265883,Oliver y Rasmus son pololos,"Lauridsen, Irma",839.813/LAU/ol,LITGE
000265895,Manuscritos : poesía inédita,"Mistral, Gabriela",Ch861/MIS/ma,LITCH
000265907,Riedemann blues,"Riedemann, Clemente",Ch861/RIE/ri,LITCH
000265910,Muriendo por la dulce patria mia,"Castillo Sandoval, Roberto",Ch863/CAS/mu,LITCH
000265920,Mujeres de oscuro,"Barquero, Efraín",Ch861/BAR/mu,LITCH
000265929,Gol de oro,"Acero, Nibaldo",Ch863/ACE/go,LITCH
000265940,El Quijote : versión abreviada y adaptada al español de América,"Cervantes Saavedra, Miguel de",863/CER/qu,LITGE
000265941,Estética del tajo,"Smiths, Florencia",Ch861/SMI/es,LITCH
000265962,Sentimiento oceánico,"Rodríguez Macal, Virgilio",Ch861/ROD/se,LITCH
000265997,En el mismo río : (antología personal),"Harris, Thomas",Ch861/HAR/en,LITCH
000266011,El fantasista,"Rivera Letelier, Hernán",Ch863/RIV/fa,LITCH
000266056,Mi nombre es Malarrosa,"Rivera Letelier, Hernán",Ch863/RIV/mi,LITCH
000266058,Veinte poemas de amor y una canción desesperada,"Neruda, Pablo",Ch861/NER/ve,LITCH
000266062,Romance del duende que me escribe las novelas,"Rivera Letelier, Hernán",Ch863/RIV/ro,LITCH
000266072,Almas de rojo,"Solar, Francisca",Ch863/SOL/al,JUVEN
000266098,Imposible,Isol,A863/ISO/im,INFAN
000266138,La muerte del Comendador : Libro I : una idea hecha realidad,"Murakami, Haruki",895.63/MUR/mu,LITGE
000266145,Snacks : ricos fáciles y secretamente saludables,"Quiñones, Augusta autora xD",641.5635/QUI/sn,LITGE
000266184,Un mundo Feliz,"Huxley, Aldous",823/HUX/mu,LITGE
000266190,Confieso que he vivido : concurso literario,Concurso Literario Autobiográfico,Ch863.008/CON/co,LITCH
000266202,Los trenes se van al purgatorio,"Rivera Letelier, Hernán",Ch863/RIV/tr,LITCH
000266210,Himno del ángel parado en una pata,"Rivera Letelier, Hernán",Ch863/RIV/hi,LITCH
000266237,Pobres diablos,"Geisse Navarro, Cristián",Ch863/GEI/po,LITCH
000266255,Adela y los calcetines desaparecidos,"Herrera, Florencia",Ch863/HER/ad,LITCH
000266256,Insectopedia,"Aguilera Olivares, Daniel",595.7/AGU/in,INFAN
000266317,El hombre invisible,"Wells, H. G. Herbert George",823/WEL/ho,LITGE
000266318,El rey de amarillo,"Chambers, Robert William",813/ChA/re,LITGE
000266337,Los cuentos de Willy,"Browne, Anthony",823/BRO/cu,INFAN
000266388,La mirada secreta,"Hunter, Erin",813/HUN/pt,LITGE
000266460,Lunes o martes : cuentos y bosquejos,"Woolf, Virginia",823/WOO/lu,LITGE
000266504,Nohualhue : ida y vuelta : poesía 1964-2016,"Lara, Omar",Ch861/LAR/no,LITCH
000266533,El caso del Cerro Panteón,"Valenzuela, José Ignacio",Ch863/VAL/ca,JUVEN
000266588,Los detectives salvajes,Roberto Bolaño,Ch863/BOL/de,LITCH
000266606,Canto General,"Neruda, Pablo",Ch861/NER/ca,LITCH
000266621,La tormenta de cristal,"Rhodes, Morgan",c813/RHO/to,LITGE
000266630,Alejandro Magno [novela gráfica],"Morini, Manuel",741.5/MOR/al,JUVEN
000266687,Criacuervo,"Echeverri Benedetti, Orlando",C863/ECh/cr,LITGE
000266907,Prat : una tragedia,"Jara, Patricio",Ch863/JAR/pr,LITCH
000267129,Yastay : el niño que recuperó la memoria,"Bascuñan, Juan Francisco",Ch863/BAS/ya,INFAN
000267180,El último : historia de Samuel Huerta Mardones,"Saavedra Santis, Omar",Ch863/SAA/ul,LITCH
000267207,Cuatro travesías : relatos de jóvenes migrantes,"Gómez, Sergio",Ch863/CUA/tr,LITCH
000267208,Jahuel,"Cuneo, Bruno",Ch861/CUN/ja,LITCH
000267219,Finjo que leo,Shumeikers,741.5983/SHU/fi,COMIC
000267267,Escribir desde el trapecio,"Jeftanovic, Andrea",Ch863.09/JEF/es,LITCH
000267314,Un mundo raro,"Ferrada, María José",Ch863/FER/mu,LITCH
000267338,La piedad descalza,"Iommi Amunátegui, Godofredo",Ch863/IOM/pi,LITCH
000267373,¿Una simple pepa?,"Philippi I., Luz",575.68/PHI/un,INFAN
000267401,El cielo rojo del norte,"Jara, Patricio",Ch863/JAR/ci,LITCH
000267431,Una noche en el paraíso,"Berlin, Lucia",813/BER/no,LITGE
000267445,Tema libre,"Zambra, Alejandro",Ch864/ZAM/te,LITCH
000267449,Trauko : 30 aniversario especial migrantes ; Felix Vega a color,"Arroyo, Antonio",741.5983/TRA/tr,COMIC
000267510,Yovoy,"Díaz, Juan Manuel, ilustrador",U863/DIA/yo,JUVEN
000267543,"Prosa reunida : cuentos, crónicas, artículos y reseñas","Ruiz, Álvaro",Ch860/RUI/pr,LITCH
000267562,La Odisea,Homero,863.01/HOM/od,JUVEN
000267589,La Iliada,Homero,883.01/HOM/il,JUVEN
000267618,Otro país,"Ferrada, María José",Ch863/FER/ot,LITCH
000267663,La madre de Eva,"Ferreri, Silvia",853/FER/ma,LITGE
000267687,Jerónima,"Río, Ana María del",Ch863/RIO/je,INFAN
000267855,Cuentos de la granja,Anónimo,863/CUE/gr,INFAN
000267863,Los juegos del hambre,"Collins, Suzanne",813/COL/ju,JUVEN
000267893,Kafka y la muñeca viajera,"Sierra i Fabra, Jordi",863/SIE/ka,JUVEN
000267982,Documental,"Pinos, Jaime",Ch861/PIN/do,LITCH
000268016,Seudoaraucana y otras banderas,"Hernández, Elvira",Ch861/HER/se,LITCH
000268142,La muerte del comendador : Libro 2: Metáfora cambiante,"Murakami, Haruki",895.63/MUR/mu,LITGE
000268149,Un amor en Auschwitz : una historia real,"Paci, Francesca",853/PAC/am,LITGE
000268194,Incontables,"Lemebel, Pedro",Ch863/LEM/in,LITCH
000268204,Me llamo Pecas,"Díaz Reguera, Raquel",863/DIA/me,GENER
000268240,No se trata de mí,"Salazar, Constanza",Ch863/SAL/no,GENER
000268286,Hannes el pálido,"Gumpert, Steffen",833/GUM/ha,INFAN
000268328,Qué empiece la fiesta!,"García, Amparo",394.26983/GAR/qu,INFAN
000268336,Lobo,"Harris, Thomas",Ch861/HAR/lo,LITCH
000268361,Las oscurecidas,"García Palma, Carmen",Ch863/GAR/os,LITCH
000268362,El bosque chileno,"Neruda, Pablo",Ch861/NER/bo,LITCH
000268364,A dos metros de ti,"Lippincott, Rachael",813/LIP/ad,JUVEN
000268418,Allegados,"Garratt Viñes, Ernesto",Ch863/GAR/al,LITCH
000268423,Metraje encontrado,"Carrasco, Germán",Ch861/CAR/me,LITCH
000268431,"Historia de Mix, de Max y de Mex","Sepúlveda, Luis",Ch863/SEP/hi,INFAN
000268436,La Reina Isabel cantaba rancheras,"Rivera Letelier, Hernán",Ch863/RIV/re,LITCH
000268467,Los derechos de los niños,"Ferrada, María José",323.352/FER/de,INFAN
000268497,Axolotl,"Maturana, Andrea",Ch863/MAT/ax,INFAN
000268499,Mi extraño vecino,"Rivas, Fabián",Ch863/RIV/mi,LITCH
000268509,Escribir para abajo : poemas para gente reciente,"Kalawski, Andrés",Ch861/KAL/es,INFAN
000268510,"La gallina, el gato y el tribunal","Güiraldes, Ana María",Ch863/GUI/ga,INFAN
000268515,Las ventajas de ser invisible,"Chbosky, Stephen",813/ChB/ve,JUVEN
000268518,Mensaje recibido,"Ferrer, María Teresa",302.23/FER/me,INFAN
000268538,Héroes y leyendas del deporte chileno,"Simonetti, Marcelo",796.04/SIM/he,INFAN
000268688,Beto y Bella llegan a Chile,"Ramos M., Gary",V863/RAM/be,INFAN
000268752,Peter Pan,"Barrie, J. M",823/BAR/pe,JUVEN
000268824,El milagro chileno,"Formoso, Christian",Ch861/FOR/mi,LITCH
000268842,Poemas bolcheviques,"Cuevas, José Angel",Ch861/CUE/po,LITCH
000268845,Pena corporal,"Hernández, Elvira",Ch861/HER/pe,LITCH
000268968,El pequeño libro de grandes amigos,"Vásquez, Paula",649.68/VAS/pe,INFAN
000269013,Alucinados : un viaje a inconexia,"Lepe, Hugo",Ch863/LEP/al,LITCH
000269121,Herstory : una historia ilustrada de las mujeres,"Bastarós, María",305.409/BAS/he,GENER
000269128,El talento de Sapo,"Smythe, Richard",823/SMY/ta,INFAN
000269190,Imaginarios y periplos,"Soto García, Guillermo",Ch861/SOT/im,LITCH
000269200,Y si nevara este invierno?,"Roselló, Antonia",Ch863/ROS/si,INFAN
000269209,La cola del diablo,"Díaz Eterovic, Ramón",Ch863/DIA/co,LITCH
000269254,Libro de las preguntas : obra póstuma,"Neruda, Pablo",Ch861/NER/li,LITCH
000269266,Kintsugi,"Navia, María José",Ch863/NAV/ki,GENER
000269272,Mi cuerpo habla,"Fernández Bieberach, Patricia",612/FER/mi,INFAN
000269273,Guardianes,"Ferrada, María José",Ch861/FER/gu,INFAN
000269278,Son importantes las estrellas,"Zurita, Raúl",Ch864/ZUR/so,LITCH
000269294,La estación de las mujeres,"Guelfenbein, Carla",Ch863/GUE/es,LITCH
000269303,El reinado inmortal,"Rhodes, Morgan",C813/RHO/re,LITGE
000269333,Quique Hache detective : el misterio de los héroes del aire,"Gómez, Sergio",Ch863/GOM/qui,JUVEN
000269410,El festín de la muerte,"Díez de Palma, Jesús",863/DIE/fe,LITGE
000269525,Bruno y el big bang,"Contreras Ramos, Rodrigo Andrés",Ch863/CON/br,INFAN
000269546,Madame Bovary,Gustave Flaubert,843/FLA/ma,LITGE
000269566,El revés del alma,"Guelfenbein, Carla",Ch863/GUE/re,LITCH
000269632,Viaje a la tierra de los cuatro lugares,Maga Villalón,Ch863/MAG/vi,INFAN
000269654,Orgullo y prejuicio,"Austen, Jane",823/AUS/or,LITGE
000269718,Jazmín no quiere compartir,"Bernárdez, Andrea",A863/BER/ja,INFAN
000269816,Mis tres homicidios,"Rivano, Luis",Ch863/RIV/mi,LITCH
000269943,El gato en el congelador,"Maxwell, Laurence",Ch863/MAX/ga,LITCH
000269969,Trampa mortal,"Child, Lee",813/ChI/tr,LITGE
000269974,Confieso que he vivido : concurso literario autobiográfico,"Concurso Literario Autobiográfico Talca, Chile",Ch863.008/CON/ma,LITCH
000269994,Martina chupa por Chile,"Cañas, Martina",Ch863/CAÑ/ma,LITCH
000270012,República Nazi de Chile,"Basso, Carlos",Ch863/BAS/re,LITCH
000270034,Sueños alados : desde los multiversos virtuales,"Pastorelli Díaz, Patricio O",Ch863//PAS/su,LITCH
000270168,Luisa 1912 : feministas del Chile centenario,"Viviani, Daniela",Ch863/VIV/lu,LITGE
000270216,Las películas de mi vida,"Fuguet, Alberto",Ch863/FUG/pe,LITCH
000270236,Superanimales de Chile,"Kramer Hepp, Thomas",591.983/KRA/su,INFAN
000270266,Rapa Nui y el misterio de las patatas navegantes,"Bascuñan, Juan Francisco",Ch863/BAS/ra,LITCH
000270272,Los viajes en el tiempo de Mampato,"Vega, Oscar",741.5983/VEG/vi,INFAN
000270290,Las palabras mágicas,"Gómez Cerdá, Alfredo",863/GOM/pa,INFAN
000270391,"Frankenstein, o, el moderno Prometeo","Shelley, Mary Wollstonecraft",823/SHE/fr,JUVEN
000270401,"Y la muerte, su legado : juegos de guerra","Martin, George R. R",813/MAR/y,LITGE
000270406,Bodas de sangre ; Romancero gitano : textos íntegros,"García Lorca, Federico",862/GAR/bo,LITGE
000270415,Obras completas : 1910-2002 : cuentos-novelas-crónicas,"Cox Balmaceda, Virginia",Ch860.9/COX/ob,LITCH
000270445,Las renegadas : antología,"Mistral, Gabriela",Ch861/MIS/re,LITCH
000270500,La guerra de Mahler,"Sohr, Raúl",Ch863/SOH/gu,LITCH
000270634,Mexique : el nombre del barco,"Ferrada, María José",Ch861/FER/me,INFAN
000270667,Madlenka,"Sis, Peter",813/SIS/ma,INFAN
000270681,Zanjón de la Aguada,"Lemebel, Pedro",Ch868/LEM/za,LITCH
000270686,Diario de Greg : la horrible realidad,"Kinney, Jeff",813/KIN/dih,JUVEN
000270714,Algo nuevo anterior : (recuerdos),"Redolés, Mauricio",Ch868/RED/al,LITCH
000270717,Serotonina,"Houellebecq, Michel",843/HOU/se,LITGE
000270726,El visitante,"King, Stephen",813/Kin/vi,LITGE
000270762,Siddhartha,"Hesse, Hermann",833/HES/si,JUVEN
000270829,Lulú dice basta,"Araos, Josefa",Ch863/ARA/lud,GENER
000270835,Teno escribe a Teno : selección de relatos,"Power G.M., Favio",Ch863/TEN/es,LITCH
000270839,Antología poética de Linares,"Lagos, Antonio selección",Ch861.008/ANT/po,LITCH
000270846,Nueva dramaturgia maulina : obras escogidas,"Acuña Jara, Daniel",Ch862/OBR/es,LITCH
000270893,Diario de Greg : el arduo viaje,"Kinney, Jeff",813/KIN/dar,JUVEN
000270894,Diario de Greg : a toda marcha,"Kinney, Jeff",813/KIN/dat,JUVEN
000270918,Clasicos del mundo 12 titulos,Anónimo,741/CEN/cm,INFAN
000271010,50 Historias de mujeres y niñas que cambiaron el mundo,"Halligan, Katherine",920.72/HAL/ci,GENER
000271048,Élmer y el arcoíris,"McKee, David",823/MCK/el,INFAN
000271142,"Juan, Jose y Amapola","Castro, Trinidad",Ch863/CAS/ju,INFAN
000271148,Cesto de trenzas,"Litvinova, Natalia",891.71/LIT/ce,LITGE
000271192,Un esqueleto en vacaciones,"Río, Ana María del",Ch863/RIO/es,INFAN
000271231,La última cena de Joyce,"Ortega Parada, Hernán",Ch863/ORT/ul,LITCH
000271243,Paso de pasajes : crítica feminista,"Luongo, Gilda",Ch8687/LUO/pa,LITCH
000271304,El caso de la dama zurda,"Springer, Nancy",813/SPR/ca,LITGE
000271325,Qué son los mocos? : y otras preguntas raras que hago a veces,"León, Gabriel",507.8/LEO/qu,JUVEN
000271377,La buena educación,"Teillery, Amanda",Ch863/TEI/bu,LITGE
000271470,El príncipe Vainilla y la princesa Chocolate,"Huidobro, Norma",A863/HUI/pr,INFAN
000271473,Soñar no cuesta nada,"Montt, Alberto",Ch863/MON/so,INFAN
000271522,La última carta de amor,"Moyes, Jojo",823/MOY/ul,JUVEN
000271534,Alia y los tres gatos,"Hachimi Alaoui, Amina",892.73/HAC/al,INFAN
000271542,El río,"Gai, José, adaptador ilustrador",641.5983/GAI/ri,COMIC
000271554,Silencio Pitagórico,"Howe, Susan",811/HOW/si,LITGE
000271558,"Trilogía dramática : el casorio, el bautizo, el velorio","Salinas Santelices, Oscar",Ch862/SAL/tr,LITCH
000271565,A la sombra de Einstein,"Benedict, Marie",813/BEN/so,LITGE
000271631,Habla María : una novela gráfica sobre el autismo,"Fernández, Bernardo",741.5972/FER/ha,INFAN
000271640,¿Qué esconde Demetrio Latov?,"Durini, Ángeles",A863/DUR/qu,INFAN
000271649,Afrodita desenmascarada : una defensa del feminismo liberal,"Blanco, María",305.42/BLA/af,GENER
000271711,Nieve negra,"Valenzuela León, Camila",Ch863/VAL/ni,INFAN
000271765,Viaje a la tierra mas misteriosa de toda la tierra,"Villalón, Maga",Ch863/VILL/vi,INFAN
000271836,Panaderos,"Meneses, Nicolás",Ch863/MEN/pa,LITCH
000271872,Caupolicán,"Castro, Sebastián",741.5983/CAS/ca,COMIC
000271877,A mí también : la historia de abuso que marcó mi niñez,"Alarcón Agurto, María Fernanda",362.76/ALA/am,GENER
000271965,"Un animal, un voto","Herrera, Florencia",Ch863/HER/an,INFAN
000272400,O'Higgins : Una novela : volumen uno,"Inda G., Enrique",Ch863/IND/oh,LITCH
000272406,El autodidacta,"Rivera Letelier, Hernán",Ch863/RIV/au,LITCH
000272486,Las rayas del tigre,"Simonetti, Marcelo",Ch863/SIM/ra,INFAN
000272525,Qué se esconde dentro del cuerpo humano?,"Bestard, Aina",611/BES/qu,INFAN
000272592,Abuelita Opalina,"Puncel, María",863/PUB/ab,INFAN
000272653,Lemebel,"Bianchi, Soledad",Ch864/BIA/le,LITCH
000272804,Los últimos días de Clayton & Co,"Solar, Francisca",Ch863/SOL/ul,LITCH
000272895,El amante de Lady Chatterley,"Lawrence, D. H. David Herbert",823/LAW/am,LITGE
000272948,El instituto,"King, Stephen",813/KIN/in,LITGE
000272959,Teoría King Kong,"Despentes, Virginie",305.42/DES/te,LITGE
000272963,Macbeth,"Shakespeare, William",822.33/SHA/ma,JUVEN
000273020,En el horizonte se dibuja un barco,"Montero, Andrés",Ch863/MON/en,LITCH
000273062,Rallo,"Gómez, Sergio",Ch863/GOM/ra,JUVEN
000273121,La historia de Greta,"Camerini, Valentina",361.2092/CAM/hi,JUVEN
000273141,Cuando grande quiero ser,"Fuentes Hurtado, Roberto",Ch863/FUE/cu,INFAN
000273184,Ni calladitas ni perfectas,"Ugarte López, Nerea de",155.533/UGA/ni,GENER
000273224,La mansión del fauno,"Becker Daguerressar, Eduardo",Ch863/BEC/ma,LITCH
000273241,Qué sombra más larga tiene este gato!,"Vergara, René",Ch863/VER/qu,LITCH
000273248,Quiero ganar ese unicornio,"Santiago, Fabi",823/SAN/qu,INFAN
000273250,El lugar sin límites,"Donoso, José",Ch863/DON/lu,LITCH
000273254,Cuentos 2,"Poe, Edgar Allan",813/POE/cu,LITGE
000273293,La leyenda de la montaña de fuego,"Lark, Sarah",833/LAR/le,LITGE
000273370,El perro que Nino no tenía,"Vendel, Edward van de",839.313/VEN/pe,INFAN
000273437,Veinte poemas de amor y una canción desesperada,"Neruda, Pablo",Ch861/NER/ve,LITCH
000273461,El museo de la bruma,"Ghigliotto, Galo",Ch836/GHI/mu,LITCH
000273505,Ami el niño de las estrellas,"Barrios, Enrique",Ch863/BAR/am,JUVEN
000273644,Desde el archivo de la escena teatral : cuaderno pedagógico,"González Fulle, Beatriz",792.0983/DES/ar,GENER
000273676,Poemas y antipoemas (1954),"Parra, Nicanor",Ch861/PAR/po,LITCH
000273696,Rescate animal,"George, Patrick",823/GEO/re,INFAN
000273727,Súper ninja Kururo,"Torres, Marko",741.5983/TOR/su,COMIC
000273811,Drácula,"Stoker, Bram",I823/STO/dr,LITGE
000273896,Todas somos desplazadas,"Yousafzai, Malala",325.21/YOU/to,GENER
000273957,La trenza,"Colombani, Laetitia",843/COL/tr,LITGE
000274036,El viaje de Cilka,"Morris, Heather",A823/WOR/vi,LITGE
000274091,¡Hay que salvar a Sole!,"Dossetti, Angélica",Ch863/DOS/ha,LITCH
000274092,"Mac, el microbio desconocido","Solar, Hernán del",Ch863/SOL/ma,INFAN
000274093,La cabaña del tío Tom,"Stowe, Harriet Beecher",813/STO/ca,JUVEN
000274187,Recuerdos durmientes,"Modiano, Patrick",843/MOD/re,LITGE
000274196,Óscar,"Herrera, Florencia",Ch863/HER/os,INFAN
000274215,"Neke, su sombrero y las estrellas = NEKE, ihr Hut und die Sterne","Méndez Opazo, Juan Pablo",Ch863/MEN/ne,INFAN
000274227,Helena y el cosmos = Hélene et le cosmos,"Méndez Opazo, Juan Pablo",Ch863/MEN/he,INFAN
000274230,Fu quiere una estrella,"Méndez Opazo, Juan Pablo",Ch863/MEN/fu,INFAN
000274234,Chi y plutón = Chi e plutao,"Méndez Opazo, Juan Pablo",Ch863/MEN/Ch,INFAN
000274244,Attack on Titan : antología,"Isayama, Hajime, creador",741.5952/ATT/ti,JUVEN
000274251,Misión: exoplaneta [juego] : ¿habrá vida allá afuera?,Universidad de Antofagasta Chile,371.3370983/MIS/ex,INFAN
000274325,Produciendo Condorito,"Gaete, Tomás",741.5983/GAE/pr,COMIC
000274332,El piojo Saltarín : en la biblioteca,"Díez, Raquel",863/DIE/pi,INFAN
000274414,Ojos,"Pérez Pantoja, Mari",Ch863/PER/oj,INFAN
000274466,Juan Valiente : de esclavo a capitán con Pedro de Valdivia,"Carvajal, José",741.5983/CAR/ju,COMIC
000274527,Felpo,"Furnari, Eva",B869.3/FUR/fe,INFAN
000274530,Casas,"Dexet, Hector",728/DEX/ca,INFAN
000274545,¿Puedes encontrarme?,"Sajnani, Surya",649.68/SAJ/pu,INFAN
000274575,En familia,"Malot, Héctor",843/MAL/en,LITGE
000274624,Una papa en bicicleta,"Gravel, Élise",C813/GRA/pa,INFAN
000274640,Amor animal : una loca conquista,"Quinteros, Ángeles",591.562/QUI/am,INFAN
000274654,BTS : el libro imprescindible para los fans de los Bangtan Boys,"Croft, Malcolm",781.6605519/CRO/bt,JUVEN
000274756,Mi primer libro de relatividad,"Kaid-Salah Ferron, Sheddad",530.12/KAI/mi,JUVEN
000274779,Como tú : 20 relatos + 20 ilustraciones por la igualdad,"Marias, Fernando",863.008/COM/tu,GENER
000274869,Santa María de Iquique : [grabación sonora],"Tromben, Carlos",Ch863/TRO/sa,LITCH
000274937,Nunca jamás,"Martínez Arroyo, Carola",Ch863/MAR/nu,LITGE
000274968,"Las ""mentiras"" científicas sobre las mujeres","García Dauder, Silvia",305.48962/GAR/me,GENER
000275025,Por qué los perros mueven la cola? : y otras preguntas raras que hago a veces,"León, Gabriel",636.71/LEO/po,INFAN
000275175,Los tiempos cambian,"Doumerc, Beatriz",A863/DOU/ti,LITGE
000275177,El gato que volvió de la guerra,"Doumerc, Beatriz",A863/DOU/ga,INFAN
000275179,Brillarás,"Franco, Anabella",A863/FRA/br,JUVEN
000275230,Cómo ser un león,"Vere, Ed ilustrador",823/VER/co,INFAN
000275236,La mujer zurda,"Handke, Peter",A833/HAN/mu,LITGE
000275280,El clan Braniff,"Celedón Pinto, Matías",Ch863/CEL/cl,LITCH
000275323,La ciencia también es cosa de chicos,"Kunert, Cecilia compiladora",500.054/CIE/co,INFAN
000275391,Escrito en el agua,"Hawkins, Paula",823/HAW/es,LITGE
000275489,¡Fiesta! : cómo se celebra en América,"Quinteros, Ángeles",394/QUI/fi,INFAN
000275495,Contentos a la escuela!,"Mañeru, María",863/MAÑ/va,INFAN
000275568,Un partido diferente,"Peña, Javier",A863/PEÑ/pa,LITGE
000275576,A B C ilustrado de los quiltros,"Paz, Jorge de la",636.7/PAZ/ab,INFAN
000275582,"Frenillos, yo?","Milicic, Neva",Ch863/MIL/fr,INFAN
000275586,Ricardo el extraterrestre,"Neira Lorca, Juan",Ch863/NEI/ri,INFAN
000275609,"Arcano III, la emperatriz","Solís T., Valeria",Ch863/SOL/ar,LITCH
000275621,Cuentos reunidos,"Fuguet, Alberto",Ch863/FUG/cu,LITCH
000275629,Entrenieblas : novela,"Muñoz Valenzuela, Diego",Ch863/MUÑ/en,LITCH
000275650,Las horas de terciopelo,"Richman, Alyson",813/RIC/ho,LITGE
000275681,Gabriela Mistral : somos los andinos que fuimos,"Sepúlveda Eriz, Magda",Ch861/MIS/se,LITCH
000275691,Sofía y el mar,"Percival, Tom",863/PER/so,INFAN
000275694,Capilar,"Elphick L., Lilian",Ch861/ELP/ca,LITCH
000275708,Si mañana llueve : (obra escogida),Hurón Magma,Ch861/MAG/ma,LITCH
000275716,Palabras sin fronteras : notas sobre poesía chilena,"Hahn, Óscar",Ch861.09/HAH/pa,LITCH
000275718,Jim Morrison : el poeta del caos,"Bertocchini, Frederic",741.5944/BER/ji,JUVEN
000275758,Diccionario de citas literarias V,"Guerrero del Río, Eduardo",808.882/GUE/dic,LITGE
000275813,La Reina Isabel cantaba rancheras,"Rivera Letelier, Hernán",Ch863/RIV/re,LITCH
000275822,Carta al padre : y otros poemas,"Donoso González, Alexis",Ch861/DON/ca,LITCH
000275827,Hazañas del fogón : Kutral ñi weychan nutram,"Cañulef, Eliseo",Ch863/CAÑ/ha,LITCH
000275833,Leamos más cuentos,"Beuchat, Cecilia, autoria",Ch863/BEU/le,INFAN
000275895,El misterio Kinzel : el primer caso de Laura Naranjo,"Vargas, Valeria",Ch863/VAR/mi,LITCH
000275900,Poesía continua : (1966-2017),"Rojas, Waldo",Ch861/ROJ/po,LITCH
000275901,"Pequeñas recetas para escribir, amar y morir","Azar, Santiago",Ch861/AZA/pe,LITCH
000275909,Alfonsina : en busca de la verdad : ilustrado,"Cercós, Gaviota",741.5983/CER/al,COMIC
000275939,Mano abierta,"Zaldívar, María Inés",Ch861/ZAL/ma,GENER
000275941,Un mar de piedras,"Zurita, Raúl",Ch861/ZUR/ma,LITCH
000275945,Los huesos y otros cuentos,Penguin Random House,Ch863/HUE/ot,LITCH
000275946,Te convertirás en un extraño,"Campos Farfán, Nicolás",Ch863/CAM/te,LITCH
000275950,Nuestro che : un viaje a la utopía,"Serrano Ilabaca, Bruno",Ch863/SER/nu,LITCH
000275956,Pelagatos : tordos sobre un campo de rugby,"Valdovinos, Mario",Ch863/VAL/pe,LITCH
000275975,Crítica escogida,"Valente, Ignacio",801.950983/VAL/cr,LITGE
000276078,Ojo con el arte y los animales,"Bascuñan, Juan Francisco",709.83/BAS/oj,INFAN
000276092,Loreto poco hétero : soy hétero...solo que a veces se me olvida,"Rubio, Victoria",741.5983/RUB/lo,GENER
000276109,Chilenas rebeldes 2,"Cumplido, María José",920.720983/CUM/Ch,GENER
000276162,Poesía completa,"Neruda, Pablo",Ch861/NER/po,LITCH
000276268,Ella estuvo entre nosotros,"Fernández, Belén",Ch863/FER/el,GENER
000276316,Cartas sin dirección ; concurso literario para jóvenes,Concurso literario para jóvenes privados de libertad,Ch866/CON/ca,LITCH
000276360,No hay armazón que la sostenga : entrevistas con Diamela Eltit,"Eltit, Diamela",Ch860/ELT/no,LITCH
000276573,El ojo de Lilith : antología de microficcionistas chilenas,"Díaz Meza, Lorena, compiladora",Ch863.003/OJO/li,LITCH
000276600,Estampas de niña,"Couve Carrasco, Camila",Ch868/COU/es,LITCH
000276604,Tierra cruda,"Gil, Antonio",Ch863/GIL/ti,LITCH
000276647,Sudamerican dream : crónicas de Santiago fosforescente,"Andrade, Eduardo",Pe863/AND/su,LITGE
000276668,"Alien, el vecino del octavo","Spiotto, Joey",741.5973/SPI/al,INFAN
000276773,Mi primer libro de física cuántica,"Kaid-Salah Ferron, Sheddad",530.12/KAI/mif,JUVEN
000276781,Lo que más me gusta son los monstruos. Libro primero,"Ferris, Emil",741.5973/FER/lo,COMIC
000276975,Torbellino,"Poulsen, Birde",839.813/POU/to,INFAN
000277065,Cronosur : del desarrollismo al feminismo,"Ruíz Moscatelli, Rafael",338.98/RUI/cr,GENER
000277111,En aquel faro,"Rivera, Luisa",Ch863/RIV/en,INFAN
000277228,Sobre el movimiento de las estrellas fijas,Rodríguez Juan Pablo,Ch861/ROD/so,LITCH
000277292,Divina jauría,"Seguel Vorpahl, Luis",Ch863/SEG/di,LITCH
000277325,Cuentos de lo indecible,"Menares Jara, Johanna",Ch863/MEN/cu,LITCH
000277396,10 niñas piratas,"Cabezas, Esteban",Ch863/CAB/di,INFAN
000277534,La noche de Nandi,"Browne, Eileen",823/BRO/no,INFAN
000277559,Princesa... ¡a mi manera!,"Massad Rougier, Myrna",892.73/MAS/pr,INFAN
000277626,Pueblo frente al mar,"Schwartz, Joanne",C813/SCh/pu,INFAN
000277783,Las preguntas de Delfina,"Aguirre, Marisa",616.858842/AGU/pr,INFAN
000277956,Tus pies toco en la sombra y otros poemas inéditos,"Neruda, Pablo",Ch861/NER/tu,LITCH
000278131,Julito Cabello contra las tribus urbanas,"Cabezas, Esteban",Ch863/CAB/ju,JUVEN
000278344,La red,"Allegrini, Sara",853/ALL/re,JUVEN
000278354,Leseras,"Catulo, Cayo Valerio",871/CAT/le,LITGE
000278406,El arte de la guerra : Cómic,"Sunzi, s.VI a. C",741.5952/ART/gu,LITGE
000278408,Gafas : Estuve muerto y otros relatos,"Cisternas, Tomás",741.5983/CIS/ga,COMIC
000278444,Después de ti,"Moyes, Jojo",823/MOY/de,LITGE
000278456,Solo necesito un gato,"Montt, Alberto",741.5983/MON/so,INFAN
000278474,El caso de los extraños ramos de flores,"Springer, Nancy",813/SPR/cex,LITGE
000278499,Cómplice,"Vries, Anke de",839.31/VRI/co,LITGE
000278517,Voyager,"Fernández, Nona",Ch864/FER/vo,LITCH
000278614,Matilda,"Dahl, Roald",823/DAH/ma,LITGE
000278650,Obra reunida,"Mistral, Gabriela",Ch861/MIS/ob,LITCH
000278719,Y todo arde,"White, Kiersten",813/WHI/yt,LITGE
000278722,Milagros en Bicho Raro,"Stiefvater, Maggie",813/STI/mi,LITGE
000278764,La raíz,"Frattini Caica, Fita",498.3/FRA/ra,INFAN
000278769,Ahora Podemos,"Kreimer, Ariela",741.5982/KRE/ah,LITCH
000278864,El diablo a pata y otras historias,"González Lefno, Rubén",Ch863/GON/di,LITCH
000278920,"Rebeldía, resistencia, amor","Vega H., Daniela",927.920983/VEG/re,GENER
000278954,Casa propia,"Garratt, Ernesto",Ch863/GAR/ca,LITCH
000278995,Esto no prendió,Malaimagen,741.5983/MAL/es,COMIC
000279118,Parábola del sembrador,"Butler, Octavia E",813/BUT/pa,LITGE
000279132,Somos polvo de estrellas : para niños y niñas,"Maza, José",523.1/MAZ/so,INFAN
000279156,¡Contemos 5 ranas!,"Mena, Patricio",Ch863/MEN/co,INFAN
000279309,Maternidad,"Heti, Sheila",C813/HET/ma,GENER
000279315,Los errantes,"Tokarczuk, Olga Olga Nawoja",891.853/TOK/er,LITGE
000279443,A través de mi ventana,"Godoy, Ariana",V863/GOD/tr,LITGE
000279472,la realidad no es todo lo que ves,Luna Dangelis,863/LUN/re,LITGE
000279525,Bajo la cruz del sur,"Cerda, Patricia",Ch863/CER/ba,GENER
000279544,Bruno y la luz,"Contreras Ramos, Rodrigo Andrés",Ch863/CON/br,INFAN
000279595,Yo y el mundo : una historia infográfica,"Trius, Mireia",031.02/TRI/yo,JUVEN
000279605,Mamá desobediente : una mirada feminista a la maternidad,"Vivas, Esther",306.8743/VIV/ma,GENER
000279691,Ámbar quiere buenas notas,"Danziger, Paula",813/DAN/am,LITGE
000279720,Tu cerebro es genial,"Habinger, Esperanza",612.825054/HAB/tu,JUVEN
000279971,Frontera Sur,"Parvex, Guillermo",Ch863/PAR/fr,LITCH
000279999,Rapunzel con piojos,El Hematocrítico,863/HEM/ra,LITGE
000280214,Añañuca,"Morales Findel, Macarena",Ch863/MOR/añ,LITCH
000280228,Antología feminista,Las Tesis,305.42098/ANT/fe,GENER
000280339,Diario de Nikki 13 : un cumpleaños no muy feliz,"Russell, Rachel Renée",813/RUS/drc,JUVEN
000280348,Gambito de dama,"Tevis, Walter S",813/TEV/ga,LITGE
000280351,La cinta roja,"Adlington, Lucy",823/ADL/ci,LITGE
000280416,El hombre mandíbula de fierro,"Colleu, Gilles",843/COL/ho,INFAN
000280440,Papelucho gay en dictadura,"Sutherland, Juan Pablo",Ch863/SUT/pa,LITCH
000280460,El Negro tenía su historia,"Bonnefoy, Michel",741.5983/BON/ne,COMIC
000280476,La última carta de amor,"Moyes, Jojo",823/MOY/ul,LITGE
000280488,Mi marido es de otra especie,"Motoya, Yukiko",895.6/MOT/mi,LITGE
000280505,Así es mi familia,"Corral Yagnam, Paz",Ch863/COR/as,LITCH
000280544,Copo de nieve,"Davies, Benji",823/DAV/co,INFAN
000280550,Chino,"Ostornol A., Antonio",Ch863/OST/Ch,LITCH
000280584,Un verdor terrible,"Labatut, Benjamín",Ch863/LAB/ve,LITCH
000280593,La hija del tiempo,"Tey, Josephine",E823/TEY/hi 22,LITGE
000280617,El cocodrilo al que no le gustaba el agua,Gemma Merino,863/MER/co,INFAN
000280697,Abrázame : perrito,"Louwers, Tanja",649.58/LOU/ab,INFAN
000280792,El canto a lo poeta,"Ministerio de las Culturas, las Artes y el Patrimonio",Ch861.008/CAN/po,LITCH
000280865,Marte : la próxima frontera para niños y niñas,"Maza Sancho, José María",523.43/MAZ/ma,INFAN
000280905,"Narval, unicornio marino","Clanton, Ben",741.5/CLA/na,INFAN
000280923,Sobre el duelo,"Adichie, Chimamanda Ngozi",N824/ADI/so,LITGE
000280986,Idéntico a mi verso : antología poética para jóvenes lectores,"Uribe, Armando",Ch861/URI/id,LITCH
000281069,Mujeres que no perdonan,"Lackberg, Camilla",839.73/LAC/mu,LITGE
000281073,Despistado,"Serrano, Pepe",863/SER/de,LITGE
000281101,Penínsulas,"Ilabaca Núñez, Paula",Ch861/ILA/pe,LITCH
000281118,Próximos días,"Ortega, Francisco",Ch863/ORT/pr,LITCH
000281121,Balada,"Foerster Montecino, Cristián",Ch861/FOE/ba,LITCH
000281133,Cotillón en el capitalismo tardío,"Escobar, Joaquín",Ch863/ESC/co,LITCH
000281135,Los psychokillers,"Leonart, Marcelo",Ch863/LEO/ps,LITCH
000281152,Caperucita roja y el lobo feroz,"Grimm, Wilhelm Karl",833/GRI/ca,INFAN
000281189,"Anarquia sexual, feminismo y homosexualidad","Elberskirchen, Johanna",305.42/ELB/an,GENER
000281227,Nosotros en la luna,"Kellen, Alice",863/KEL/no,JUVEN
000281237,Sira,"Dueñas, María",863/DUE/si,LITGE
000281259,Valparaíso en escena,"Sentis Herrmann, Verónica compiladora",Ch862.008/VAL/es,LITCH
000281262,Las inseparables,"Beauvoir, Simone de",843/BEA/in,LITGE
000281280,Amigos,"Celis, Caro",Ch863/CEL/am,INFAN
000281296,Piñen,"Catrileo, Daniela",Ch863/CAT/pi,GENER
000281316,El secuestro de la hermana Tegualda,"Rivera Letelier, Hernán",Ch863/RIV/se,LITCH
000281321,Las heridas,"Uribe, Arelis",Ch863/URI/he,GENER
000281347,Ir al cielo y volver : mi camino con Matteo,"Varela, Leonor",927.920/VAR/ir,LITCH
000281361,Las aventuras de Tom Sawyer,"Chan, Crystal S",741.5973/ChA/av,COMIC
000281367,Príncipe Yu : la búsqueda del sol azul,"Carvajal, José",741.5983/CAR/pr,COMIC
000281412,Ninfa rota,"Gómez Cerdá, Alfredo",863/GOM/ni,LITGE
000281417,Safari,"Toro, Pablo",Ch863/TOR/sa,LITCH
000281457,El canario polaco,"Gómez, Sergio",Ch863/GOM/ca,LITCH
000281502,Los niños de Willesden Lane,"Golabek, Mona",813/GOL/ni,LITGE
000281509,Los carpinchos,"Soderguit, Alfredo",U863/SOD/ca,INFAN
000281554,Una niña con un lápiz,"Levín, Federico",A863/LEV/ni,LITGE
000281562,Un nuevo relieve,"Berenguer, Carmen",Ch861/BER/nu,LITCH
000281605,Apartamento 11,"Martínez, Mayi Eloísa",V863/MAR/ap,INFAN
000281615,Claves Ecofeministas,"Puleo, Alicia H",305.42/PUL/cl,GENER
000281640,Crónicas marcianas,"Bradbury, Ray",813/BRA/cr,LITGE
000281641,Enciclopedia de dinosaurios,"Colson, Rob",567.9103/COL/en,INFAN
000281701,El jardín de los inocentes,"Pinto, Carlos",Ch863/PIN/ja,LITCH
000281706,"Bienvenido a casa, castor!","Weightman, Magnus",823/WEI/bi,INFAN
000281743,La tarde de un escritor,"Handke, Peter",A833/HAN/ta,LITGE
000281746,Epifanía en el desierto,"Rivera Letelier, Hernán",Ch863/RIV/ep,LITCH
000281750,Horror es humano,"Pinto Canales, Pablo",Ch863/PIN/ho,LITCH
000281766,La magia del orden,"Kondo, Marie",645.5/KON/ma,LITGE
000281771,Obras completas : Teatro,"Requena, María Asunción",Ch862/REQ/ob,LITCH
000281773,"50 historias : de niños, niñas y jóvenes que cambiaron el mundo","Adams, Tom, xD",920/ADA/ci,INFAN
000281786,Ser lesbiana : un camino de individuación,"Guiñez P. , Carolina",306.7663/GUI/se,GENER
000281790,"Unheimlich : Poemas de amor, deseo y muerte","Harris, Thomas",Ch861/HAR/un,LITCH
000281803,Cuerpos emergentes,"Silva Segovia, Jimena",305.4/SIL/cu,GENER
000281838,Cardador,"Rojas, Natalia",Ch861/ROJ/ca,LITCH
000281844,La playa,"Undurraga, Sol",Ch863/UND/pl,INFAN
000281860,Ema y el Machitun : Cuento basado en la cosmovisión Mapuche,"Elton Duhart, Colomba",Ch863/ELT/em,INFAN
000281862,Rima adivina,"Rubio, Rafael",Ch861/RUB/ri,INFAN
000281871,Hacer las promesas realidad,Naciones Unidas Mujeres,305.42/HAC/pr,GENER
000282047,Manejo integral de residuos,"Meneses, Nicolás",Ch861/MEN/ma,LITCH
000282048,Mira el cielo : El paseo de Yakana,"Otero, Sofía",Ch863/OTE/mi,INFAN
000282075,Las uvas de la ira,"Steinbeck, John",813/STE/uv,LITGE
000282215,La gran carrera,"Doumerc, Beatriz",A863/DOU/gr,LITGE
000282234,Nosotros y el cambio climático,"Lara, Rodrigo",363.73874/LAR/no,INFAN
000282235,Somos diversidad,"Guerrero, Magdalena",305.8/GUE/so,JUVEN
000282245,"Yo, sustentable : construye una vida consciente","Bravo, Pamela",363.73874/BRA/yo,INFAN
000282251,Me visto de negro y qué,"Fuentes Hurtado, Roberto",Ch863/FUE/me,LITCH
000282343,Hombres inofensivos,"Tapia, Patricio",Ch863/TAP/ho,LITCH
000282376,Las niñas traviesas,"Lutzky, Marian",A863/LUT/ni,GENER
000282446,Pubertad en marcha,"Calvo, Gloria",612.661/CAL/pu,JUVEN
000282456,Los palacios interiores,"Rivera, Vladimir",Ch863/RIV/pa,INFAN
000282459,El secreto de los gatos,"Simonetti, Marcelo",Ch861/SIM/se,INFAN
000282517,Un volcán estalló en el mar,"Araneda Órdenes, Carola Josefa",741.5983/ARA/vo,COMIC
000282532,Alicia y el bosque de algas,"Valero, Myriam",5551.460983/VAL/al,INFAN
000282592,Nuestra piel muerta,"García Freire, Natalia",E863/GAR/nu,LITGE
000282605,Guía genial para una chica como tú,"Rodríguez, Nora",613.04243/ROD/gu,JUVEN
000282617,Migrantes,"Watanabe, Issa",325.0452/WAT/mi,INFAN
000282627,Freakshow : cinco historias de circo,"Matus, Álvaro",741.5983/MAT/fr,COMIC
000282671,En las montañas de la locura y otros relatos,"Lovecraft, H. P",813/LOV/en,LITGE
000282776,En blanco y negro,"Serrana, Elisa",Ch863/SER/en,LITCH
000282857,Fragmento del movimiento feminista de Chile,"Lorenzini, Kena, fotógrafa",305.420983/LOR/fr,GENER
000282870,Para chicas,"Cox, Lizzie",305.23/COX/pa,JUVEN
000282873,Heartstopper,"Oseman, Alice",741.5942/OSE/he,GENER
000282887,Lecciones de juventud,"Steel, Danielle",813/STE/le,LITGE
000282900,Cómo Fernando Pessoa puede cambiar su vida,"Pittella, Carlos",B869.1/PES/co,LITGE
000282912,He visto salir el sol en el invierno,"Durán, Claudio",Ch861/DUR/he,LITCH
000282914,La sangre tira : novela,"Readi Silva, Claudia",Ch863/REA/sa,LITCH
000282931,Nostalgia del desierto,"Brown, Carolina",Ch863/BRO/no,LITCH
000282947,1520 : cuentos del estrecho de Magallanes,"Stambuk M., Patricia",Ch863/STA/mi,LITCH
000282954,Cuentos inéditos & autobiografías,"Mistral, Gabriela",Ch860/MIS/cu,LITGE
000282958,9 kilómetros,"Aguilera Álvarez, Claudio",Ch863/AGU/nu,INFAN
000282978,"Crónicas, columnas y entrevistas","Brunet, Marta",Ch864/BRU/cr,LITCH
000282984,Blanco y negro : muy negro,"Núñez, Guillermo",Ch861/NUÑ/bl,LITCH
000282987,Ríos y provincias,"Reyes, Romina",Ch863/REY/ri,LITCH
000282990,La nariz,"Gogol, Nikolai Vasilievich",891.73/GOG/na,LITGE
000283048,Ella y los cerdos,"González, Leonardo",Ch862/GON/el,LITCH
000283063,En marcha : Movimientos sociales de ayer y hoy,"Montenegro, Sofía",303.484/MON/en,INFAN
000283105,El caso del abanico rosa,"Springer, Nancy",813/SPR/cab,LITGE
000283114,Las infames,"Cerda, Patricia",Ch863/CER/in,LITCH
000283254,Diario de Koro,"Carrasco Aguilar, Gastón",Ch864/CAR/di,LITCH
000283291,Me lo contaron mis abuelitos,Concurso Historias de Nuestra Tierra,Ch860.008/CON/me,LITCH
000283294,Los anteojos negros,"Doumerc, Beatriz",A863/DOU/an,INFAN
000283316,"Antología : cuentos, poemas, f",Concurso Historias de Nuestra Tierra,Ch860.008/ANT/cu,LITCH
000283339,Antonia va al río,Dipacho,C863/DIP/an,INFAN
000283344,Necesito un abrazo,"Blabey, Aaron",A823/BLA/ne,INFAN
000283346,Zooilógico,"Romero Linares, Raúl",793.735/ROM/zo,INFAN
000283352,Más niñas en ciencias,"Otero, Sofía",649.68/MAS/ni,JUVEN
000283384,Un cuento perfecto,"Benavent, Elísabet",863/BEN/cu,JUVEN
000283406,Una buena idea,"Doumerc, Beatriz",A863/DOU/bu,LITGE
000283415,Preguntas frecuentes,"Fernández, Nona",Ch863/FER/pr,LITCH
000283494,Siento mariposas en el celular,"Radrigán, Valeria",306.73/RAD/si,GENER
000283551,El universo según Carlota : asteroides y estrellas fugaces,"Paneque Carreño, Teresa",523.1/PAN/un,INFAN
000283556,Un amigo es una niebla,"Campos Farfán, Nicolás",Ch863/CAM/am,LITCH
000283569,Parestesia,"Alcaíno Piña, A",Ch863/ALC/pa,LITCH
000283662,Antártica : relatos de exploradoras en el corazón del planeta,"Politis, Nadia",918.3648/POL/an,GENER
000283664,Zona cero : novela,"Villarroel, Gilberto",Ch863/VIL/zo,LITCH
000283681,Peter Pan y Wendy,"Barrie, J. M",823/BAR/pe,JUVEN
000283756,Para Chicos,"Cox, Lizzie",305.23081/COX/pa,JUVEN
000283815,Melodía silenciosa,"Balogh, Mary",823/BAL/me,LITGE
000283854,Mientras Yubooh duerme,Paulinaapc,741.5983/PAU/mi,COMIC
000283887,Cajita de fósforos : antología de poemas sin rima,"Walsh, María Elena",H861.008/CAJ/fo,INFAN
000283892,Escribir & tachar : narrativas escritas por mujeres en Chile,"Kottow, Andrea",Ch809.89287/KOT/es,GENER
000283964,Santa María de las flores negras,"Rivera Letelier, Hernán",h863/RIV/sa,LITCH
000284008,En el lugar de la mano el ímpetu de un río,"Marchant, Julieta",Ch861/MAR/en,LITCH
000284027,Gente encerrada,"Padilla, Pablo",Ch863/PAD/ge,LITCH
000284068,María Luisa Bombal 110 años : antología ciudadana,"Bombal, María Luisa",Ch863/BOM/ma,LITCH
000284164,Rebeldías líricas (antología),"Gómez Rojas, José Domingo",Ch861/GOM/re,LITCH
000284166,Había luz o algo parecido a la luz,"Ferrada, María José",Ch861/FER/ha,LITCH
000284233,Masculinidades en América Latina : Veinte años de estudios,"Madrid, Sebastián compilador",305.31/MAS/am,GENER
000284245,Trama,"Brito, Eugenia",Ch861/BRI/tr,LITCH
000284338,Una luz sin borde,"Abalo, Milagros",Ch861/ABA/un,LITCH
000284377,Fahrenheit 451,"Bradbury, Ray",813/BRA/fa,LITGE
000284437,Herbario mistraliano,Gabriela Mistral,Ch860/MIS/he,LITCH
000284480,Históricas : movimientos feministas y de mujeres en Chile,"Gálvez Comandini, Ana",305.420983/GAL/hi,GENER
000284934,Hermanas,"Steel, Danielle",813/STE/he,LITGE
000284941,Historia de una ballena blanca,"Sepúlveda, Luis",Ch863/SEP/hi,LITCH
000285141,El castillo negro en el desierto,"Güiraldes, Ana María",Ch863/GUI/ca,LITCH
000285176,Los fantasmas de Pinochet,"Vega Encina, Félix",741.5983/VEG/fa,COMIC
000285359,El centro del centro y otros relatos circulares : cuento,"Vega Faúndez, Abraham",Ch863/VEG/ce,LITCH
000285389,"Mientras dormías, cantabas","Pino Luna, Nayareth",Ch863/PIN/mi,LITCH
000285498,Wolverine,"Ziggiotto, Loris adaptación",741.5973/WOL/wo,COMIC
000285763,País de nieve,"Kawabata, Yasunari",895.63/KAW/pa,LITGE
000285938,¡Nada me resulta!,"Milicic, Neva",Ch863/MIL/na,INFAN
000286137,Guardianes de la galaxia,"Quesada, Gonzalo traductor",741.5973/GUA/gu,COMIC
000286142,Avengers,"López, Uriel traductor",741.5973/AVE/av,COMIC
000286145,Iron Man,"Quesada, Gonzalo traductor",741.5973/IRO/ma,JUVEN
000286152,X-Men,"López, Uriel traductor",741.5973/XME/,JUVEN
000286156,Spider-Man,"García, Santiago traductor",741.5973/SPI/sp,COMIC
000286208,Alegría y Sofía : Kaos,"Thiers, Daniela",741.5983/THI/al,COMIC
000286339,Condorito,Pepo,741.59/PEP/co,COMIC
000286361,"Viejo, mi querido viejo : novela","Cusacovich, Cucha",Ch863/CUS/vi,LITCH
000286375,Voyager,"Fernández, Nona",Ch864/FER/vo,LITCH
000286476,Hamnet,"O'Farrell, Maggie",I823/OFA/ha,LITGE
000286520,Antología rokhiana,"Rokha, Pablo de",Ch861/ROK/an,LITCH
000286550,Libro de las huidas y de la hoguera : antología,"Cabello, César",Ch861/CAB/li,LITCH
000286618,Sirenas,"Love, Jessica",813/LOV/si,GENER
000286773,Cuentos junto al fogón : clásicos de la literatura infantil universal,"Peña Muñoz, Manuel, adaptador",808.83/CUE/ju,JUVEN
000286786,Juan tres dedos,"Gallardo, Segismundo",Ch863/GAL/ju,LITCH
000286835,El verano que mi madre tuvo los ojos verdes,"Tibuleac, Tatiana, xD",859.35/TIB/ve,LITGE
000286947,Madre medusa,"Crowther, Kitty ilustradora",B843/CRO/ma,INFAN
000287063,Un cocodrilo en el bolsillo,"Mena, Patricio",Ch863/MEN/co,LITCH
000287171,Los que susurran bajo la tierra,"Diamantino Valdés, Jesús",Ch863/DIA/su,LITCH
000287215,Los asuntos del prójimo,"Díaz Eterovic, Ramón",Ch863/DIA/as,LITCH
000287300,Poesía chilena en dictadura y postdictadura,"Alegría Corona, Diego",Ch861.09/POE/Ch,LITGE
000287305,Confieso que he vivido : concurso literario,Concurso Literario Autobiográfico,Ch863.008/CON/co,LITGE
000287306,Confieso que he vivido : concurso literario,Concurso Literario Autobiográfico,Ch863.008/CON/co,LITGE
000287308,La Araucana revisitada : representaciones visuales,"Mac-Millan, Mary",861.03/ARA/re,LITGE
000287334,El robo del niño,"Orellana, Cristian",Ch863/ORE/ro,LITCH
000287345,Cargar y descargar en el desierto de Atacama,"Ballester Riesco, Benjamín",388.044/CAE/de,LITGE
000287349,"El avión en Rapa Nui : culto cargo, integración y dependencia","Rojas Pantoja, Roberto",387.7/ROJ/av,LITGE
000287368,Confieso que he vivido : concurso literario,Concurso Literario Autobiográfico,Ch863.008/CON/co,LITGE
000287407,Pioneras : mujeres que cambiaron la historia,"Undurraga Schüler, Verónica",305.4350983/UND/pi,GENER
000287429,Diccionario Gonzalo Rojas : del abismo al zumbido,"Bradu, Fabienne, compiladora",808.882/DIC/go,LITGE
000287457,Cigarra,"Tan, Shaun",A823/TAN/ci,INFAN
000287473,De Gabriela a Gabriel,"Sepúlveda Arcay, Gabriel, xD",306.768/SEP/de,GENER
000287475,"""Tocopilla es un paraíso para los pescadores""","Galaz Fernández, Damir",639.2783/GAL/to,LITGE
000287509,Ópera del mar : álbum sonoro,"Bucham, Susannah",599/BUC/op,INFAN
000287581,"Dónde estás, mundo bello",Sally Rooney,I823/ROO/do,LITGE
000287592,Biodécimas : un canto a la diversidad Biológica de Chile,"Bustamante Araya, Ramiro",Ch861/BUS/bi,LITCH
000287601,Buscando a Alaska,"Green, John",813/GRE/bu,LITGE
000287605,Una raíz para Gustavo,"Casas, Jaime",Ch863/CAS/ra,LITCH
000287679,Quizás en otra vida,Taylor Jenkins Reid,813/REI/qu,LITGE
000287711,La vía damna,"Solar, Francisca",Ch863/SOL/vi,LITCH
000287772,Todo lo que no ves,"Roberts, Nora",813/ROB/to,LITGE
000288111,Tu cuerpo es tuyo,"Serrano Guerrero, Lucía",649.65/SER/tu,INFAN
000288140,María Luisa Bombal : el teatro de los muertos,"Zúñiga, Diego",Ch863.09/BOM/zu,LITCH
000288144,Sigamos leyendo cuentos,"Beuchat, Cecilia",Ch863/BEU/si,INFAN
000288185,Ceremonia de los nombres = Kawiñtun Üyelüwün Mew,"Huenún Villa, Jaime Luis",Ch898.1/HUE/ce,LITCH
000288244,Crin,"Reyes Macaya, Rodolfo",Ch863/REY/cr,LITCH
000288316,La hermandad de la casa grande,"Pérez Arroyo, Eduardo",Ch863/PER/he,LITCH
000288386,La última descendiente,"Riordan, Rick",813/RIO/ul,JUVEN
000288416,Canto general,"Neruda, Pablo",Ch861/NER/ca,LITCH
000288590,Todavía,"Andrade Ecchio, Claudia",Ch863/AND/to,LITCH
000288634,De bosque y cenizas,"Valenzuela León, Camila",Ch863/VAL/de,LITCH
000288653,Cachivaches,"Riveros, Diego",Ch863/RIV/ca,LITCH
000288715,Hechizo de sirena,"Lake, Amber",863/LAK/he,LITGE
000288765,Culpa nuestra,"Ron, Mercedes",863/RON/cu,LITGE
000288817,Poeta chileno,"Zambra, Alejandro",Ch863/ZAM/po,LITCH
000288824,"Kim Ji-young, nacida en 1982","Cho, Nam-ju",895.735/NAM/ki,GENER
000288845,Historias en la palma de la mano,"Kawabata, Yasunari",895.3/KAW/hi,LITGE
000288882,"Muerte de reyes : sajones, vikingos y normandos","Cornwell, Bernard",823/COR/mu,LITGE
000288892,Espantamiedos,"Ferrada, María José",Ch860/FER/es,INFAN
000289053,El amor es la respuesta,"Maier, Mónica",863/MAI/am,LITGE
000289069,Mi monstruo y yo,"Hussain, Nadiya",823/HUS/mi,INFAN
000289116,Ciencia para pasar el otoño,"Edelsztein, Valeria",508.2/EDE/cio,INFAN
000289129,Óscar : la historia de un lápiz,"Vásquez, Paula ilustradora",Ch863/VAS/os,LITCH
000289477,Como el agua y el fuego,"Bourdin, Fran oise",843/BOU/co,LITGE
000289687,Casa de tierra y sangre,"Maas, Sarah J",813/MAA/ca,LITGE
000289886,Faunánimo : la fauna chilena en caricaturas #LibroFaunánimo,"Infante, Tomás",741.5983/INF/fa,COMIC
000289890,Azulada,"Neumann Bertin, Carol",Ch863/NEU/az,INFAN
000290188,"Ay, William","Strout, Elizabeth",813/STR/ay,LITGE
000290196,La naturaleza del deseo,"Guelfenbein, Carla",Ch863/GUE/na,LITGE
000290208,Dune,"Herbert, Frank",813/HER/du,LITGE
000290211,El mesías de Dune,"Herbert, Frank",813/HER/me,LITGE
000290212,Hijos de Dune,"Herbert, Frank",813/HER/hi,LITGE
000290522,No quiero ser una rana,"Petty, Dev",813/PET/no,LITGE
000290545,El principito,"Saint-Exupéry, Antoine de",843/SAF/pr,INFAN
000290658,Mucho mucho,"Cooke, Trish",823/COO/mu,INFAN
000290662,Caballito blanco,"Valdes, Margarita",649.5/VAL/ca,INFAN
000290692,Al agua : álbum sonoro,"García, Sam",Ch861/GAR/al,INFAN
000290777,Conversaciones con Isidora Aguirre,"Aguirre, Isidora",Ch862/AGU/co,LITCH
000290799,Nick y Charlie,"Oseman, Alice, xD",823/OSE/ni,JUVEN
000290803,La ciudad de los animales,"Negrescolor, Joan, ilustrador",863/NEG/ci,INFAN
000290827,"Por ti, por mí, por todas : de niña a mujer feminista",Estefani con E,741.5983/BRA/po,COMIC
000290904,El libro negro de las horas,"García Sáenz, Eva",863/GAR/li,LITGE
000290955,Harry Potter y las reliquias de la muerte,"Rowling, Joanne Kathleen",823/ROW/hre,JUVEN
000291120,Luz en Berlín,"Cerda, Patricia",Ch863/CER/lu,LITCH
000291205,¿Qué tiene que ver la economía conmigo?,"Aravena Riveros, Tamara",330/ARA/qu,INFAN
000291362,Conociendo la flora y fauna con Abate Molina,"Miranda Urbina, Diego",590/CON/fl,INFAN
000291363,La piel del aire,"Lara, Omar",Ch861/LAR/pi,LITCH
000291523,Bodas de sangre ; Romancero gitano : textos íntegros,"García Lorca, Federico",862/GAR/bo,JUVEN
000291589,¿Todo puede ser arte? : un alfabeto visual,"Quinteros, Ángeles",372.41022/QUI/to,INFAN
000291594,Plántalo tú! : un alfabeto humanista,"Quinteros, Ángeles",372.41022/QUI/pl,INFAN
000291866,La gente como uno,"García Jiménez, Bernardita",Ch863/GAR/ge,LITCH
000291868,Estrategias del destino,"Lake, Amber",863/LAK/ES,LITGE
000291956,Voces en mi cabeza : novela,"Ricci, Anibal, author",Ch863/RIC/vo,LITCH
000292036,Matador,"Piroli, Wander",B869.3/PIR/ma,INFAN
000292182,La insoportable levedad del ser,Milan Kundera,891.863/KUN/in,LITGE
000292217,Formas de volver a casa,Alejandro Zambra,Ch863/ZAM/fo,LITCH
000292269,El niño Manuel,"Avello Gaete, David",Ch863/AVE/ni,LITCH
000292393,Promesas del pasado,"Lake, Amber",863/LAK/pr,LITGE
000292471,Sombra y hueso,"Bardugo, Leigh",813/BAR/so,LITGE
000292476,Mas cuentos de risa para aprender a leer con pictogramas,"Donada, Laura",863/DON/ma,INFAN
000292479,Ruina y ascenso,"Bardugo, Leigh",813/BAR/ru,LITGE
000292509,Feminismo ilustrado : ideas para combatir el machismo,"Murnau, María",305.42/MUR/fe,GENER
000292569,Agua y tierra : anfibios y reptiles de América,"Crump, Marty",597.9/CRU/ag,INFAN
000292615,Claire de Luz Marina,"Danticat, Edwidge",H843/DAN/cl,LITGE
000292641,Las tres hermanas : una novela de supervivencia,"Morris, Heather",A/MOR/tr,LITGE
000292781,Los nombres de los animales,"Barrera, Jazmina",462.03/SIL/an,INFAN
000293050,Crimen y castigo,Fiodor Dostoievski,891.73/DOS/cr,LITGE
000293053,Las malas,"Sosa Villada, Camila",A863/SOS/ma,GENER
000293132,El brillo de las luciérnagas,"Pen, Paul",863/PEN/br,LITGE
000293314,¿Qué se esconde dentro del bosque?,"Bestard, Aina",577.3/BES/qu,INFAN
000293687,La tierra en llamas : libro V de El último reino,"Cornwell, Bernard",823/COR/ti,LITGE
000293810,Mitos y leyendas de Chile,"Pérez, Floridor",398.20983/PER/mi,JUVEN
000294018,En un rincón de tu corazón,"Calderon Cubillos, Luis",Ch863/CUB/en,LITCH
000294311,El dragón de Jano,"Korschunow, Irina",833/KOR/dr,INFAN
000294373,Cuentos de animales,Anónimo,808.83/CUE/an,INFAN
000294426,El libro de los cinco anillos,"Miyamoto, Musashi",796.80952/MIY/li,LITGE
000294488,Imaginaria : antología poética de autoras del Valle de Aconcagua,"López, Marco",Ch861.008/ANT/po,LITCH
000294765,Diario de Greg : atrapados en la nieve,"Kinney, Jeff",813/KIN/gss,JUVEN
000294768,Diario de Greg : días de perros,"Kinney, Jeff",813/KIN/ddp,JUVEN
000294774,Diario de Greg : tres no es compañía,"Kinney, Jeff",813/KIN/dtc,JUVEN
000294777,Diario de Greg : mala suerte,"Kinney, Jeff",813/KIN/dma,JUVEN
000295021,Romper el círculo,Colleen Hoover,813/HOO/ro,LITGE
000295043,Los zapatos de mamá,"Mallea Maturana, Grace",Ch863/MAL/za,INFAN
000295063,Mi hermana no es rara,"Chadwick Carrasco, Catherine Virginia",Ch863/ChA/mi,INFAN
000295092,Sueño animal,"Lazzarino Binelli, Silvia",591.519/LAZ/su,JUVEN
000295299,¿Quién le teme a la poesía?,"Labraña, Marcela",808.81/LAB/qu,LITGE
000295526,"Secuestrados por las pantallas : una adicción en niños, niñas y adolescentes","Pérez Stephens, Carolina",302.222/PER/se,JUVEN
000295880,La ronda,"Mistral, Gabriela",Ch861/MIS/ro,INFAN
000296149,Yo exploro y cuido mi planeta : ¡únete a la defensa y cuidado del medioambiente!,"Vergara, Andrea",577/VER/yo,INFAN
000296160,Amanda Labarca : una antología feminista,"Abate Cruces, Jennifer",923.783/LAB/am,GENER
000296183,El tiempo de las estrellas : el cóndor de Panimávida,"Ulloa Rojos, Dora",Ch863/ULL/ti,LITCH
000296184,Relatos de Sebastián para otros,"Armstrong Merino, Sebastián",Ch863/ARM/re,INFAN
000296201,La hermana perla : la historia de Cece,"Riley, Lucinda",I823/RIL/hep,LITGE
000296387,Aletas y burbujas,"Gali, Mercé",649.68/GAL/al,INFAN
000296439,Carcoma,"Martínez, Layla",863/MAR/ca,LITGE
000296459,"Clara en la noche, Muriel en la aurora","Atria, Rodrigo",Ch863/ATR/cl,LITCH
000296466,Leyendas de pueblos originarios,"Álvarez Lazo, Juan Pablo",398.0983/ALV/le,JUVEN
000296584,El bosque,"Ilabaca, Sebastián",Ch863/ILA/bo,INFAN
000297016,Número equivocado,"Lincopil, Kati",Ch863/LIN/nu,LITCH
000297112,Hierba,Keum Suk Gendry-Kim,741.595195/GEN/hi,COMIC
000297142,Érase una vez un rebelde,"Putney, Mary Jo",813/PUT/er,JUVEN
000297250,El desierto__ : divagaciones sobre nuestro tiempo,"Warnken, Cristián",Ch864/WAR/de,LITGE
000297338,La madre de Frankenstein,"Grandes, Almudena",863/GRA/ma,LITGE
000297500,Paloma voló,"Guarda, María Jesús",Ch863/GUA/pa,INFAN
000297711,El viento conoce mi nombre,"Allende, Isabel",Ch863/ALL/vi,LITCH
000297936,Esteroides : narraciones anabólicas,"Acuña Lang, Felipe",Ch863/ACU/es,LITCH
000297946,María y el fuego,"García, Carmen",Ch863/GAR/ma,LITCH
000297949,Alberto el jugador,"Orrego de Uribe, Rosario",Ch863/ORR/al,LITCH
000297957,Tres inmensas novelas,"Huidobro, Vicente",Ch860/HUI/tr,LITCH
000297958,Para mañana : trilogía de dramaturgia para el futuro,"Acuña, Daniel",Ch862/ACU/pa,LITCH
000297971,Tríptico del secano,"Gil, Antonio",Ch863/GIL/tr,LITCH
000297987,Las trincheras de los cuidados comunitarios,"Gonzálvez Torralbo, Herminia",305.40983/TRI/cu,LITGE
000298001,El viaje del guarén Abelardo,"Cruz Valdivieso, Nicolás",Ch863/CRU/vi,INFAN
000298004,Mi primer libro para aprender el idioma rapa nui,"Garmendia, Nieves",499.4/GAR/ta,INFAN
000298007,La cofradía de la luz,"Rogers G., Mary",Ch863/ROG/co,LITCH
000298011,Los alquimistas del tiempo,"Tromben, Carlos",Ch863/TRO/al,LITCH
000298013,El húsar y el general : un canto ilustrado,"Olivos, Juan Pablo",741.5983/OLI/hu,COMIC
000298057,Abecedario animal,"González, Camilo",649.68/GON/ab,INFAN
000298058,"Café, conejo, hortensia, ausencia","Birkj r, Betina",839.813/BIR/ca,INFAN
000298063,Marea baja,"Acuña, Daniel",Ch863/ACU/ma,LITCH
000298070,La peste blanca : vivir o morir en un sanatorio,"Bombin Franco, Juan",Ch863/BOM/pe,LITCH
000298071,Tierno narrador,"Tokarczuk, Olga, Olga Nawoja",891.854/TOK/ti,LITGE
000298075,La pajarera,"Plaza Ávila, Eduardo",Ch863/PLA/pa,LITCH
000298079,Duele,"Barros, Pía",Ch863/BAR/du,LITCH
000298080,Ruta,"Plaza, Daniel",Ch863/PLA/ru,LITCH
000298090,La balada de la cárcel de Reading,"Wilde, Oscar",821/WIL/ba,LITGE
000298091,Escritoras Latinoamericanas,"Guerra Cunningham, Lucía",H860.09/GUE/es,GENER
000298092,"Mujer, nuestro silencio es su mejor arma : manual de autoayuda","Rubilar Navarro, Patricia",305.40983/RUB/mu,GENER
000298097,El vaso de leche,"Rojas, Manuel",Ch863/ROJ/va,LITCH
000298121,La superniña de las mariposas,"Cabrera Piñones, Luz",Ch863/CAB/su,INFAN
000298452,El ciclo del agua : para aprender el ciclo del agua,"Colas des Francs, Nicole",553.7/COL/vi,INFAN
000298933,Un nuevo barrio,"Hepp, Josefina",628.44/HEP/nu,INFAN
000299498,Háblame de amores,Pedro Lemebel,Ch868/LEM/ha,LITCH
000299567,El Golpe : un relato de memoria,"Martínez, Florencia, adaptadora",Ch862/MAR/go,LITCH
000299653,Un final inesperado,"Camil, Jerome, ilustrador",843/CAM/fi,LITGE
000299796,Ensayos sobre el patio y el jardín : Couve - Wacquez - Donoso,"Schoennenbeck, Sebastián",Ch860.9/SCh/en,LITCH
000300147,Amor en tiempos modernos : esto es una bomba.,India,152.41/IND/am,JUVEN
000300212,El club de los suicidas,"Sauvalle, Luis Felipe",Ch863/SAU/cl,LITCH
000300559,Expediciones domésticas,"Acevedo Ferrer, Cristóbal",Ch863/ACE/ex,LITCH
000300654,De ahí venía el miedo,"Marchant Lazcano, Jorge",Ch863/MAR/de,LITCH
000300667,"¿Un escritor? : (pesquisas en torno a ""la muerte del autor"")","Cinzano, Martín",E864/CIN/es,LITGE
000301312,Cómo dibujar y pintar caras expresivas,"Henderson, Amarilys",743.42/HEN/co,COMIC
000301767,Harry Potter y la piedra filosofal,"Rowling, J. K",823/ROW/hpi,JUVEN
000301818,Niños poetas : teatro,"Martínez, Florencia",Ch862/MAR/ni,LITGE
000302134,Un viaje inesperado,"Dossetti, Angélica",Ch863/DOS/vi,LITGE
000302323,País de nieve,Yasunari Kawabata,741.5952/UTS/pa,COMIC
000302457,Lingüística se escribe con A,"Moure, Teresa autora xD",306.44/MOU/li,GENER
000302462,"Adiós, pequeño","Huerta, Máximo",863/HUE/ad,LITGE
000302552,El arte de la alegría,"Sapienza, Goliarda autora xD",853/SAP/ar,LITGE
000302559,La abadía de Northanger,"Austen, Jane",823/AUS/ab,LITGE
000302561,La presidenta,"Giménez, Alicia",863/GIM/pr,LITGE
000302572,Las olas,"Woolf, Virginia",823/WOO/ol,LITGE
000302575,Dulce enemiga mía,"Serrano, Marcela",Ch863/SER/du,LITCH
000302587,Las emociones de Gastón : Estoy celoso,"Chien, Aurélie",843/ChI/em,INFAN
000302591,Mi cole : Un lugar lleno de magia,"Acevedo, Desirée autora xD",863/ACE/mi,INFAN
000302592,Querida pequeñaja,"Laden, Nina autora xD",813/LAD/qu,INFAN
000302670,"Diáfana luz impalpable : Obra reunida, tomo 1",Stella Corvalán,Ch861/COR/di,LITCH
000303233,El violinista de los brazos largos,"Güiraldes, Ana María",Ch863/GUI/vi,INFAN
000303290,Septología I-VII,"Fosse, Jon",839.823/FOS/se,LITGE
000303843,Relatos de bandidos chilenos,"Lihn, Enrique, compilador y prologuista",Ch863.008/REL/ba,LITCH
000303844,Teoría del polen,"Ramírez, Victoria",Ch861/RAM/te,LITCH
000303948,Tráeme un arcoiris : poemas mapuche para niños y niñas,"Huenún Villa, Jaime Luis",Ch898.1/HUE/tr,INFAN
000304042,Calfucoy con la tierra en los pies,"Toro, Cecilia",Ch863/TOR/ca,INFAN
000304396,Tras los gigantes del fin del mundo,"Guerrero S., Isabel",Ch863/GUE/tr,INFAN
000304398,Isla Decepción,"Flores, Paulina",Ch863/FLO/is,LITCH
000304626,Las hijas de la criada,"Ónega, Sonsoles",863/ONE/hi,LITGE
000304679,El chupacabras de Pirque,"Pelayo P., Pepe",Cu863/PEL/Ch,JUVEN
000304819,Narraciones extraordinarias,"Poe, Edgar Allan",813/POE/na,LITGE
000305234,Bordados,"Satrapi, Marjane",741.5955/SAT/bo,GENER
000305274,El buzón de las impuras,Francisca Solar,Ch863/SOL/bu,LITCH
000305799,Solo tú,"Estringana, Moruena",863/EST/so,LITGE
000305851,En agosto nos vemos,Gabriel García Márquez,C863/GAR/en,LITGE
000306054,Poesía reunida ; Ilustrada en convocatoria participativa,"Araya Brito, Clarisa",Ch861/ARA/po,LITCH
000306061,The black beetle en Kara bocek,"Francavilla, Francesco",741.5973/FRA/bl,COMIC
000306134,La ciudad y sus muros inciertos,Haruki Murakami,895.63/MUR/ci,LITGE
000306172,Lecciones de química,"Garmus, Bonnie",813/GAR/le,LITGE
000306308,Policía del karma,"Baradit, Jorge",741.5983/BAR/po,COMIC
000306421,Mientras tanto en la tierra,Oliver Jeffers,I823/JEF/mi,INFAN
000306488,Los bisontes,"Buitrago, Jairo",C863/BUI/bi,LITGE
000306566,Las lunas,"De Aboitiz, Victoria",612.662/DEA/lu,GENER
000306575,"Los señores del norte : sajones, vikingos y normandos","Cornwell, Bernard",813/COR/se,LITGE
000306582,Eternamente tú,"Estringana, Moruena",863/EST/et,LITGE
000306590,Érase una vez un soldado,"Putney, Mary Jo",813/PUT/er,LITGE
000306702,50 versos a lo poeta : a medio siglo del Golpe de Estado en Chile,"Astorga, Cecilia",Ch861/CIN/ve,LITCH
000306974,La comida de Edu,Anónimo,649.58/COM/de,GUAGU
000306975,La sonrisa de Crodo,Anónimo,649.58/SON/de,GUAGU
000306976,Un amigo para Hilda,Anónimo,649.58/PIR/da,GUAGU
000306977,Así es mi corazón,"Witek, Jo",843/WIT/as,LITGE
000306979,Bajo mi árbol,"Witek, Jo",843/WIT/ba,LITGE
000306988,Bill y Janet,"Donaldson, Julia",823/DON/bi,LITGE
000306991,Por siempre solo tú,"Estríngana, Moruena",863/EST/por,LITGE
000306992,Infinitamente tú,"Estríngana, Moruena",863/EST/in,LITGE
000306995,Sin segundo nombre ; 10 historias de Jack Reacher,"Child, Lee",823/ChI/si,LITGE
000306999,Mañana no estás,"Child, Lee",823/ChI/ma,LITGE
000307301,La navidad de los crayones,Drew Daywalt,813/DAY/ma,INFAN
000307358,El camino del arquero,"Coelho, Paulo",B869.3/COE/ca,LITGE
000307362,La catedral del mar,"Falcones de Sierra, Ildefonso",863/FAL/ca,LITGE
000307367,No te olvidaré,"Hoover, Colleen",863/HOO/no,LITGE
000307576,Condorito,Pepo,741.59/PEP/co,COMIC
000307919,No te detengas : 24 mujeres que cambiaron mundo,"Sanfelippo, Ana, ilustradora",305.44/NO/te,GENER
000307999,Nunca dejes de brillar,"Alonso, Sandra",863/ALO/nu,INFAN
000308001,Don Croqueto,"Floriano, María José",863/FLO/do,INFAN
000308008,El pacto del Letargo,"Prado, Miguelanxo",741.5946/PRA/pa,INFAN
000308012,Holly,"King, Stephen",813/KIN/ho,LITGE
000308102,Un remordimiento,"Cox-Stuven, Mariana",Ch863/COX/un,LITCH
000308110,Mitos y leyendas de la tierra y el agua : folclor y sabiduría popular,"Cock-Starkey, Claire",398.209/COC/mi,INFAN
000308491,Príncipe imperial,"Undurraga Romeo, Marco",793.73/UND/pr,JUVEN
000308493,Raíz adentro : (2000-2022),"Río, Alejandra del",Ch861/RIO/ra,LITCH
000308988,¡Estoy creciendo!,"Greener, Rachel",612.65/GRE/es,INFAN
000308992,One Piece,"Oda, Eiichiro",741.5952/ODA/on,COMIC
000308996,Joker,"García, Kami",741.5952/GAR/jo,COMIC
000309002,Los vengadores : desunidos,"Bendis, Brian Michael",741.5973/BEN/ve,COMIC
000309241,Tengo miedo torero,"Lemebel, Pedro",Ch863/LEM/te,LITCH
000309255,¡El león se ha encogido!,"Jung, Sung Hoon",895.73/JUN/le,INFAN
000309259,En la Jungla : encuentra quién se esconde,Anónimo,591.73/ENL/ju,INFAN
000309286,Horroroso Chile :  la obra de Enrique Lihn,"Arroyo González, Guido",Ch/861.09/LIH/ho,LITCH
000309314,El tiempo rescatado,"Vásquez, Alicia",Ch861/VAS/ti,LITCH
000309319,Cantares de vida,"Arcos Vera, Humberto",Ch861/ARC/ca,LITCH
000309353,Palabras mayores,"Guajardo Pérez, Sylvia Sandra",Ch863/PAL/ma,LITCH
000309356,Barrio Hondo,"Reyes, Tomás J",Ch861/REY/ba,LITCH
000309518,Un cuarto cuaderno? : Neruda antes de Neruda,"Olivares Briones, Edmundo",Ch861/NEP/cu,LITCH
000310023,Algo temporal,"Carrasco B., Paula",Ch863/CAR/al,LITCH
000310058,Carroña : cuentos,"Alcaíno, Raúl",Ch863/ALC/ca,LITCH
000310067,La vegetariana,Han Kang,895.73/HAN/ve,LITGE
000310593,El año de la ballena,"Parra, Marco Antonio de la",Ch863/PAR/año,INFAN
000310806,Únicas : la mujer a la luz de las neurociencias,"Braidot, Néstor",612.8/BRA/un,GENER
000310916,Secretos de panadería para niños,"Cruzat V., Alicia",641.815/CRU/se,INFAN
000310922,El Águila del Imperio,"Scarrow, Simón",853/SCA/ag,LITGE
000310935,Expediente Pania,"Sandín, Miguel",863/SAN/ex,LITGE
000311104,Adiós Luxonauta,"Espinoza Benavides, Leonardo",Ch863/ESP/ad,LITCH
000311537,La higuera,"Ibarbourou, Juana de",U863/IBA/hi,INFAN
000311809,"Eugenio Praz, el fantasma : ataque al inframundo","Gómez, Sergio",Ch863/GOM/eu,INFAN
000312046,El niño que perdió la guerra,Julia Navarro,863/NAV/ni,LITGE
000312754,El pincel mágico,"Jay, Fran oise",843/JAY/pi,INFAN
000312761,China roja,"Rokha, Pablo de",Ch861/ROK/Ch,LITCH
000313540,Una traición mística,Alejandra Pizarnik,A863.008/PIZ/tr,LITGE
000314442,Teniente Hernán Merino : centinela de la frontera,"Parvex, Guillermo",327.83082/PAR/te,LITGE
000314697,Cien años de soledad,Gabriel García Márquez,C863/GAR/ci,LITGE
000314988,Prohibido entrar,Francisca Solar,Ch863/SOL/pr,JUVEN
000315657,Las niñas del naranjel,Gabriela Cabezón Cámara,A863/CAB/ni,LITGE
000316036,El caballero de la armadura oxidada,Robert Fisher,813/FIS/ca,JUVEN
000316451,Mi nombre es Emilia del Valle,Isabel Allende,Ch863/ALL/mi,LITCH
000317312,Las mujeres que aman demasiado,Robin Norwood,155.6423/NOR/mu,GENER
000317615,Guerra y paz,Lev Tolstói,891.73/TOL/gu,LITGE
000318265,Anna Karenina,León Tolstoi,891.73/TOL/an,LITGE
000318361,Almas,Noemí Casquet,863/CAS/al,LITGE
000318841,Navidad en Hogwarts : de Harry Potter,J.K. Rowling,823/HAR/po,INFAN
000318976,Juegos de ingenio,John Katzenbach,813/KAT/ju,LITGE
000319202,El amor que dejamos atrás,Rebecca Yarros,813/YAR/am,LITGE
000319214,Calcetín con rombosman : el origen,María Eugenia Blanco y Pedro Peirano,Ch863/BLA,JUVEN
000319852,Temporada de huracanes,Fernanda Melchor,M863/MEL/te,LITGE
000320528,Diecinueve garras y un pajaro oscuro,Agustina Bazterrica,A863/BAZ/di,LITGE
000320634,La maldición de Hill House,Shirley Jackson,813/JAC/ma,LITGE
000320807,La muerte ajena,Claudia Piñeiro,A863/PIÑ/mu,LITGE
000320852,Estiro : un cuento de yoga,Rose Hakness,808.83/HAK/es,INFAN
000321644,Toy story 4 : la novela gráfica,Alessandro Ferrari,741.5973/FER/to,COMIC
000322960,Las diosas nunca envejecen,"Northrup, Christiane",613.04244/NOR/di,LITGE
000323890,Fahrenheit 451,Ray Bradbury,813/BRA/fa,LITGE
000324529,Una promesa de cien años,María Ignacia Urzúa Reyes,Ch863/URZ/pr,LITCH
000326580,Amancer en la cocecha,Suzanne Collins,813/COL/am,LITGE
000327726,Poesía completa,Alejandra Pizarnik,A861/PIZ/po,LITGE
000327726,Poesía completa,Alejandra Pizarnik,A861/PIZ/po,LITGE
